urban_rural,region,age,gender,education,employment_status,occupation,country_direction,economic_condition,presidents_performance,trust_president,corruption_level,handle_economy,handle_corruption,news_radio,news_tv,news_newspapers,news_social_media,news_internet,voted_last_election,party_voted_for,education_grouped,occupation_grouped
Urban,Nairobi,29.0,Woman,"Post-secondary qualifications, other than university e.g. a diploma or degree from a polytechnic or college",Unemployed (Not looking),Housewife / homemaker,Going in the right direction,Neither good nor bad,Strongly approve,Not at all,Stayed the same,Fairly well,Fairly well,Never,Every day,Never,Every day,Every day,I voted in the election,Orange Democratic Movement (ODM),Certificate/Diploma,Housewife
Urban,Machakos,24.0,Man,University completed,Unemployed (Actively looking),Student,Going in the right direction,Fairly bad,Approve,Somewhat,Increased somewhat,Fairly well,Very badly,A few times a month,A few times a week,Every day,Every day,Every day,I voted in the election,United Democratic Alliance (UDA),Bachelors Degree,Student
Urban,Machakos,34.0,Woman,Secondary school / high school completed,Employed (Part-time),Trader / hawker / vendor,Going in the wrong direction,Fairly bad,Approve,Just a little,Decreased a lot,Undecided/No Response,Fairly well,A few times a week,Every day,Never,Never,Never,I voted in the election,Would not vote,Secondary School,Trader
Urban,Machakos,45.0,Woman,Primary school completed,Employed (Full-time),"Artisan or skilled manual worker (e.g., trades like electrician, mechanic, machinist or skilled manufacturing worker)",Going in the wrong direction,Fairly bad,Strongly disapprove,Just a little,Increased a lot,Very badly,Very badly,Every day,Every day,Never,Never,Never,I voted in the election,Undecided/No Response,Primary School,Skilled/Unskilled Labor
Urban,Nairobi,23.0,Man,University completed,Unemployed (Not looking),Student,Going in the wrong direction,Neither good nor bad,Disapprove,Just a little,Increased a lot,Fairly well,Very badly,Less than once a month,Less than once a month,Never,Every day,Every day,I voted in the election,Orange Democratic Movement (ODM),Bachelors Degree,Student
Urban,Machakos,30.0,Man,Secondary school / high school completed,Employed (Full-time),"Unskilled manual worker (e.g., cleaner, laborer, domestic help, unskilled manufacturing worker)",Going in the right direction,Neither good nor bad,Strongly disapprove,Somewhat,Increased a lot,Very well,Fairly badly,Every day,Every day,Every day,Every day,Every day,I voted in the election,Orange Democratic Movement (ODM),Secondary School,Skilled/Unskilled Labor
Urban,Nairobi,65.0,Man,"Post-secondary qualifications, other than university e.g. a diploma or degree from a polytechnic or college",Employed (Part-time),"Artisan or skilled manual worker (e.g., trades like electrician, mechanic, machinist or skilled manufacturing worker)",Going in the wrong direction,Very bad,Approve,Just a little,Increased a lot,Fairly badly,Fairly badly,Every day,A few times a week,Less than once a month,Less than once a month,Less than once a month,I voted in the election,Orange Democratic Movement (ODM),Certificate/Diploma,Skilled/Unskilled Labor
Urban,Nairobi,30.0,Man,Some university,Employed (Full-time),Trader / hawker / vendor,Going in the wrong direction,Very bad,Disapprove,Not at all,Increased a lot,Very badly,Very badly,Never,Every day,Never,Every day,Every day,I voted in the election,Would not vote,Bachelors Degree,Trader
Urban,Nairobi,42.0,Man,Secondary school / high school completed,Unemployed (Actively looking),"Artisan or skilled manual worker (e.g., trades like electrician, mechanic, machinist or skilled manufacturing worker)",Going in the wrong direction,Very bad,Strongly disapprove,Not at all,Increased a lot,Fairly badly,Very badly,Every day,Every day,Every day,Every day,Every day,I voted in the election,Orange Democratic Movement (ODM),Secondary School,Skilled/Unskilled Labor
Urban,Nairobi,66.0,Woman,Secondary school / high school completed,Employed (Full-time),"Mid-level professional (e.g., teacher, nurse, mid-level government officer)",Going in the right direction,Fairly good,Approve,A lot,Undecided/No Response,Fairly well,Fairly well,Never,Every day,Every day,Every day,Undecided/No Response,I voted in the election,Undecided/No Response,Secondary School,Professional
Urban,Nairobi,45.0,Man,"Post-secondary qualifications, other than university e.g. a diploma or degree from a polytechnic or college",Employed (Full-time),"Unskilled manual worker (e.g., cleaner, laborer, domestic help, unskilled manufacturing worker)",Going in the wrong direction,Very bad,Strongly disapprove,A lot,Increased a lot,Very badly,Very well,Every day,Every day,Less than once a month,A few times a week,Every day,I voted in the election,Undecided/No Response,Certificate/Diploma,Skilled/Unskilled Labor
Urban,Nairobi,23.0,Man,University completed,Unemployed (Actively looking),"Mid-level professional (e.g., teacher, nurse, mid-level government officer)",Going in the wrong direction,Fairly bad,Strongly disapprove,Just a little,Increased somewhat,Fairly badly,Very badly,Every day,Every day,Never,Every day,Every day,I voted in the election,Orange Democratic Movement (ODM),Bachelors Degree,Professional
Urban,Nairobi,30.0,Woman,Secondary school / high school completed,Unemployed (Actively looking),Trader / hawker / vendor,Going in the wrong direction,Very bad,Disapprove,Just a little,Increased a lot,Fairly badly,Fairly badly,A few times a week,A few times a week,Less than once a month,Every day,Every day,I voted in the election,Orange Democratic Movement (ODM),Secondary School,Trader
Urban,Nairobi,30.0,Woman,Secondary school / high school completed,Employed (Full-time),Retail / Shop,Going in the wrong direction,Very bad,Strongly disapprove,Not at all,Increased a lot,Very badly,Very badly,Never,A few times a week,Never,Every day,A few times a week,I voted in the election,Orange Democratic Movement (ODM),Secondary School,Trader
Urban,Nairobi,40.0,Woman,Primary school completed,Unemployed (Actively looking),Trader / hawker / vendor,Going in the wrong direction,Very bad,Strongly disapprove,Not at all,Increased somewhat,Fairly badly,Fairly badly,Every day,A few times a week,Never,Never,Less than once a month,I voted in the election,Orange Democratic Movement (ODM),Primary School,Trader
Urban,Nairobi,24.0,Man,"Post-secondary qualifications, other than university e.g. a diploma or degree from a polytechnic or college",Employed (Full-time),"Unskilled manual worker (e.g., cleaner, laborer, domestic help, unskilled manufacturing worker)",Going in the right direction,Very bad,Disapprove,Not at all,Increased a lot,Fairly well,Fairly badly,A few times a week,A few times a month,A few times a month,A few times a week,A few times a month,I did not vote,Orange Democratic Movement (ODM),Certificate/Diploma,Skilled/Unskilled Labor
Urban,Nairobi,20.0,Woman,Secondary school / high school completed,Unemployed (Not looking),Never had a job,Going in the right direction,Neither good nor bad,Strongly approve,A lot,Decreased a lot,Fairly well,Very badly,Every day,A few times a week,Never,Never,Never,I voted in the election,Undecided/No Response,Secondary School,Undecided/No Response
Urban,Nairobi,22.0,Man,Secondary school / high school completed,Employed (Full-time),"Unskilled manual worker (e.g., cleaner, laborer, domestic help, unskilled manufacturing worker)",Going in the right direction,Fairly good,Disapprove,Not at all,Increased a lot,Very badly,Very badly,Every day,A few times a week,A few times a week,Every day,Every day,I did not vote,Undecided/No Response,Secondary School,Skilled/Unskilled Labor
Urban,Nairobi,51.0,Woman,Secondary school / high school completed,Employed (Full-time),Retail / Shop,Going in the wrong direction,Fairly bad,Approve,Just a little,Increased a lot,Fairly well,Very badly,Every day,Never,Less than once a month,A few times a week,Less than once a month,I voted in the election,National Rainbow Coalition,Secondary School,Trader
Urban,Nairobi,32.0,Woman,"Post-secondary qualifications, other than university e.g. a diploma or degree from a polytechnic or college",Employed (Full-time),Trader / hawker / vendor,Going in the wrong direction,Neither good nor bad,Approve,Not at all,Increased a lot,Very badly,Very badly,A few times a week,A few times a month,Never,Every day,Every day,I voted in the election,Undecided/No Response,Certificate/Diploma,Trader
Urban,Nairobi,24.0,Man,Primary school completed,Employed (Part-time),Trader / hawker / vendor,Going in the wrong direction,Fairly bad,Strongly disapprove,A lot,Increased a lot,Very badly,Very badly,A few times a week,A few times a week,Never,Never,Never,I voted in the election,Orange Democratic Movement (ODM),Primary School,Trader
Urban,Nairobi,25.0,Woman,University completed,Employed (Full-time),"Mid-level professional (e.g., teacher, nurse, mid-level government officer)",Going in the wrong direction,Fairly good,Strongly disapprove,Not at all,Increased a lot,Very badly,Very badly,Never,Every day,Never,Every day,A few times a month,I did not vote,Undecided/No Response,Bachelors Degree,Professional
Urban,Nairobi,28.0,Man,Secondary school / high school completed,Unemployed (Actively looking),Trader / hawker / vendor,Going in the wrong direction,Very bad,Strongly disapprove,Somewhat,Increased a lot,Fairly badly,Very badly,Every day,Every day,A few times a week,Every day,Every day,I voted in the election,Orange Democratic Movement (ODM),Secondary School,Trader
Urban,Nairobi,27.0,Man,"Post-secondary qualifications, other than university e.g. a diploma or degree from a polytechnic or college",Unemployed (Actively looking),"Artisan or skilled manual worker (e.g., trades like electrician, mechanic, machinist or skilled manufacturing worker)",Going in the right direction,Very bad,Strongly disapprove,Just a little,Increased a lot,Very badly,Very badly,Every day,A few times a week,A few times a week,Every day,Every day,I voted in the election,Undecided/No Response,Certificate/Diploma,Skilled/Unskilled Labor
Urban,Nairobi,42.0,Man,Secondary school / high school completed,Employed (Full-time),Trader / hawker / vendor,Going in the wrong direction,Fairly good,Approve,Just a little,Increased a lot,Fairly badly,Very badly,Never,Every day,Never,Every day,Every day,I voted in the election,Roots Party of Kenya (RPK),Secondary School,Trader
Urban,Nairobi,28.0,Woman,University completed,Employed (Full-time),"Upper-level professional (e.g., banker/finance, doctor, lawyer, engineer, accountant, professor, senior-level government",Going in the wrong direction,Very bad,Strongly disapprove,Not at all,Increased a lot,Fairly badly,Very badly,A few times a week,A few times a week,Less than once a month,Every day,Every day,I voted in the election,Orange Democratic Movement (ODM),Bachelors Degree,Professional
Urban,Machakos,20.0,Woman,Secondary school / high school completed,Unemployed (Actively looking),"Unskilled manual worker (e.g., cleaner, laborer, domestic help, unskilled manufacturing worker)",Going in the wrong direction,Very bad,Strongly disapprove,Just a little,Increased a lot,Fairly badly,Very badly,A few times a week,Never,A few times a week,A few times a week,A few times a week,I was too young to vote,Undecided/No Response,Secondary School,Skilled/Unskilled Labor
Urban,Nairobi,37.0,Woman,"Post-secondary qualifications, other than university e.g. a diploma or degree from a polytechnic or college",Unemployed (Actively looking),"Unskilled manual worker (e.g., cleaner, laborer, domestic help, unskilled manufacturing worker)",Going in the wrong direction,Very bad,Strongly disapprove,Not at all,Increased a lot,Very badly,Very badly,Every day,Every day,Less than once a month,Every day,Every day,I voted in the election,Would not vote,Certificate/Diploma,Skilled/Unskilled Labor
Urban,Nairobi,25.0,Woman,University completed,Employed (Part-time),"Mid-level professional (e.g., teacher, nurse, mid-level government officer)",Going in the wrong direction,Very bad,Strongly disapprove,Not at all,Increased a lot,Fairly badly,Very badly,A few times a month,A few times a week,Never,Every day,Every day,I did not vote,Would not vote,Bachelors Degree,Professional
Urban,Nairobi,34.0,Man,"Post-secondary qualifications, other than university e.g. a diploma or degree from a polytechnic or college",Employed (Full-time),Trader / hawker / vendor,Going in the right direction,Neither good nor bad,Strongly disapprove,Just a little,Increased a lot,Fairly badly,Very badly,Every day,A few times a week,A few times a week,A few times a week,A few times a week,I voted in the election,Undecided/No Response,Certificate/Diploma,Trader
Urban,Nairobi,27.0,Woman,"Post-secondary qualifications, other than university e.g. a diploma or degree from a polytechnic or college",Employed (Full-time),"Artisan or skilled manual worker (e.g., trades like electrician, mechanic, machinist or skilled manufacturing worker)",Going in the wrong direction,Fairly bad,Strongly disapprove,Not at all,Increased a lot,Very badly,Very badly,Never,Every day,Never,Every day,Every day,I voted in the election,Orange Democratic Movement (ODM),Certificate/Diploma,Skilled/Unskilled Labor
Urban,Machakos,30.0,Man,"Post-secondary qualifications, other than university e.g. a diploma or degree from a polytechnic or college",Unemployed (Actively looking),"Artisan or skilled manual worker (e.g., trades like electrician, mechanic, machinist or skilled manufacturing worker)",Going in the wrong direction,Very bad,Strongly disapprove,Not at all,Increased a lot,Fairly well,Very badly,Every day,Every day,Every day,Every day,Every day,I voted in the election,United Democratic Alliance (UDA),Certificate/Diploma,Skilled/Unskilled Labor
Urban,Nairobi,23.0,Woman,Some primary schooling,Employed (Part-time),"Unskilled manual worker (e.g., cleaner, laborer, domestic help, unskilled manufacturing worker)",Going in the right direction,Fairly good,Strongly disapprove,Not at all,Increased a lot,Fairly well,Fairly badly,A few times a month,Every day,Never,Never,Never,I did not vote,Would not vote,Primary School,Skilled/Unskilled Labor
Urban,Nairobi,36.0,Woman,Secondary school / high school completed,Employed (Part-time),Trader / hawker / vendor,Going in the right direction,Fairly good,Strongly approve,Somewhat,Stayed the same,Very badly,Fairly well,A few times a week,Every day,Never,Every day,Every day,I voted in the election,Would not vote,Secondary School,Trader
Urban,Nairobi,24.0,Woman,Intermediate school or Some secondary school / high school,Unemployed (Not looking),Student,Going in the wrong direction,Fairly good,Strongly disapprove,Not at all,Decreased somewhat,Fairly badly,Fairly badly,A few times a week,Every day,Never,Never,Less than once a month,I did not vote,Orange Democratic Movement (ODM),Secondary School,Student
Urban,Nairobi,26.0,Woman,Secondary school / high school completed,Unemployed (Actively looking),Trader / hawker / vendor,Going in the wrong direction,Very bad,Disapprove,Just a little,Increased somewhat,Very badly,Very badly,Every day,Every day,A few times a month,Every day,Every day,I did not vote,Orange Democratic Movement (ODM),Secondary School,Trader
Urban,Nairobi,56.0,Woman,Intermediate school or Some secondary school / high school,Employed (Part-time),Trader / hawker / vendor,Going in the right direction,Fairly good,Approve,Not at all,Increased a lot,Fairly badly,Very badly,Every day,Every day,Never,Never,Never,I voted in the election,United Democratic Alliance (UDA),Secondary School,Trader
Urban,Nairobi,29.0,Woman,"Post-secondary qualifications, other than university e.g. a diploma or degree from a polytechnic or college",Unemployed (Not looking),"Mid-level professional (e.g., teacher, nurse, mid-level government officer)",Going in the right direction,Fairly good,Strongly approve,Just a little,Stayed the same,Fairly well,Fairly well,Never,Every day,Never,Every day,Every day,I did not vote,Undecided/No Response,Certificate/Diploma,Professional
Urban,Nairobi,51.0,Man,Secondary school / high school completed,Employed (Part-time),"Unskilled manual worker (e.g., cleaner, laborer, domestic help, unskilled manufacturing worker)",Going in the wrong direction,Very bad,Disapprove,Somewhat,Increased somewhat,Fairly well,Fairly badly,A few times a week,Every day,Never,Every day,Undecided/No Response,I voted in the election,Undecided/No Response,Secondary School,Skilled/Unskilled Labor
Urban,Nairobi,30.0,Man,"Post-secondary qualifications, other than university e.g. a diploma or degree from a polytechnic or college",Employed (Full-time),Clerical or secretarial,Going in the wrong direction,Very bad,Strongly approve,Just a little,Decreased somewhat,Very well,Very badly,Less than once a month,Every day,Never,Every day,Every day,I did not vote,Undecided/No Response,Certificate/Diploma,Professional
Urban,Nairobi,32.0,Man,University completed,Unemployed (Actively looking),"Upper-level professional (e.g., banker/finance, doctor, lawyer, engineer, accountant, professor, senior-level government",Going in the right direction,Fairly good,Approve,Just a little,Increased a lot,Fairly well,Fairly badly,Less than once a month,Every day,Never,Every day,A few times a month,I voted in the election,Orange Democratic Movement (ODM),Bachelors Degree,Professional
Urban,Nairobi,62.0,Man,Intermediate school or Some secondary school / high school,Employed (Full-time),Trader / hawker / vendor,Undecided/No Response,Very bad,Undecided/No Response,Somewhat,Increased a lot,Very badly,Fairly badly,A few times a week,A few times a month,Less than once a month,Less than once a month,Less than once a month,I did not vote,Would not vote,Secondary School,Trader
Urban,Nairobi,22.0,Woman,Some university,Unemployed (Actively looking),"Mid-level professional (e.g., teacher, nurse, mid-level government officer)",Going in the wrong direction,Fairly bad,Strongly disapprove,Just a little,Stayed the same,Very badly,Very badly,A few times a week,Every day,A few times a week,Every day,A few times a week,I did not vote,Orange Democratic Movement (ODM),Bachelors Degree,Professional
Urban,Machakos,34.0,Woman,"Post-secondary qualifications, other than university e.g. a diploma or degree from a polytechnic or college",Employed (Part-time),"Mid-level professional (e.g., teacher, nurse, mid-level government officer)",Going in the wrong direction,Very bad,Strongly disapprove,Not at all,Increased a lot,Very badly,Very badly,Every day,Every day,Never,Never,Never,I did not vote,Orange Democratic Movement (ODM),Certificate/Diploma,Professional
Urban,Nairobi,20.0,Man,Some university,Unemployed (Not looking),Student,Going in the right direction,Fairly bad,Disapprove,Just a little,Stayed the same,Fairly well,Very badly,Never,Less than once a month,Never,Every day,Every day,I did not vote,Orange Democratic Movement (ODM),Bachelors Degree,Student
Urban,Nairobi,50.0,Woman,Intermediate school or Some secondary school / high school,Unemployed (Not looking),Trader / hawker / vendor,Going in the right direction,Fairly good,Disapprove,Not at all,Increased a lot,Fairly badly,Very badly,Never,A few times a week,Never,Never,Never,I voted in the election,United Democratic Alliance (UDA),Secondary School,Trader
Urban,Machakos,34.0,Man,Secondary school / high school completed,Employed (Full-time),"Artisan or skilled manual worker (e.g., trades like electrician, mechanic, machinist or skilled manufacturing worker)",Going in the wrong direction,Fairly bad,Undecided/No Response,Just a little,Increased a lot,Fairly well,Very badly,Every day,Every day,Less than once a month,Every day,Every day,I voted in the election,United Democratic Alliance (UDA),Secondary School,Skilled/Unskilled Labor
Urban,Nairobi,21.0,Man,Secondary school / high school completed,Employed (Part-time),Retail / Shop,Going in the wrong direction,Fairly bad,Disapprove,Somewhat,Increased a lot,Very badly,Very badly,A few times a month,Every day,Every day,Every day,Every day,I did not vote,Orange Democratic Movement (ODM),Secondary School,Trader
Urban,Nairobi,32.0,Man,"Post-secondary qualifications, other than university e.g. a diploma or degree from a polytechnic or college",Unemployed (Actively looking),"Artisan or skilled manual worker (e.g., trades like electrician, mechanic, machinist or skilled manufacturing worker)",Going in the wrong direction,Very bad,Disapprove,Somewhat,Stayed the same,Very badly,Very badly,Less than once a month,Every day,Never,Every day,Every day,I did not vote,Would not vote,Certificate/Diploma,Skilled/Unskilled Labor
Urban,Nairobi,66.0,Woman,Secondary school / high school completed,Unemployed (Not looking),"Unskilled manual worker (e.g., cleaner, laborer, domestic help, unskilled manufacturing worker)",Going in the right direction,Fairly good,Strongly approve,A lot,Decreased a lot,Very well,Fairly well,Every day,Less than once a month,Never,Never,Never,I voted in the election,Undecided/No Response,Secondary School,Skilled/Unskilled Labor
Urban,Nairobi,48.0,Man,Post-graduate,Employed (Full-time),Supervisor / Foreman / Senior Manager,Going in the wrong direction,Very bad,Strongly disapprove,Not at all,Increased a lot,Very badly,Very badly,A few times a week,Every day,A few times a month,Every day,Every day,I voted in the election,Orange Democratic Movement (ODM),Masters/PhD,Professional
Rural,Nyandarua,18.0,Man,Secondary school / high school completed,Unemployed (Not looking),Student,Going in the wrong direction,Neither good nor bad,Strongly approve,Somewhat,Increased a lot,Undecided/No Response,Fairly well,A few times a month,A few times a week,Never,A few times a week,A few times a week,I was too young to vote,United Democratic Alliance (UDA),Secondary School,Student
Rural,Nyandarua,34.0,Woman,Primary school completed,Unemployed (Not looking),Agriculture / farming / fishing / forestry,Going in the wrong direction,Very bad,Approve,Somewhat,Decreased a lot,Very well,Fairly well,Never,Every day,Never,Never,Never,I voted in the election,United Democratic Alliance (UDA),Primary School,Agriculture
Rural,Nyandarua,24.0,Man,Intermediate school or Some secondary school / high school,Unemployed (Actively looking),"Unskilled manual worker (e.g., cleaner, laborer, domestic help, unskilled manufacturing worker)",Going in the right direction,Fairly bad,Approve,Just a little,Decreased somewhat,Fairly badly,Very badly,Less than once a month,Every day,Never,A few times a week,Never,I voted in the election,Orange Democratic Movement (ODM),Secondary School,Skilled/Unskilled Labor
Urban,Nairobi,29.0,Woman,Secondary school / high school completed,Employed (Full-time),Trader / hawker / vendor,Going in the right direction,Fairly good,Approve,Just a little,Stayed the same,Fairly well,Fairly badly,Never,Every day,Never,Every day,Undecided/No Response,I voted in the election,United Democratic Alliance (UDA),Secondary School,Trader
Urban,Nairobi,50.0,Man,Intermediate school or Some secondary school / high school,Employed (Full-time),"Unskilled manual worker (e.g., cleaner, laborer, domestic help, unskilled manufacturing worker)",Going in the wrong direction,Fairly bad,Disapprove,Not at all,Increased somewhat,Fairly badly,Very badly,Every day,Every day,Never,A few times a month,Less than once a month,I voted in the election,Orange Democratic Movement (ODM),Secondary School,Skilled/Unskilled Labor
Urban,Nairobi,21.0,Woman,Intermediate school or Some secondary school / high school,Employed (Part-time),"Unskilled manual worker (e.g., cleaner, laborer, domestic help, unskilled manufacturing worker)",Going in the wrong direction,Very bad,Disapprove,Not at all,Stayed the same,Very badly,Very badly,Every day,A few times a week,A few times a month,A few times a month,A few times a month,I did not vote,Orange Democratic Movement (ODM),Secondary School,Skilled/Unskilled Labor
Urban,Nairobi,53.0,Man,Intermediate school or Some secondary school / high school,Unemployed (Actively looking),Trader / hawker / vendor,Going in the wrong direction,Very bad,Disapprove,Somewhat,Decreased somewhat,Fairly badly,Fairly well,A few times a week,Less than once a month,Never,A few times a week,A few times a month,I voted in the election,Wiper Democratic Movement (WDM–K),Secondary School,Trader
Urban,Nairobi,22.0,Woman,Secondary school / high school completed,Employed (Full-time),Retail / Shop,Going in the right direction,Fairly good,Disapprove,Just a little,Increased a lot,Fairly badly,Very badly,Never,Every day,Never,Every day,Every day,I did not vote,Would not vote,Secondary School,Trader
Urban,Nairobi,38.0,Man,Some primary schooling,Employed (Part-time),"Unskilled manual worker (e.g., cleaner, laborer, domestic help, unskilled manufacturing worker)",Going in the right direction,Fairly bad,Strongly disapprove,Not at all,Increased a lot,Fairly badly,Fairly badly,Never,A few times a week,Never,Every day,Every day,I voted in the election,United Democratic Alliance (UDA),Primary School,Skilled/Unskilled Labor
Urban,Nairobi,27.0,Man,Secondary school / high school completed,Unemployed (Actively looking),Never had a job,Going in the right direction,Fairly good,Disapprove,Just a little,Stayed the same,Fairly well,Undecided/No Response,Less than once a month,Less than once a month,Less than once a month,Less than once a month,Less than once a month,I voted in the election,Undecided/No Response,Secondary School,Undecided/No Response
Urban,Nairobi,18.0,Woman,Intermediate school or Some secondary school / high school,Unemployed (Actively looking),Housewife / homemaker,Going in the wrong direction,Fairly bad,Approve,Just a little,Increased a lot,Fairly well,Fairly badly,Never,Never,Never,Every day,Every day,I voted in the election,Would not vote,Secondary School,Housewife
Urban,Nairobi,34.0,Woman,"Post-secondary qualifications, other than university e.g. a diploma or degree from a polytechnic or college",Employed (Full-time),Retail / Shop,Going in the wrong direction,Very bad,Strongly disapprove,Somewhat,Increased a lot,Fairly badly,Fairly well,A few times a week,Every day,Never,Every day,A few times a month,I did not vote,Jubilee Alliance Party (JAP),Certificate/Diploma,Trader
Urban,Nairobi,70.0,Man,Intermediate school or Some secondary school / high school,Unemployed (Not looking),Clerical or secretarial,Going in the wrong direction,Very bad,Disapprove,Somewhat,Increased a lot,Fairly badly,Very badly,Every day,Every day,Less than once a month,Every day,A few times a month,I voted in the election,United Democratic Alliance (UDA),Secondary School,Professional
Urban,Nairobi,32.0,Man,Secondary school / high school completed,Employed (Part-time),Trader / hawker / vendor,Going in the wrong direction,Very bad,Disapprove,Somewhat,Increased somewhat,Very badly,Very badly,Every day,Every day,A few times a month,Every day,Never,I voted in the election,Orange Democratic Movement (ODM),Secondary School,Trader
Urban,Nairobi,33.0,Woman,Secondary school / high school completed,Unemployed (Actively looking),Housewife / homemaker,Going in the wrong direction,Very bad,Strongly disapprove,Just a little,Increased somewhat,Very badly,Very badly,A few times a week,Every day,Less than once a month,Every day,A few times a month,I voted in the election,Undecided/No Response,Secondary School,Housewife
Urban,Nairobi,30.0,Woman,"Post-secondary qualifications, other than university e.g. a diploma or degree from a polytechnic or college",Unemployed (Actively looking),"Artisan or skilled manual worker (e.g., trades like electrician, mechanic, machinist or skilled manufacturing worker)",Going in the wrong direction,Very bad,Disapprove,Not at all,Increased a lot,Very badly,Very badly,Never,A few times a week,Never,A few times a week,Never,I voted in the election,Would not vote,Certificate/Diploma,Skilled/Unskilled Labor
Rural,Nyandarua,62.0,Woman,Some primary schooling,Unemployed (Not looking),Agriculture / farming / fishing / forestry,Going in the right direction,Fairly good,Approve,A lot,Undecided/No Response,Fairly badly,Undecided/No Response,Never,Every day,Never,Never,Never,I voted in the election,United Democratic Alliance (UDA),Primary School,Agriculture
Urban,Nairobi,43.0,Man,Secondary school / high school completed,Employed (Full-time),"Unskilled manual worker (e.g., cleaner, laborer, domestic help, unskilled manufacturing worker)",Going in the wrong direction,Neither good nor bad,Disapprove,Just a little,Stayed the same,Undecided/No Response,Fairly badly,A few times a week,A few times a week,A few times a week,Every day,A few times a week,I voted in the election,Undecided/No Response,Secondary School,Skilled/Unskilled Labor
Rural,Nyandarua,18.0,Man,Secondary school / high school completed,Unemployed (Actively looking),Student,Going in the right direction,Fairly bad,Approve,Just a little,Increased somewhat,Fairly well,Undecided/No Response,A few times a month,Every day,Never,A few times a week,A few times a week,I did not vote,United Democratic Alliance (UDA),Secondary School,Student
Urban,Nairobi,32.0,Man,Secondary school / high school completed,Employed (Full-time),Trader / hawker / vendor,Going in the right direction,Neither good nor bad,Approve,Just a little,Stayed the same,Fairly well,Undecided/No Response,Never,Every day,Never,Every day,Undecided/No Response,I did not vote,Undecided/No Response,Secondary School,Trader
Urban,Nairobi,23.0,Woman,Secondary school / high school completed,Unemployed (Actively looking),Trader / hawker / vendor,Going in the wrong direction,Very bad,Strongly disapprove,Not at all,Increased a lot,Very badly,Very badly,A few times a week,Never,Never,A few times a month,Less than once a month,I voted in the election,Would not vote,Secondary School,Trader
Urban,Nairobi,60.0,Man,Primary school completed,Employed (Part-time),Agriculture / farming / fishing / forestry,Going in the right direction,Fairly good,Approve,Somewhat,Decreased a lot,Fairly well,Fairly well,A few times a week,Less than once a month,Never,Never,Never,I voted in the election,United Democratic Alliance (UDA),Primary School,Agriculture
Urban,Nairobi,44.0,Man,Secondary school / high school completed,Unemployed (Actively looking),Retail / Shop,Going in the wrong direction,Very bad,Approve,Somewhat,Increased somewhat,Fairly badly,Fairly badly,Every day,Every day,Every day,Less than once a month,Less than once a month,I voted in the election,United Democratic Alliance (UDA),Secondary School,Trader
Rural,Nyandarua,47.0,Woman,Primary school completed,Employed (Part-time),Housewife / homemaker,Going in the wrong direction,Very bad,Strongly disapprove,Somewhat,Increased a lot,Very badly,Very badly,Every day,Every day,Every day,Never,Never,I voted in the election,Would not vote,Primary School,Housewife
Rural,Nyandarua,35.0,Man,Secondary school / high school completed,Employed (Full-time),Retail / Shop,Going in the right direction,Fairly good,Approve,Somewhat,Increased somewhat,Fairly badly,Fairly badly,A few times a week,Every day,Never,Never,Never,I voted in the election,United Democratic Alliance (UDA),Secondary School,Trader
Urban,Nairobi,19.0,Woman,Secondary school / high school completed,Unemployed (Not looking),Student,Going in the wrong direction,Very bad,Disapprove,Not at all,Increased a lot,Very badly,Very badly,Less than once a month,Less than once a month,Never,Every day,Every day,I was too young to vote,Undecided/No Response,Secondary School,Student
Urban,Nairobi,45.0,Woman,Primary school completed,Employed (Full-time),Trader / hawker / vendor,Going in the wrong direction,Very bad,Approve,A lot,Decreased a lot,Very badly,Fairly badly,Every day,Every day,Never,Never,Never,I voted in the election,United Democratic Alliance (UDA),Primary School,Trader
Urban,Nairobi,27.0,Woman,"Post-secondary qualifications, other than university e.g. a diploma or degree from a polytechnic or college",Unemployed (Actively looking),Housewife / homemaker,Going in the wrong direction,Fairly bad,Strongly disapprove,Somewhat,Increased a lot,Very badly,Very badly,Every day,Every day,A few times a month,Every day,Every day,I voted in the election,Orange Democratic Movement (ODM),Certificate/Diploma,Housewife
Urban,Nairobi,22.0,Man,Secondary school / high school completed,Employed (Part-time),"Artisan or skilled manual worker (e.g., trades like electrician, mechanic, machinist or skilled manufacturing worker)",Going in the wrong direction,Fairly bad,Strongly disapprove,Not at all,Increased a lot,Very badly,Fairly badly,Never,Every day,Never,Every day,Every day,I voted in the election,Orange Democratic Movement (ODM),Secondary School,Skilled/Unskilled Labor
Urban,Machakos,33.0,Woman,Intermediate school or Some secondary school / high school,Unemployed (Not looking),Housewife / homemaker,Going in the wrong direction,Very bad,Strongly approve,Somewhat,Decreased a lot,Fairly well,Fairly well,A few times a week,Every day,Never,Never,Never,I voted in the election,Would not vote,Secondary School,Housewife
Urban,Nairobi,42.0,Man,Secondary school / high school completed,Employed (Part-time),Supervisor / Foreman / Senior Manager,Going in the wrong direction,Very bad,Strongly approve,Not at all,Increased a lot,Very badly,Very badly,Every day,Every day,Every day,Every day,Every day,I voted in the election,Orange Democratic Movement (ODM),Secondary School,Professional
Urban,Nairobi,39.0,Man,Secondary school / high school completed,Employed (Full-time),"Artisan or skilled manual worker (e.g., trades like electrician, mechanic, machinist or skilled manufacturing worker)",Going in the wrong direction,Very bad,Strongly disapprove,Somewhat,Increased a lot,Very badly,Very badly,Every day,Every day,Never,Never,Never,I voted in the election,Orange Democratic Movement (ODM),Secondary School,Skilled/Unskilled Labor
Rural,Busia,62.0,Man,University completed,Unemployed (Not looking),"Mid-level professional (e.g., teacher, nurse, mid-level government officer)",Going in the wrong direction,Very bad,Strongly disapprove,Just a little,Increased a lot,Very badly,Very badly,Every day,Every day,A few times a week,Every day,Less than once a month,I voted in the election,Orange Democratic Movement (ODM),Bachelors Degree,Professional
Rural,Busia,26.0,Man,Secondary school / high school completed,Unemployed (Actively looking),"Unskilled manual worker (e.g., cleaner, laborer, domestic help, unskilled manufacturing worker)",Going in the right direction,Fairly good,Strongly approve,A lot,Decreased a lot,Very well,Very well,Every day,Every day,Every day,Never,A few times a week,I voted in the election,United Democratic Alliance (UDA),Secondary School,Skilled/Unskilled Labor
Urban,Nairobi,31.0,Woman,Secondary school / high school completed,Employed (Full-time),"Unskilled manual worker (e.g., cleaner, laborer, domestic help, unskilled manufacturing worker)",Going in the wrong direction,Very bad,Strongly disapprove,Just a little,Stayed the same,Fairly well,Fairly badly,Every day,Every day,Never,A few times a week,Undecided/No Response,I voted in the election,Undecided/No Response,Secondary School,Skilled/Unskilled Labor
Rural,Busia,37.0,Woman,Some primary schooling,Employed (Full-time),Trader / hawker / vendor,Going in the right direction,Fairly bad,Strongly approve,Somewhat,Decreased somewhat,Fairly well,Very well,Every day,Every day,Never,Never,Never,I voted in the election,United Democratic Alliance (UDA),Primary School,Trader
Rural,Busia,55.0,Woman,No formal schooling,Unemployed (Not looking),Agriculture / farming / fishing / forestry,Going in the wrong direction,Neither good nor bad,Strongly disapprove,Not at all,Undecided/No Response,Fairly badly,Undecided/No Response,Never,Never,Never,Never,Never,I voted in the election,Orange Democratic Movement (ODM),Informal Schooling,Agriculture
Urban,Nairobi,22.0,Woman,Intermediate school or Some secondary school / high school,Unemployed (Actively looking),Never had a job,Going in the right direction,Neither good nor bad,Approve,Not at all,Increased somewhat,Fairly well,Very badly,A few times a week,A few times a week,Never,Never,Never,I did not vote,Undecided/No Response,Secondary School,Undecided/No Response
Urban,Machakos,35.0,Man,Intermediate school or Some secondary school / high school,Employed (Part-time),Supervisor / Foreman / Senior Manager,Going in the wrong direction,Very bad,Strongly disapprove,Just a little,Increased a lot,Very badly,Very badly,Every day,A few times a week,A few times a month,A few times a month,A few times a month,I did not vote,Wiper Democratic Movement (WDM–K),Secondary School,Professional
Urban,Nairobi,28.0,Woman,Secondary school / high school completed,Unemployed (Actively looking),Trader / hawker / vendor,Going in the wrong direction,Very bad,Strongly disapprove,Just a little,Increased a lot,Very badly,Very badly,A few times a week,Every day,Every day,Never,Never,I did not vote,Undecided/No Response,Secondary School,Trader
Rural,Machakos,39.0,Woman,"Post-secondary qualifications, other than university e.g. a diploma or degree from a polytechnic or college",Employed (Full-time),Retail / Shop,Going in the right direction,Very bad,Disapprove,Just a little,Stayed the same,Fairly badly,Very badly,A few times a week,Every day,Never,A few times a month,A few times a month,I voted in the election,Would not vote,Certificate/Diploma,Trader
Urban,Nyandarua,50.0,Man,Some primary schooling,Unemployed (Not looking),Agriculture / farming / fishing / forestry,Going in the wrong direction,Very bad,Disapprove,Just a little,Increased a lot,Fairly badly,Very badly,Never,Every day,Never,Never,Undecided/No Response,I voted in the election,Other,Primary School,Agriculture
Urban,Nyandarua,28.0,Woman,Intermediate school or Some secondary school / high school,Employed (Part-time),"Unskilled manual worker (e.g., cleaner, laborer, domestic help, unskilled manufacturing worker)",Going in the right direction,Very bad,Strongly approve,Just a little,Decreased somewhat,Very well,Fairly well,Never,A few times a week,Never,Never,Never,I voted in the election,United Democratic Alliance (UDA),Secondary School,Skilled/Unskilled Labor
Urban,Kilifi,20.0,Woman,Primary school completed,Unemployed (Actively looking),"Artisan or skilled manual worker (e.g., trades like electrician, mechanic, machinist or skilled manufacturing worker)",Going in the right direction,Fairly good,Strongly disapprove,A lot,Stayed the same,Fairly badly,Very badly,Less than once a month,Never,Never,A few times a month,Never,I did not vote,Would not vote,Primary School,Skilled/Unskilled Labor
Urban,Nairobi,42.0,Man,Secondary school / high school completed,Employed (Full-time),Trader / hawker / vendor,Going in the wrong direction,Very bad,Approve,Somewhat,Decreased somewhat,Fairly badly,Very badly,A few times a week,A few times a week,Never,Every day,A few times a week,I did not vote,Jubilee Alliance Party (JAP),Secondary School,Trader
Urban,Machakos,28.0,Man,Secondary school / high school completed,Employed (Part-time),"Artisan or skilled manual worker (e.g., trades like electrician, mechanic, machinist or skilled manufacturing worker)",Going in the wrong direction,Very bad,Strongly disapprove,Just a little,Decreased a lot,Very badly,Very badly,Every day,A few times a month,Never,Every day,Every day,I voted in the election,Orange Democratic Movement (ODM),Secondary School,Skilled/Unskilled Labor
Urban,Kilifi,45.0,Man,Primary school completed,Unemployed (Actively looking),Agriculture / farming / fishing / forestry,Going in the wrong direction,Fairly bad,Strongly disapprove,Undecided/No Response,Increased a lot,Fairly badly,Very badly,Every day,Less than once a month,Never,Never,Never,I voted in the election,Orange Democratic Movement (ODM),Primary School,Agriculture
Rural,Machakos,22.0,Woman,Secondary school / high school completed,Unemployed (Actively looking),"Unskilled manual worker (e.g., cleaner, laborer, domestic help, unskilled manufacturing worker)",Going in the wrong direction,Very bad,Strongly disapprove,Just a little,Increased a lot,Fairly badly,Very badly,Every day,Every day,Never,Never,Never,I voted in the election,KANU,Secondary School,Skilled/Unskilled Labor
Rural,Nyamira  ,48.0,Woman,Primary school completed,Unemployed (Not looking),Agriculture / farming / fishing / forestry,Going in the wrong direction,Very bad,Disapprove,Just a little,Increased somewhat,Fairly badly,Fairly well,Every day,Every day,A few times a month,Never,Never,I voted in the election,Orange Democratic Movement (ODM),Primary School,Agriculture
Rural,Nyamira  ,65.0,Man,"Post-secondary qualifications, other than university e.g. a diploma or degree from a polytechnic or college",Unemployed (Not looking),Agriculture / farming / fishing / forestry,Going in the wrong direction,Very bad,Strongly disapprove,Not at all,Increased a lot,Very badly,Very badly,Every day,Every day,A few times a month,Never,Never,I voted in the election,Orange Democratic Movement (ODM),Certificate/Diploma,Agriculture
Urban,Kilifi,38.0,Man,"Post-secondary qualifications, other than university e.g. a diploma or degree from a polytechnic or college",Unemployed (Actively looking),Trader / hawker / vendor,Going in the wrong direction,Very bad,Strongly disapprove,Just a little,Increased somewhat,Fairly badly,Very badly,A few times a month,Every day,A few times a month,Every day,Every day,I voted in the election,Roots Party of Kenya (RPK),Certificate/Diploma,Trader
Urban,Nyandarua,44.0,Woman,Intermediate school or Some secondary school / high school,Unemployed (Not looking),Agriculture / farming / fishing / forestry,Going in the wrong direction,Fairly bad,Disapprove,Undecided/No Response,Stayed the same,Fairly badly,Fairly badly,Every day,Every day,Never,A few times a week,A few times a week,I did not vote,United Democratic Alliance (UDA),Secondary School,Agriculture
Urban,Kilifi,53.0,Woman,Secondary school / high school completed,Unemployed (Actively looking),Retail / Shop,Going in the wrong direction,Very bad,Strongly disapprove,Not at all,Increased a lot,Very badly,Very badly,Never,Every day,Never,A few times a month,Never,I did not vote,Undecided/No Response,Secondary School,Trader
Rural,Machakos,24.0,Woman,Some primary schooling,Unemployed (Actively looking),Trader / hawker / vendor,Going in the wrong direction,Fairly good,Approve,Somewhat,Increased somewhat,Fairly well,Very well,Every day,Every day,Never,A few times a month,Undecided/No Response,I voted in the election,United Democratic Alliance (UDA),Primary School,Trader
Urban,Nyandarua,27.0,Man,Primary school completed,Employed (Part-time),"Unskilled manual worker (e.g., cleaner, laborer, domestic help, unskilled manufacturing worker)",Going in the right direction,Fairly good,Strongly approve,A lot,Decreased somewhat,Very badly,Very well,Every day,Less than once a month,A few times a week,Never,Never,I voted in the election,United Democratic Alliance (UDA),Primary School,Skilled/Unskilled Labor
Urban,Machakos,27.0,Man,"Post-secondary qualifications, other than university e.g. a diploma or degree from a polytechnic or college",Employed (Full-time),"Unskilled manual worker (e.g., cleaner, laborer, domestic help, unskilled manufacturing worker)",Going in the wrong direction,Very bad,Strongly disapprove,Somewhat,Increased a lot,Very badly,Very badly,A few times a month,A few times a month,Never,Every day,Every day,I did not vote,Would not vote,Certificate/Diploma,Skilled/Unskilled Labor
Rural,Nyamira  ,65.0,Woman,Some primary schooling,Unemployed (Not looking),Agriculture / farming / fishing / forestry,Going in the wrong direction,Very bad,Strongly disapprove,Just a little,Increased somewhat,Fairly badly,Fairly badly,Every day,Every day,Never,Never,Never,I voted in the election,Orange Democratic Movement (ODM),Primary School,Agriculture
Urban,Nairobi,37.0,Man,Primary school completed,Unemployed (Actively looking),"Artisan or skilled manual worker (e.g., trades like electrician, mechanic, machinist or skilled manufacturing worker)",Going in the wrong direction,Very bad,Strongly disapprove,Not at all,Increased a lot,Very badly,Very badly,Never,Every day,Never,A few times a week,A few times a week,I voted in the election,Orange Democratic Movement (ODM),Primary School,Skilled/Unskilled Labor
Urban,Nairobi,20.0,Woman,Secondary school / high school completed,Unemployed (Not looking),Housewife / homemaker,Going in the right direction,Fairly bad,Disapprove,Just a little,Stayed the same,Fairly well,Very badly,Less than once a month,A few times a month,Never,Every day,Every day,I was too young to vote,Would not vote,Secondary School,Housewife
Rural,Busia,40.0,Woman,Some primary schooling,Unemployed (Actively looking),Housewife / homemaker,Going in the wrong direction,Very bad,Strongly disapprove,Not at all,Increased a lot,Very badly,Very badly,A few times a week,Never,Never,Never,Never,I voted in the election,Orange Democratic Movement (ODM),Primary School,Housewife
Urban,Nairobi,33.0,Man,Secondary school / high school completed,Unemployed (Actively looking),"Artisan or skilled manual worker (e.g., trades like electrician, mechanic, machinist or skilled manufacturing worker)",Going in the right direction,Fairly bad,Undecided/No Response,Just a little,Stayed the same,Fairly well,Very badly,Less than once a month,A few times a week,Never,A few times a week,Less than once a month,I voted in the election,Undecided/No Response,Secondary School,Skilled/Unskilled Labor
Urban,Machakos,30.0,Woman,Secondary school / high school completed,Employed (Full-time),Trader / hawker / vendor,Going in the wrong direction,Very bad,Strongly disapprove,Not at all,Increased a lot,Very badly,Very badly,Every day,A few times a week,Never,Never,Never,I did not vote,Orange Democratic Movement (ODM),Secondary School,Trader
Urban,Nairobi,45.0,Woman,Primary school completed,Employed (Part-time),"Unskilled manual worker (e.g., cleaner, laborer, domestic help, unskilled manufacturing worker)",Going in the wrong direction,Very bad,Strongly disapprove,Not at all,Increased a lot,Very badly,Very badly,Less than once a month,Less than once a month,Never,A few times a month,Never,I voted in the election,Would not vote,Primary School,Skilled/Unskilled Labor
Urban,Nairobi,26.0,Man,"Post-secondary qualifications, other than university e.g. a diploma or degree from a polytechnic or college",Unemployed (Actively looking),"Upper-level professional (e.g., banker/finance, doctor, lawyer, engineer, accountant, professor, senior-level government",Going in the right direction,Very bad,Strongly disapprove,Not at all,Stayed the same,Very badly,Very badly,Every day,Every day,Every day,Every day,Every day,I voted in the election,Orange Democratic Movement (ODM),Certificate/Diploma,Professional
Rural,Machakos,30.0,Man,Some primary schooling,Unemployed (Actively looking),"Unskilled manual worker (e.g., cleaner, laborer, domestic help, unskilled manufacturing worker)",Going in the wrong direction,Very bad,Disapprove,Not at all,Decreased somewhat,Fairly well,Fairly well,Every day,Every day,Never,Never,A few times a month,I voted in the election,Wiper Democratic Movement (WDM–K),Primary School,Skilled/Unskilled Labor
Urban,Nairobi,29.0,Woman,"Post-secondary qualifications, other than university e.g. a diploma or degree from a polytechnic or college",Employed (Full-time),"Mid-level professional (e.g., teacher, nurse, mid-level government officer)",Going in the right direction,Fairly good,Approve,Not at all,Stayed the same,Fairly well,Very badly,A few times a week,Every day,Never,Every day,Every day,I voted in the election,Orange Democratic Movement (ODM),Certificate/Diploma,Professional
Urban,Nairobi,26.0,Man,Some university,Unemployed (Not looking),Student,Going in the right direction,Fairly good,Approve,A lot,Decreased somewhat,Fairly badly,Fairly well,Every day,Every day,A few times a month,Every day,Every day,I did not vote,Orange Democratic Movement (ODM),Bachelors Degree,Student
Urban,Nairobi,28.0,Woman,Intermediate school or Some secondary school / high school,Unemployed (Actively looking),Housewife / homemaker,Going in the right direction,Neither good nor bad,Undecided/No Response,Undecided/No Response,Undecided/No Response,Undecided/No Response,Fairly well,A few times a week,A few times a week,Never,A few times a week,Never,I did not vote,Jubilee Alliance Party (JAP),Secondary School,Housewife
Urban,Nairobi,32.0,Man,Secondary school / high school completed,Employed (Part-time),"Unskilled manual worker (e.g., cleaner, laborer, domestic help, unskilled manufacturing worker)",Going in the right direction,Fairly good,Disapprove,Somewhat,Increased somewhat,Fairly well,Fairly badly,Every day,A few times a week,A few times a month,Every day,A few times a week,I voted in the election,Orange Democratic Movement (ODM),Secondary School,Skilled/Unskilled Labor
Rural,Busia,82.0,Man,No formal schooling,Unemployed (Not looking),Agriculture / farming / fishing / forestry,Going in the right direction,Fairly good,Approve,Somewhat,Stayed the same,Very badly,Undecided/No Response,Every day,Never,Never,Never,Never,I voted in the election,Other,Informal Schooling,Agriculture
Urban,Nairobi,22.0,Woman,Secondary school / high school completed,Employed (Part-time),"Artisan or skilled manual worker (e.g., trades like electrician, mechanic, machinist or skilled manufacturing worker)",Going in the wrong direction,Very bad,Strongly disapprove,Just a little,Increased a lot,Very badly,Very badly,A few times a month,Every day,Never,Every day,A few times a week,I voted in the election,Orange Democratic Movement (ODM),Secondary School,Skilled/Unskilled Labor
Rural,Busia,48.0,Man,Secondary school / high school completed,Unemployed (Actively looking),Agriculture / farming / fishing / forestry,Going in the wrong direction,Fairly good,Disapprove,Not at all,Increased somewhat,Fairly badly,Very badly,Every day,Never,A few times a month,Every day,Every day,I voted in the election,Other,Secondary School,Agriculture
Rural,Busia,23.0,Woman,Primary school completed,Employed (Full-time),Trader / hawker / vendor,Going in the wrong direction,Very bad,Strongly disapprove,Just a little,Increased a lot,Very badly,Very well,Every day,Every day,Every day,Every day,Every day,I voted in the election,Orange Democratic Movement (ODM),Primary School,Trader
Urban,Nairobi,23.0,Woman,Some university,Unemployed (Actively looking),Student,Going in the wrong direction,Fairly bad,Strongly disapprove,Just a little,Increased a lot,Very badly,Very badly,Every day,Every day,Less than once a month,Every day,A few times a week,I did not vote,Would not vote,Bachelors Degree,Student
Rural,Nakuru,22.0,Man,Primary school completed,Employed (Part-time),"Unskilled manual worker (e.g., cleaner, laborer, domestic help, unskilled manufacturing worker)",Going in the right direction,Very good,Strongly approve,A lot,Increased somewhat,Fairly badly,Very badly,A few times a month,Less than once a month,Never,A few times a week,Never,I did not vote,United Democratic Alliance (UDA),Primary School,Skilled/Unskilled Labor
Rural,Nakuru,24.0,Man,Some primary schooling,Unemployed (Actively looking),"Unskilled manual worker (e.g., cleaner, laborer, domestic help, unskilled manufacturing worker)",Going in the right direction,Very bad,Approve,A lot,Decreased somewhat,Very badly,Fairly well,A few times a month,Every day,Never,Never,Never,I voted in the election,United Democratic Alliance (UDA),Primary School,Skilled/Unskilled Labor
Rural,Nakuru,23.0,Woman,Secondary school / high school completed,Unemployed (Actively looking),Agriculture / farming / fishing / forestry,Going in the right direction,Neither good nor bad,Strongly approve,A lot,Decreased somewhat,Fairly well,Fairly well,Never,Every day,Never,Never,Never,I voted in the election,United Democratic Alliance (UDA),Secondary School,Agriculture
Urban,Nairobi,54.0,Man,Secondary school / high school completed,Employed (Full-time),"Security services (police, army, private security)",Going in the wrong direction,Very bad,Strongly disapprove,Not at all,Increased a lot,Very badly,Very badly,Every day,Never,Never,Never,Undecided/No Response,I voted in the election,Orange Democratic Movement (ODM),Secondary School,Security Services
Urban,Kilifi,58.0,Man,Primary school completed,Employed (Part-time),"Artisan or skilled manual worker (e.g., trades like electrician, mechanic, machinist or skilled manufacturing worker)",Going in the right direction,Fairly good,Approve,A lot,Increased a lot,Fairly well,Very badly,Every day,Every day,A few times a week,Every day,Every day,I voted in the election,Orange Democratic Movement (ODM),Primary School,Skilled/Unskilled Labor
Rural,Nakuru,74.0,Man,Primary school completed,Employed (Part-time),Trader / hawker / vendor,Going in the right direction,Fairly good,Approve,A lot,Stayed the same,Fairly well,Very badly,Every day,Every day,Never,Every day,Every day,I voted in the election,United Democratic Alliance (UDA),Primary School,Trader
Urban,Nyandarua,41.0,Man,Primary school completed,Employed (Part-time),"Artisan or skilled manual worker (e.g., trades like electrician, mechanic, machinist or skilled manufacturing worker)",Going in the right direction,Fairly bad,Approve,Not at all,Stayed the same,Undecided/No Response,Fairly badly,Never,Every day,Never,Every day,Every day,I voted in the election,United Democratic Alliance (UDA),Primary School,Skilled/Unskilled Labor
Urban,Nyandarua,32.0,Woman,No formal schooling,Unemployed (Not looking),Agriculture / farming / fishing / forestry,Going in the right direction,Neither good nor bad,Approve,Just a little,Increased somewhat,Fairly badly,Fairly badly,Never,Never,Never,Never,Undecided/No Response,I did not vote,Would not vote,Informal Schooling,Agriculture
Urban,Kilifi,78.0,Woman,Intermediate school or Some secondary school / high school,Unemployed (Not looking),"Mid-level professional (e.g., teacher, nurse, mid-level government officer)",Going in the right direction,Fairly bad,Strongly approve,A lot,Decreased somewhat,Fairly badly,Fairly well,Every day,Every day,Less than once a month,Every day,Every day,I voted in the election,United Democratic Alliance (UDA),Secondary School,Professional
Urban,Nairobi,47.0,Woman,Primary school completed,Unemployed (Not looking),Retail / Shop,Going in the wrong direction,Very bad,Strongly disapprove,Not at all,Increased a lot,Very badly,Very badly,Every day,A few times a week,Never,Never,Never,I did not vote,Would not vote,Primary School,Trader
Urban,Nairobi,41.0,Man,Primary school completed,Unemployed (Actively looking),"Unskilled manual worker (e.g., cleaner, laborer, domestic help, unskilled manufacturing worker)",Going in the wrong direction,Very bad,Strongly disapprove,Not at all,Increased a lot,Very badly,Very badly,Every day,Every day,A few times a month,Less than once a month,Never,I voted in the election,Orange Democratic Movement (ODM),Primary School,Skilled/Unskilled Labor
Rural,Machakos,42.0,Man,Intermediate school or Some secondary school / high school,Unemployed (Actively looking),"Artisan or skilled manual worker (e.g., trades like electrician, mechanic, machinist or skilled manufacturing worker)",Going in the wrong direction,Very bad,Disapprove,Somewhat,Increased a lot,Fairly well,Very badly,Less than once a month,A few times a month,Less than once a month,Every day,Every day,I voted in the election,Orange Democratic Movement (ODM),Secondary School,Skilled/Unskilled Labor
Rural,Machakos,72.0,Man,Primary school completed,Unemployed (Not looking),Agriculture / farming / fishing / forestry,Going in the wrong direction,Very bad,Undecided/No Response,Just a little,Increased somewhat,Very badly,Very badly,A few times a week,A few times a week,Less than once a month,Never,Never,I did not vote,Wiper Democratic Movement (WDM–K),Primary School,Agriculture
Urban,Nairobi,52.0,Woman,Secondary school / high school completed,Employed (Part-time),Trader / hawker / vendor,Going in the wrong direction,Very bad,Disapprove,Not at all,Increased a lot,Fairly badly,Very badly,A few times a week,Every day,Less than once a month,A few times a week,A few times a week,I voted in the election,Would not vote,Secondary School,Trader
Urban,Nyandarua,23.0,Woman,Secondary school / high school completed,Unemployed (Actively looking),Never had a job,Going in the right direction,Fairly good,Undecided/No Response,Somewhat,Increased somewhat,Very badly,Fairly badly,Every day,Every day,Every day,Every day,Every day,I voted in the election,United Democratic Alliance (UDA),Secondary School,Undecided/No Response
Urban,Kilifi,23.0,Man,Secondary school / high school completed,Employed (Part-time),"Unskilled manual worker (e.g., cleaner, laborer, domestic help, unskilled manufacturing worker)",Going in the wrong direction,Fairly good,Strongly disapprove,Not at all,Stayed the same,Very badly,Very badly,A few times a week,Every day,Never,A few times a week,Less than once a month,I did not vote,Orange Democratic Movement (ODM),Secondary School,Skilled/Unskilled Labor
Urban,Nairobi,22.0,Man,"Post-secondary qualifications, other than university e.g. a diploma or degree from a polytechnic or college",Unemployed (Not looking),Student,Going in the wrong direction,Fairly bad,Disapprove,Not at all,Increased a lot,Very badly,Fairly badly,Every day,Every day,Every day,Every day,Every day,I did not vote,Orange Democratic Movement (ODM),Certificate/Diploma,Student
Urban,Nairobi,21.0,Man,Secondary school / high school completed,Unemployed (Actively looking),Student,Going in the right direction,Neither good nor bad,Disapprove,Somewhat,Stayed the same,Fairly well,Very badly,Every day,A few times a week,Less than once a month,Every day,Every day,I voted in the election,Orange Democratic Movement (ODM),Secondary School,Student
Urban,Machakos,37.0,Woman,University completed,Unemployed (Actively looking),Housewife / homemaker,Going in the wrong direction,Fairly bad,Strongly disapprove,Not at all,Increased a lot,Very badly,Very badly,A few times a week,Every day,Never,Every day,A few times a week,I voted in the election,Wiper Democratic Movement (WDM–K),Bachelors Degree,Housewife
Rural,Machakos,29.0,Man,Primary school completed,Employed (Full-time),"Unskilled manual worker (e.g., cleaner, laborer, domestic help, unskilled manufacturing worker)",Going in the wrong direction,Very bad,Strongly disapprove,Not at all,Increased a lot,Very badly,Very badly,Every day,A few times a month,Never,Every day,Never,I voted in the election,Orange Democratic Movement (ODM),Primary School,Skilled/Unskilled Labor
Rural,Nyamira  ,42.0,Woman,Intermediate school or Some secondary school / high school,Employed (Full-time),"Unskilled manual worker (e.g., cleaner, laborer, domestic help, unskilled manufacturing worker)",Going in the right direction,Fairly good,Approve,Somewhat,Decreased somewhat,Fairly well,Fairly well,Every day,Never,Never,Never,Never,I voted in the election,United Democratic Alliance (UDA),Secondary School,Skilled/Unskilled Labor
Urban,Nairobi,29.0,Woman,Secondary school / high school completed,Unemployed (Actively looking),"Artisan or skilled manual worker (e.g., trades like electrician, mechanic, machinist or skilled manufacturing worker)",Going in the wrong direction,Fairly bad,Strongly disapprove,Not at all,Increased a lot,Very badly,Very badly,A few times a week,Every day,Never,A few times a week,A few times a week,I voted in the election,Would not vote,Secondary School,Skilled/Unskilled Labor
Urban,Kilifi,24.0,Woman,"Post-secondary qualifications, other than university e.g. a diploma or degree from a polytechnic or college",Unemployed (Actively looking),"Artisan or skilled manual worker (e.g., trades like electrician, mechanic, machinist or skilled manufacturing worker)",Going in the wrong direction,Fairly bad,Strongly disapprove,Not at all,Increased somewhat,Fairly badly,Very badly,A few times a week,A few times a month,Never,Every day,Every day,I voted in the election,United Democratic Alliance (UDA),Certificate/Diploma,Skilled/Unskilled Labor
Urban,Machakos,23.0,Woman,Some primary schooling,Employed (Part-time),"Unskilled manual worker (e.g., cleaner, laborer, domestic help, unskilled manufacturing worker)",Going in the right direction,Fairly bad,Approve,Somewhat,Increased a lot,Very badly,Fairly well,Never,A few times a week,A few times a week,A few times a week,A few times a week,I did not vote,Undecided/No Response,Primary School,Skilled/Unskilled Labor
Urban,Machakos,18.0,Man,Secondary school / high school completed,Unemployed (Actively looking),Retail / Shop,Going in the wrong direction,Fairly bad,Approve,Just a little,Increased somewhat,Fairly well,Fairly badly,A few times a week,Every day,A few times a month,Every day,Every day,I was too young to vote,Orange Democratic Movement (ODM),Secondary School,Trader
Urban,Nyandarua,30.0,Man,Primary school completed,Employed (Part-time),"Artisan or skilled manual worker (e.g., trades like electrician, mechanic, machinist or skilled manufacturing worker)",Going in the wrong direction,Fairly bad,Approve,Somewhat,Decreased somewhat,Fairly well,Fairly well,Never,Every day,Never,A few times a week,A few times a week,I voted in the election,United Democratic Alliance (UDA),Primary School,Skilled/Unskilled Labor
Urban,Nakuru,64.0,Woman,Some primary schooling,Employed (Part-time),"Unskilled manual worker (e.g., cleaner, laborer, domestic help, unskilled manufacturing worker)",Going in the wrong direction,Fairly bad,Approve,Just a little,Increased somewhat,Fairly badly,Fairly well,Every day,Never,Never,Never,Never,I voted in the election,Undecided/No Response,Primary School,Skilled/Unskilled Labor
Urban,Nakuru,42.0,Man,Some primary schooling,Employed (Part-time),"Unskilled manual worker (e.g., cleaner, laborer, domestic help, unskilled manufacturing worker)",Going in the wrong direction,Fairly bad,Disapprove,Not at all,Increased a lot,Fairly badly,Fairly badly,Every day,A few times a month,A few times a week,Every day,A few times a week,I voted in the election,Undecided/No Response,Primary School,Skilled/Unskilled Labor
Rural,Nyamira  ,60.0,Man,Primary school completed,Unemployed (Not looking),Agriculture / farming / fishing / forestry,Going in the wrong direction,Very bad,Disapprove,Somewhat,Increased a lot,Fairly badly,Very badly,Every day,Every day,Never,Never,Never,I voted in the election,Orange Democratic Movement (ODM),Primary School,Agriculture
Rural,Nakuru,32.0,Woman,Intermediate school or Some secondary school / high school,Unemployed (Actively looking),Agriculture / farming / fishing / forestry,Going in the wrong direction,Fairly good,Approve,Just a little,Decreased somewhat,Fairly badly,Fairly well,A few times a month,Every day,A few times a week,Every day,A few times a month,I voted in the election,United Democratic Alliance (UDA),Secondary School,Agriculture
Urban,Nairobi,25.0,Man,University completed,Employed (Part-time),"Mid-level professional (e.g., teacher, nurse, mid-level government officer)",Going in the wrong direction,Fairly bad,Approve,Just a little,Decreased somewhat,Fairly well,Fairly well,Every day,Every day,Never,Never,A few times a week,I voted in the election,Orange Democratic Movement (ODM),Bachelors Degree,Professional
Urban,Nairobi,34.0,Man,"Post-secondary qualifications, other than university e.g. a diploma or degree from a polytechnic or college",Employed (Part-time),Trader / hawker / vendor,Going in the right direction,Fairly good,Approve,Somewhat,Stayed the same,Fairly well,Fairly badly,Never,Every day,A few times a week,Every day,Every day,I voted in the election,Wiper Democratic Movement (WDM–K),Certificate/Diploma,Trader
Rural,Machakos,22.0,Woman,"Post-secondary qualifications, other than university e.g. a diploma or degree from a polytechnic or college",Employed (Full-time),"Unskilled manual worker (e.g., cleaner, laborer, domestic help, unskilled manufacturing worker)",Going in the wrong direction,Fairly bad,Strongly approve,Not at all,Increased a lot,Very badly,Very badly,Every day,A few times a week,Less than once a month,A few times a week,A few times a week,I voted in the election,Orange Democratic Movement (ODM),Certificate/Diploma,Skilled/Unskilled Labor
Urban,Nairobi,48.0,Man,Secondary school / high school completed,Employed (Full-time),"Unskilled manual worker (e.g., cleaner, laborer, domestic help, unskilled manufacturing worker)",Going in the wrong direction,Fairly good,Disapprove,Not at all,Increased a lot,Fairly well,Very badly,Every day,Every day,Less than once a month,Never,Never,I did not vote,Would not vote,Secondary School,Skilled/Unskilled Labor
Urban,Nairobi,24.0,Woman,Secondary school / high school completed,Unemployed (Actively looking),Student,Going in the wrong direction,Fairly bad,Strongly disapprove,Not at all,Increased a lot,Fairly badly,Very badly,Every day,A few times a month,A few times a month,Every day,A few times a month,I did not vote,Orange Democratic Movement (ODM),Secondary School,Student
Urban,Nakuru,58.0,Woman,Secondary school / high school completed,Unemployed (Not looking),Housewife / homemaker,Going in the right direction,Fairly bad,Approve,Somewhat,Increased a lot,Fairly well,Fairly badly,Never,Every day,Never,Every day,Every day,I voted in the election,United Democratic Alliance (UDA),Secondary School,Housewife
Urban,Nakuru,38.0,Woman,Some primary schooling,Unemployed (Actively looking),"Unskilled manual worker (e.g., cleaner, laborer, domestic help, unskilled manufacturing worker)",Going in the wrong direction,Very bad,Approve,A lot,Stayed the same,Undecided/No Response,Fairly well,A few times a week,Never,Never,Never,Never,I voted in the election,Undecided/No Response,Primary School,Skilled/Unskilled Labor
Rural,Nakuru,26.0,Woman,Secondary school / high school completed,Employed (Part-time),Trader / hawker / vendor,Going in the right direction,Fairly bad,Approve,Somewhat,Increased somewhat,Fairly badly,Fairly well,Every day,Every day,Never,Every day,Every day,I voted in the election,United Democratic Alliance (UDA),Secondary School,Trader
Rural,Nyamira  ,40.0,Man,University completed,Employed (Full-time),"Mid-level professional (e.g., teacher, nurse, mid-level government officer)",Going in the wrong direction,Very bad,Strongly disapprove,Not at all,Increased a lot,Very badly,Very badly,A few times a month,A few times a month,Less than once a month,A few times a week,Never,I did not vote,Would not vote,Bachelors Degree,Professional
Urban,Nairobi,28.0,Woman,Secondary school / high school completed,Unemployed (Actively looking),"Mid-level professional (e.g., teacher, nurse, mid-level government officer)",Going in the wrong direction,Very bad,Strongly disapprove,Not at all,Increased a lot,Fairly badly,Very badly,Never,Every day,Never,Every day,Every day,I did not vote,Would not vote,Secondary School,Professional
Urban,Nairobi,40.0,Man,Secondary school / high school completed,Unemployed (Actively looking),Housewife / homemaker,Going in the wrong direction,Very bad,Undecided/No Response,Not at all,Increased a lot,Very badly,Very badly,Every day,Every day,Less than once a month,Every day,Every day,I did not vote,Orange Democratic Movement (ODM),Secondary School,Housewife
Rural,Nakuru,50.0,Man,Some primary schooling,Employed (Part-time),"Unskilled manual worker (e.g., cleaner, laborer, domestic help, unskilled manufacturing worker)",Going in the wrong direction,Very bad,Undecided/No Response,Just a little,Undecided/No Response,Fairly badly,Fairly badly,Every day,Never,Never,Never,Never,I voted in the election,Undecided/No Response,Primary School,Skilled/Unskilled Labor
Urban,Nairobi,41.0,Man,Secondary school / high school completed,Employed (Part-time),"Unskilled manual worker (e.g., cleaner, laborer, domestic help, unskilled manufacturing worker)",Going in the wrong direction,Fairly bad,Strongly approve,A lot,Stayed the same,Fairly well,Fairly well,Every day,Every day,A few times a month,Every day,Every day,I voted in the election,United Democratic Alliance (UDA),Secondary School,Skilled/Unskilled Labor
Urban,Nairobi,58.0,Woman,Primary school completed,Employed (Part-time),Trader / hawker / vendor,Going in the right direction,Fairly good,Approve,A lot,Increased a lot,Fairly well,Very badly,A few times a week,Every day,Never,Every day,Never,I voted in the election,Undecided/No Response,Primary School,Trader
Urban,Nairobi,40.0,Woman,Primary school completed,Employed (Full-time),Trader / hawker / vendor,Going in the right direction,Very bad,Approve,Somewhat,Stayed the same,Fairly badly,Fairly well,Less than once a month,A few times a month,Never,Never,Never,I voted in the election,United Democratic Alliance (UDA),Primary School,Trader
Rural,Nyamira  ,19.0,Woman,Informal schooling only (including Koranic schooling),Unemployed (Actively looking),Agriculture / farming / fishing / forestry,Going in the right direction,Fairly good,Strongly approve,A lot,Increased somewhat,Fairly well,Very well,Every day,A few times a week,Less than once a month,Every day,Never,I voted in the election,Restore and Build Kenya (RBK),Informal Schooling,Agriculture
Urban,Nakuru,23.0,Woman,"Post-secondary qualifications, other than university e.g. a diploma or degree from a polytechnic or college",Unemployed (Not looking),Student,Going in the right direction,Fairly good,Approve,Just a little,Increased somewhat,Fairly badly,Very badly,Every day,A few times a week,A few times a week,Every day,A few times a week,I did not vote,United Democratic Alliance (UDA),Certificate/Diploma,Student
Urban,Nakuru,78.0,Man,Secondary school / high school completed,Unemployed (Not looking),"Artisan or skilled manual worker (e.g., trades like electrician, mechanic, machinist or skilled manufacturing worker)",Going in the wrong direction,Very bad,Approve,A lot,Increased a lot,Fairly badly,Fairly well,Every day,Every day,Never,Never,Never,I voted in the election,Undecided/No Response,Secondary School,Skilled/Unskilled Labor
Rural,Nakuru,25.0,Woman,Secondary school / high school completed,Employed (Full-time),"Mid-level professional (e.g., teacher, nurse, mid-level government officer)",Going in the wrong direction,Fairly bad,Strongly disapprove,Not at all,Increased a lot,Very badly,Very badly,Never,Every day,A few times a month,Every day,Every day,I did not vote,Would not vote,Secondary School,Professional
Urban,Nairobi,33.0,Man,Intermediate school or Some secondary school / high school,Employed (Full-time),Trader / hawker / vendor,Going in the right direction,Fairly good,Strongly disapprove,Just a little,Increased somewhat,Very badly,Very badly,Never,Never,Never,Never,Never,I did not vote,United Democratic Alliance (UDA),Secondary School,Trader
Urban,Nairobi,38.0,Man,"Post-secondary qualifications, other than university e.g. a diploma or degree from a polytechnic or college",Employed (Full-time),Trader / hawker / vendor,Going in the right direction,Very bad,Disapprove,Just a little,Decreased somewhat,Fairly well,Very badly,A few times a week,Every day,Never,A few times a week,A few times a week,I did not vote,Undecided/No Response,Certificate/Diploma,Trader
Urban,Nairobi,28.0,Woman,Secondary school / high school completed,Unemployed (Actively looking),"Artisan or skilled manual worker (e.g., trades like electrician, mechanic, machinist or skilled manufacturing worker)",Going in the wrong direction,Very bad,Strongly disapprove,Not at all,Increased a lot,Very badly,Very badly,Every day,Never,Never,Never,Never,I voted in the election,Wiper Democratic Movement (WDM–K),Secondary School,Skilled/Unskilled Labor
Urban,Nairobi,27.0,Woman,Undecided/No Response,Unemployed (Actively looking),"Artisan or skilled manual worker (e.g., trades like electrician, mechanic, machinist or skilled manufacturing worker)",Going in the right direction,Fairly good,Disapprove,A lot,Decreased somewhat,Fairly well,Fairly well,Every day,A few times a month,Less than once a month,Less than once a month,Less than once a month,I did not vote,United Democratic Alliance (UDA),Undecided/No Response,Skilled/Unskilled Labor
Urban,Nairobi,20.0,Woman,Secondary school / high school completed,Employed (Part-time),Trader / hawker / vendor,Going in the wrong direction,Fairly bad,Disapprove,Just a little,Increased somewhat,Fairly badly,Fairly well,Never,A few times a week,Never,Every day,Never,I was too young to vote,Orange Democratic Movement (ODM),Secondary School,Trader
Urban,Nakuru,21.0,Man,Secondary school / high school completed,Unemployed (Actively looking),Never had a job,Going in the wrong direction,Very bad,Undecided/No Response,Not at all,Increased a lot,Fairly badly,Fairly badly,Every day,Every day,Less than once a month,Every day,Every day,I voted in the election,Undecided/No Response,Secondary School,Undecided/No Response
Urban,Nakuru,23.0,Man,"Post-secondary qualifications, other than university e.g. a diploma or degree from a polytechnic or college",Unemployed (Actively looking),"Artisan or skilled manual worker (e.g., trades like electrician, mechanic, machinist or skilled manufacturing worker)",Going in the right direction,Fairly bad,Approve,Somewhat,Increased a lot,Fairly well,Very badly,Less than once a month,A few times a month,A few times a month,Every day,Every day,I voted in the election,United Democratic Alliance (UDA),Certificate/Diploma,Skilled/Unskilled Labor
Urban,Kiambu,41.0,Woman,Secondary school / high school completed,Employed (Full-time),Retail / Shop,Going in the wrong direction,Very bad,Strongly disapprove,Just a little,Increased a lot,Very badly,Very badly,Every day,Every day,Never,Every day,Every day,I voted in the election,Orange Democratic Movement (ODM),Secondary School,Trader
Urban,Kiambu,36.0,Woman,Secondary school / high school completed,Unemployed (Not looking),Trader / hawker / vendor,Undecided/No Response,Neither good nor bad,Strongly disapprove,Not at all,Increased a lot,Fairly badly,Fairly badly,A few times a month,Every day,Never,Never,Never,I did not vote,United Democratic Alliance (UDA),Secondary School,Trader
Urban,Kiambu,19.0,Woman,Secondary school / high school completed,Unemployed (Not looking),Student,Going in the right direction,Very good,Approve,Not at all,Decreased somewhat,Very badly,Very well,A few times a week,Every day,Less than once a month,Every day,Never,I was too young to vote,United Democratic Alliance (UDA),Secondary School,Student
Urban,Nairobi,47.0,Man,"Post-secondary qualifications, other than university e.g. a diploma or degree from a polytechnic or college",Employed (Full-time),"Artisan or skilled manual worker (e.g., trades like electrician, mechanic, machinist or skilled manufacturing worker)",Going in the wrong direction,Very bad,Strongly disapprove,Not at all,Increased a lot,Very badly,Very badly,A few times a month,A few times a month,Never,Every day,Undecided/No Response,I voted in the election,Wiper Democratic Movement (WDM–K),Certificate/Diploma,Skilled/Unskilled Labor
Urban,Nairobi,33.0,Woman,Secondary school / high school completed,Unemployed (Actively looking),Retail / Shop,Going in the wrong direction,Very bad,Strongly disapprove,Not at all,Increased a lot,Very badly,Very badly,Every day,Every day,Never,Never,Less than once a month,I voted in the election,Orange Democratic Movement (ODM),Secondary School,Trader
Urban,Nairobi,28.0,Woman,Secondary school / high school completed,Unemployed (Actively looking),Trader / hawker / vendor,Going in the wrong direction,Fairly bad,Strongly disapprove,Not at all,Decreased a lot,Very badly,Fairly well,A few times a week,Never,Never,Never,Never,I voted in the election,Orange Democratic Movement (ODM),Secondary School,Trader
Urban,Nairobi,27.0,Woman,University completed,Employed (Part-time),"Mid-level professional (e.g., teacher, nurse, mid-level government officer)",Going in the wrong direction,Very bad,Disapprove,Not at all,Increased a lot,Fairly badly,Fairly badly,Never,Every day,Never,Every day,Never,I voted in the election,Orange Democratic Movement (ODM),Bachelors Degree,Professional
Urban,Nairobi,46.0,Woman,Intermediate school or Some secondary school / high school,Employed (Part-time),"Unskilled manual worker (e.g., cleaner, laborer, domestic help, unskilled manufacturing worker)",Going in the right direction,Neither good nor bad,Approve,A lot,Decreased somewhat,Fairly well,Fairly badly,Every day,Every day,A few times a week,A few times a week,A few times a week,I voted in the election,United Democratic Alliance (UDA),Secondary School,Skilled/Unskilled Labor
Urban,Nairobi,33.0,Woman,Primary school completed,Unemployed (Actively looking),"Unskilled manual worker (e.g., cleaner, laborer, domestic help, unskilled manufacturing worker)",Going in the right direction,Very bad,Disapprove,Not at all,Increased a lot,Very badly,Very badly,Every day,Never,Never,Never,Never,I voted in the election,Would not vote,Primary School,Skilled/Unskilled Labor
Urban,Nairobi,23.0,Woman,Secondary school / high school completed,Employed (Part-time),Retail / Shop,Going in the wrong direction,Very bad,Approve,Just a little,Increased a lot,Fairly well,Very badly,A few times a week,Every day,Never,Never,Never,I voted in the election,United Democratic Alliance (UDA),Secondary School,Trader
Urban,Kiambu,25.0,Man,"Post-secondary qualifications, other than university e.g. a diploma or degree from a polytechnic or college",Employed (Part-time),"Upper-level professional (e.g., banker/finance, doctor, lawyer, engineer, accountant, professor, senior-level government",Going in the wrong direction,Fairly good,Approve,Somewhat,Increased a lot,Fairly badly,Very badly,Never,Less than once a month,Less than once a month,Every day,Every day,I did not vote,United Democratic Alliance (UDA),Certificate/Diploma,Professional
Urban,Nairobi,36.0,Man,Intermediate school or Some secondary school / high school,Unemployed (Actively looking),"Artisan or skilled manual worker (e.g., trades like electrician, mechanic, machinist or skilled manufacturing worker)",Going in the wrong direction,Fairly bad,Strongly disapprove,Just a little,Increased a lot,Very badly,Fairly badly,Every day,Never,A few times a week,Never,Never,I voted in the election,Wiper Democratic Movement (WDM–K),Secondary School,Skilled/Unskilled Labor
Rural,Machakos,35.0,Woman,Intermediate school or Some secondary school / high school,Unemployed (Not looking),Trader / hawker / vendor,Going in the wrong direction,Very bad,Strongly disapprove,Not at all,Undecided/No Response,Very badly,Very badly,Every day,Every day,Never,Never,Never,I voted in the election,Would not vote,Secondary School,Trader
Rural,Machakos,35.0,Woman,Primary school completed,Unemployed (Actively looking),Agriculture / farming / fishing / forestry,Going in the right direction,Very good,Disapprove,A lot,Stayed the same,Very badly,Fairly well,Every day,Never,Never,Never,Never,I did not vote,Orange Democratic Movement (ODM),Primary School,Agriculture
Rural,Machakos,45.0,Man,"Post-secondary qualifications, other than university e.g. a diploma or degree from a polytechnic or college",Unemployed (Actively looking),"Artisan or skilled manual worker (e.g., trades like electrician, mechanic, machinist or skilled manufacturing worker)",Going in the wrong direction,Very bad,Disapprove,Not at all,Increased a lot,Very badly,Very badly,A few times a month,Every day,Less than once a month,Every day,A few times a week,I voted in the election,Undecided/No Response,Certificate/Diploma,Skilled/Unskilled Labor
Rural,Machakos,38.0,Man,"Post-secondary qualifications, other than university e.g. a diploma or degree from a polytechnic or college",Unemployed (Actively looking),Agriculture / farming / fishing / forestry,Going in the wrong direction,Very bad,Disapprove,Not at all,Decreased somewhat,Fairly well,Very badly,Every day,Every day,A few times a month,Every day,Every day,I voted in the election,United Democratic Alliance (UDA),Certificate/Diploma,Agriculture
Rural,Nyamira  ,72.0,Man,Secondary school / high school completed,Unemployed (Not looking),Agriculture / farming / fishing / forestry,Going in the right direction,Neither good nor bad,Approve,A lot,Decreased a lot,Fairly well,Fairly well,Every day,A few times a week,A few times a week,Less than once a month,A few times a week,I voted in the election,Undecided/No Response,Secondary School,Agriculture
Urban,Nakuru,27.0,Woman,"Post-secondary qualifications, other than university e.g. a diploma or degree from a polytechnic or college",Unemployed (Actively looking),Housewife / homemaker,Going in the wrong direction,Very bad,Strongly disapprove,Not at all,Increased a lot,Very badly,Very badly,Every day,Every day,A few times a week,Every day,Every day,I voted in the election,Would not vote,Certificate/Diploma,Housewife
Urban,Nakuru,42.0,Man,Intermediate school or Some secondary school / high school,Employed (Part-time),"Artisan or skilled manual worker (e.g., trades like electrician, mechanic, machinist or skilled manufacturing worker)",Going in the wrong direction,Very bad,Strongly disapprove,Not at all,Increased a lot,Very badly,Very badly,Every day,Every day,Never,Every day,Every day,I voted in the election,Would not vote,Secondary School,Skilled/Unskilled Labor
Urban,Nakuru,21.0,Woman,Intermediate school or Some secondary school / high school,Employed (Part-time),"Unskilled manual worker (e.g., cleaner, laborer, domestic help, unskilled manufacturing worker)",Going in the wrong direction,Very bad,Approve,Just a little,Decreased somewhat,Very badly,Very badly,Never,Less than once a month,Less than once a month,Every day,A few times a week,I did not vote,Orange Democratic Movement (ODM),Secondary School,Skilled/Unskilled Labor
Urban,Kiambu,28.0,Man,Secondary school / high school completed,Unemployed (Actively looking),"Unskilled manual worker (e.g., cleaner, laborer, domestic help, unskilled manufacturing worker)",Going in the right direction,Fairly good,Disapprove,Just a little,Increased a lot,Fairly well,Fairly badly,A few times a week,Every day,Never,Every day,Every day,I did not vote,Would not vote,Secondary School,Skilled/Unskilled Labor
Urban,Nakuru,44.0,Woman,No formal schooling,Unemployed (Actively looking),"Unskilled manual worker (e.g., cleaner, laborer, domestic help, unskilled manufacturing worker)",Going in the wrong direction,Very bad,Undecided/No Response,Not at all,Stayed the same,Very badly,Very badly,A few times a week,Never,Never,Never,Never,I voted in the election,Undecided/No Response,Informal Schooling,Skilled/Unskilled Labor
Urban,Kiambu,34.0,Man,Secondary school / high school completed,Employed (Full-time),"Unskilled manual worker (e.g., cleaner, laborer, domestic help, unskilled manufacturing worker)",Going in the right direction,Fairly good,Strongly approve,A lot,Decreased somewhat,Very well,Fairly well,Every day,Every day,Less than once a month,Every day,Every day,I voted in the election,United Democratic Alliance (UDA),Secondary School,Skilled/Unskilled Labor
Rural,Kwale,48.0,Man,"Post-secondary qualifications, other than university e.g. a diploma or degree from a polytechnic or college",Employed (Part-time),"Upper-level professional (e.g., banker/finance, doctor, lawyer, engineer, accountant, professor, senior-level government",Going in the wrong direction,Fairly good,Strongly disapprove,Not at all,Increased a lot,Very badly,Very badly,Every day,Every day,A few times a week,Every day,Every day,I voted in the election,Undecided/No Response,Certificate/Diploma,Professional
Rural,Kwale,42.0,Man,"Post-secondary qualifications, other than university e.g. a diploma or degree from a polytechnic or college",Unemployed (Actively looking),Agriculture / farming / fishing / forestry,Going in the wrong direction,Fairly bad,Strongly disapprove,Just a little,Stayed the same,Very badly,Fairly well,A few times a week,A few times a week,A few times a month,Every day,Undecided/No Response,I voted in the election,Wiper Democratic Movement (WDM–K),Certificate/Diploma,Agriculture
Rural,Kwale,27.0,Woman,University completed,Employed (Full-time),Supervisor / Foreman / Senior Manager,Going in the wrong direction,Neither good nor bad,Disapprove,Somewhat,Stayed the same,Fairly badly,Very badly,A few times a week,A few times a month,Never,A few times a week,A few times a week,I did not vote,Would not vote,Bachelors Degree,Professional
Rural,Kwale,30.0,Woman,No formal schooling,Employed (Part-time),"Unskilled manual worker (e.g., cleaner, laborer, domestic help, unskilled manufacturing worker)",Going in the wrong direction,Very bad,Disapprove,Just a little,Increased a lot,Fairly well,Fairly badly,Never,Every day,Never,Never,Never,I did not vote,Undecided/No Response,Informal Schooling,Skilled/Unskilled Labor
Urban,Nairobi,29.0,Man,Secondary school / high school completed,Employed (Full-time),Trader / hawker / vendor,Going in the wrong direction,Very bad,Strongly disapprove,Just a little,Increased a lot,Very badly,Very badly,Every day,Every day,Less than once a month,A few times a month,Never,I voted in the election,Orange Democratic Movement (ODM),Secondary School,Trader
Urban,Kiambu,71.0,Man,Secondary school / high school completed,Employed (Part-time),"Security services (police, army, private security)",Going in the wrong direction,Very bad,Strongly disapprove,Just a little,Increased a lot,Very badly,Very badly,Every day,Every day,Less than once a month,Never,Never,I voted in the election,Jubilee Alliance Party (JAP),Secondary School,Security Services
Rural,Machakos,51.0,Woman,Primary school completed,Unemployed (Not looking),Agriculture / farming / fishing / forestry,Going in the wrong direction,Very bad,Disapprove,Somewhat,Increased a lot,Very badly,Very badly,Less than once a month,Every day,Never,Never,Never,I voted in the election,Wiper Democratic Movement (WDM–K),Primary School,Agriculture
Rural,Machakos,44.0,Woman,Secondary school / high school completed,Unemployed (Actively looking),Agriculture / farming / fishing / forestry,Going in the wrong direction,Very bad,Strongly disapprove,Not at all,Increased a lot,Very badly,Very badly,Every day,Every day,Never,Never,Never,I voted in the election,Orange Democratic Movement (ODM),Secondary School,Agriculture
Rural,Machakos,52.0,Man,Intermediate school or Some secondary school / high school,Unemployed (Actively looking),"Unskilled manual worker (e.g., cleaner, laborer, domestic help, unskilled manufacturing worker)",Going in the wrong direction,Very bad,Disapprove,Just a little,Stayed the same,Very badly,Fairly badly,A few times a week,Never,Never,Never,Never,I voted in the election,Wiper Democratic Movement (WDM–K),Secondary School,Skilled/Unskilled Labor
Rural,Machakos,26.0,Man,"Post-secondary qualifications, other than university e.g. a diploma or degree from a polytechnic or college",Employed (Full-time),"Unskilled manual worker (e.g., cleaner, laborer, domestic help, unskilled manufacturing worker)",Going in the wrong direction,Fairly bad,Approve,Somewhat,Decreased somewhat,Fairly badly,Fairly well,Every day,Every day,Never,A few times a week,A few times a week,I voted in the election,United Democratic Alliance (UDA),Certificate/Diploma,Skilled/Unskilled Labor
Urban,Nairobi,20.0,Man,Secondary school / high school completed,Unemployed (Actively looking),Agriculture / farming / fishing / forestry,Going in the wrong direction,Very bad,Disapprove,A lot,Increased a lot,Very badly,Very badly,Every day,Every day,Every day,Every day,Every day,I did not vote,Amani National Congress,Secondary School,Agriculture
Urban,Nairobi,28.0,Man,Primary school completed,Employed (Part-time),Retail / Shop,Going in the wrong direction,Very bad,Strongly disapprove,Not at all,Increased a lot,Fairly well,Very badly,Every day,Every day,Never,Every day,Every day,I voted in the election,Would not vote,Primary School,Trader
Urban,Nakuru,43.0,Man,Intermediate school or Some secondary school / high school,Employed (Part-time),Agriculture / farming / fishing / forestry,Going in the wrong direction,Very good,Strongly disapprove,Somewhat,Decreased a lot,Fairly badly,Fairly badly,Never,Every day,Never,Every day,A few times a week,I voted in the election,Would not vote,Secondary School,Agriculture
Urban,Nakuru,32.0,Man,Intermediate school or Some secondary school / high school,Employed (Part-time),"Artisan or skilled manual worker (e.g., trades like electrician, mechanic, machinist or skilled manufacturing worker)",Going in the wrong direction,Fairly good,Disapprove,Not at all,Increased a lot,Fairly well,Fairly badly,A few times a week,Every day,A few times a month,A few times a week,A few times a week,I voted in the election,NARC – Kenya,Secondary School,Skilled/Unskilled Labor
Urban,Nairobi,23.0,Man,"Post-secondary qualifications, other than university e.g. a diploma or degree from a polytechnic or college",Unemployed (Actively looking),"Artisan or skilled manual worker (e.g., trades like electrician, mechanic, machinist or skilled manufacturing worker)",Going in the wrong direction,Very bad,Undecided/No Response,Not at all,Stayed the same,Fairly well,Very badly,A few times a week,A few times a month,Never,Every day,Every day,I did not vote,Would not vote,Certificate/Diploma,Skilled/Unskilled Labor
Urban,Nakuru,18.0,Man,Intermediate school or Some secondary school / high school,Employed (Part-time),Student,Going in the wrong direction,Fairly bad,Strongly disapprove,Just a little,Decreased somewhat,Very badly,Fairly well,Undecided/No Response,Undecided/No Response,Never,Every day,Every day,I did not vote,Roots Party of Kenya (RPK),Secondary School,Student
Rural,Kwale,37.0,Woman,No formal schooling,Unemployed (Actively looking),"Unskilled manual worker (e.g., cleaner, laborer, domestic help, unskilled manufacturing worker)",Going in the wrong direction,Very bad,Strongly disapprove,Not at all,Increased a lot,Very badly,Very badly,A few times a week,A few times a week,Never,Less than once a month,Never,I voted in the election,Orange Democratic Movement (ODM),Informal Schooling,Skilled/Unskilled Labor
Rural,Kwale,36.0,Woman,Primary school completed,Unemployed (Actively looking),"Unskilled manual worker (e.g., cleaner, laborer, domestic help, unskilled manufacturing worker)",Going in the right direction,Very bad,Disapprove,Just a little,Increased somewhat,Fairly badly,Fairly badly,Every day,Every day,Never,Every day,Every day,I did not vote,United Democratic Alliance (UDA),Primary School,Skilled/Unskilled Labor
Rural,Kwale,24.0,Man,Secondary school / high school completed,Unemployed (Actively looking),Agriculture / farming / fishing / forestry,Going in the wrong direction,Fairly good,Disapprove,Just a little,Increased somewhat,Fairly badly,Very badly,A few times a month,A few times a week,Never,Every day,Never,I voted in the election,Wiper Democratic Movement (WDM–K),Secondary School,Agriculture
Urban,Nakuru,20.0,Woman,"Post-secondary qualifications, other than university e.g. a diploma or degree from a polytechnic or college",Unemployed (Actively looking),Trader / hawker / vendor,Undecided/No Response,Fairly bad,Undecided/No Response,Somewhat,Stayed the same,Fairly badly,Fairly badly,A few times a week,Every day,Never,Every day,Every day,I did not vote,Undecided/No Response,Certificate/Diploma,Trader
Rural,Kwale,25.0,Man,University completed,Employed (Full-time),Clerical or secretarial,Going in the right direction,Fairly good,Approve,Just a little,Stayed the same,Fairly well,Fairly well,Every day,A few times a week,Never,Every day,Every day,I voted in the election,United Democratic Alliance (UDA),Bachelors Degree,Professional
Rural,Nyandarua,38.0,Woman,Primary school completed,Employed (Full-time),Agriculture / farming / fishing / forestry,Going in the wrong direction,Fairly bad,Strongly disapprove,Just a little,Increased a lot,Very badly,Fairly badly,Less than once a month,Every day,Never,Never,Never,I did not vote,United Democratic Alliance (UDA),Primary School,Agriculture
Rural,Nyandarua,37.0,Woman,Primary school completed,Unemployed (Not looking),Agriculture / farming / fishing / forestry,Going in the wrong direction,Fairly good,Strongly disapprove,Somewhat,Increased a lot,Fairly well,Fairly well,Never,Every day,Never,Never,Never,I voted in the election,United Democratic Alliance (UDA),Primary School,Agriculture
Urban,Nakuru,30.0,Woman,"Post-secondary qualifications, other than university e.g. a diploma or degree from a polytechnic or college",Employed (Part-time),Trader / hawker / vendor,Going in the wrong direction,Very bad,Strongly disapprove,Not at all,Increased a lot,Very badly,Very badly,Every day,Every day,A few times a month,Every day,Every day,I voted in the election,Orange Democratic Movement (ODM),Certificate/Diploma,Trader
Rural,Kilifi,29.0,Man,Secondary school / high school completed,Employed (Full-time),Retail / Shop,Going in the wrong direction,Fairly bad,Strongly disapprove,Just a little,Increased a lot,Very badly,Very badly,Every day,Every day,Never,Every day,Every day,I did not vote,Orange Democratic Movement (ODM),Secondary School,Trader
Rural,Machakos,58.0,Man,Secondary school / high school completed,Employed (Part-time),"Artisan or skilled manual worker (e.g., trades like electrician, mechanic, machinist or skilled manufacturing worker)",Going in the right direction,Very good,Approve,Somewhat,Increased somewhat,Fairly well,Fairly well,Every day,Every day,Less than once a month,Never,Never,I voted in the election,Wiper Democratic Movement (WDM–K),Secondary School,Skilled/Unskilled Labor
Urban,Nakuru,42.0,Woman,Primary school completed,Unemployed (Actively looking),"Unskilled manual worker (e.g., cleaner, laborer, domestic help, unskilled manufacturing worker)",Going in the right direction,Fairly bad,Approve,Just a little,Increased somewhat,Fairly badly,Fairly well,Every day,Every day,Never,Never,Never,I voted in the election,United Democratic Alliance (UDA),Primary School,Skilled/Unskilled Labor
Urban,Busia,66.0,Man,"Post-secondary qualifications, other than university e.g. a diploma or degree from a polytechnic or college",Unemployed (Actively looking),Agriculture / farming / fishing / forestry,Going in the wrong direction,Very bad,Strongly disapprove,Not at all,Increased a lot,Very badly,Very badly,Every day,Every day,A few times a month,Every day,Every day,I voted in the election,Orange Democratic Movement (ODM),Certificate/Diploma,Agriculture
Rural,Kilifi,23.0,Man,Primary school completed,Unemployed (Actively looking),Agriculture / farming / fishing / forestry,Going in the wrong direction,Neither good nor bad,Disapprove,Not at all,Increased a lot,Fairly badly,Very badly,Every day,Every day,Never,Never,Never,I did not vote,Orange Democratic Movement (ODM),Primary School,Agriculture
Urban,Nakuru,29.0,Woman,"Post-secondary qualifications, other than university e.g. a diploma or degree from a polytechnic or college",Employed (Full-time),Trader / hawker / vendor,Going in the wrong direction,Fairly bad,Approve,Somewhat,Stayed the same,Fairly well,Very badly,A few times a week,Every day,Never,A few times a week,Every day,I did not vote,Undecided/No Response,Certificate/Diploma,Trader
Rural,Kilifi,53.0,Man,"Post-secondary qualifications, other than university e.g. a diploma or degree from a polytechnic or college",Unemployed (Actively looking),"Unskilled manual worker (e.g., cleaner, laborer, domestic help, unskilled manufacturing worker)",Going in the wrong direction,Fairly bad,Disapprove,Somewhat,Stayed the same,Undecided/No Response,Fairly badly,A few times a month,Every day,Never,A few times a month,A few times a month,I did not vote,Would not vote,Certificate/Diploma,Skilled/Unskilled Labor
Urban,Busia,35.0,Man,Primary school completed,Unemployed (Actively looking),"Artisan or skilled manual worker (e.g., trades like electrician, mechanic, machinist or skilled manufacturing worker)",Going in the wrong direction,Very bad,Approve,Somewhat,Increased somewhat,Fairly badly,Very well,Every day,Every day,A few times a month,Every day,Every day,I voted in the election,Orange Democratic Movement (ODM),Primary School,Skilled/Unskilled Labor
Rural,Nyandarua,42.0,Woman,Secondary school / high school completed,Employed (Part-time),Agriculture / farming / fishing / forestry,Going in the right direction,Fairly bad,Approve,A lot,Decreased somewhat,Undecided/No Response,Fairly well,A few times a week,Every day,Never,A few times a week,A few times a week,I voted in the election,United Democratic Alliance (UDA),Secondary School,Agriculture
Rural,Nyandarua,19.0,Man,Secondary school / high school completed,Unemployed (Not looking),Never had a job,Going in the right direction,Neither good nor bad,Approve,Just a little,Stayed the same,Fairly well,Fairly badly,A few times a week,A few times a week,Less than once a month,Every day,A few times a week,I did not vote,Would not vote,Secondary School,Undecided/No Response
Rural,Machakos,42.0,Woman,Intermediate school or Some secondary school / high school,Unemployed (Not looking),Agriculture / farming / fishing / forestry,Going in the wrong direction,Fairly bad,Disapprove,Just a little,Stayed the same,Fairly badly,Fairly badly,Every day,A few times a week,Never,Never,Never,I voted in the election,Wiper Democratic Movement (WDM–K),Secondary School,Agriculture
Urban,Nakuru,22.0,Man,Secondary school / high school completed,Employed (Full-time),Trader / hawker / vendor,Going in the wrong direction,Very bad,Disapprove,Somewhat,Increased a lot,Fairly badly,Fairly badly,Every day,Every day,Every day,Every day,Every day,I voted in the election,Would not vote,Secondary School,Trader
Rural,Machakos,54.0,Man,"Post-secondary qualifications, other than university e.g. a diploma or degree from a polytechnic or college",Unemployed (Not looking),Agriculture / farming / fishing / forestry,Going in the wrong direction,Very bad,Strongly disapprove,Just a little,Increased a lot,Very badly,Very badly,Every day,Every day,Never,Never,Never,I voted in the election,Undecided/No Response,Certificate/Diploma,Agriculture
Urban,Busia,24.0,Woman,Secondary school / high school completed,Unemployed (Actively looking),"Unskilled manual worker (e.g., cleaner, laborer, domestic help, unskilled manufacturing worker)",Going in the right direction,Fairly good,Approve,Somewhat,Increased somewhat,Fairly well,Fairly well,Every day,Every day,Never,Every day,Every day,I did not vote,United Democratic Alliance (UDA),Secondary School,Skilled/Unskilled Labor
Rural,Kilifi,58.0,Woman,No formal schooling,Unemployed (Not looking),Agriculture / farming / fishing / forestry,Going in the wrong direction,Very bad,Strongly disapprove,Not at all,Increased a lot,Very badly,Undecided/No Response,A few times a month,A few times a week,Never,Never,Never,I voted in the election,Would not vote,Informal Schooling,Agriculture
Urban,Nairobi,19.0,Man,Secondary school / high school completed,Unemployed (Actively looking),Student,Going in the wrong direction,Fairly bad,Disapprove,Not at all,Increased a lot,Fairly badly,Very badly,A few times a week,A few times a week,A few times a month,Every day,Every day,I was too young to vote,Orange Democratic Movement (ODM),Secondary School,Student
Urban,Kiambu,30.0,Woman,Intermediate school or Some secondary school / high school,Unemployed (Actively looking),"Unskilled manual worker (e.g., cleaner, laborer, domestic help, unskilled manufacturing worker)",Undecided/No Response,Very bad,Strongly approve,Just a little,Increased a lot,Very badly,Very badly,Every day,Every day,Never,Every day,A few times a month,I voted in the election,Undecided/No Response,Secondary School,Skilled/Unskilled Labor
Urban,Nairobi,25.0,Woman,"Post-secondary qualifications, other than university e.g. a diploma or degree from a polytechnic or college",Employed (Part-time),Trader / hawker / vendor,Going in the right direction,Fairly good,Disapprove,Somewhat,Stayed the same,Fairly badly,Very badly,Never,Every day,A few times a month,Every day,Every day,I voted in the election,Maendeleo Chap Chap,Certificate/Diploma,Trader
Urban,Busia,32.0,Woman,Some primary schooling,Unemployed (Actively looking),Agriculture / farming / fishing / forestry,Going in the wrong direction,Fairly bad,Strongly disapprove,Not at all,Increased a lot,Fairly well,Very badly,Every day,Every day,Never,A few times a month,Less than once a month,I voted in the election,Orange Democratic Movement (ODM),Primary School,Agriculture
Urban,Nairobi,29.0,Woman,Secondary school / high school completed,Unemployed (Actively looking),Housewife / homemaker,Going in the wrong direction,Fairly bad,Disapprove,Just a little,Stayed the same,Fairly badly,Fairly badly,Every day,Every day,Never,A few times a week,A few times a week,I did not vote,Orange Democratic Movement (ODM),Secondary School,Housewife
Urban,Nairobi,25.0,Man,"Post-secondary qualifications, other than university e.g. a diploma or degree from a polytechnic or college",Employed (Full-time),"Artisan or skilled manual worker (e.g., trades like electrician, mechanic, machinist or skilled manufacturing worker)",Going in the wrong direction,Very bad,Strongly disapprove,Not at all,Increased a lot,Fairly badly,Very badly,A few times a month,Every day,Never,Every day,A few times a week,I did not vote,Orange Democratic Movement (ODM),Certificate/Diploma,Skilled/Unskilled Labor
Rural,Nyamira  ,22.0,Woman,Primary school completed,Unemployed (Actively looking),Agriculture / farming / fishing / forestry,Going in the right direction,Fairly good,Strongly approve,A lot,Increased somewhat,Very well,Fairly well,Every day,Never,Never,A few times a week,Never,I voted in the election,United Democratic Alliance (UDA),Primary School,Agriculture
Rural,Nyamira  ,52.0,Woman,Some primary schooling,Unemployed (Not looking),Agriculture / farming / fishing / forestry,Going in the wrong direction,Fairly bad,Disapprove,A lot,Stayed the same,Very badly,Fairly badly,A few times a month,Never,Never,Never,Never,I voted in the election,Orange Democratic Movement (ODM),Primary School,Agriculture
Urban,Nairobi,33.0,Woman,"Post-secondary qualifications, other than university e.g. a diploma or degree from a polytechnic or college",Employed (Part-time),Trader / hawker / vendor,Going in the wrong direction,Fairly bad,Disapprove,Just a little,Undecided/No Response,Fairly well,Undecided/No Response,Every day,Never,Never,Never,Undecided/No Response,I did not vote,Undecided/No Response,Certificate/Diploma,Trader
Urban,Nairobi,31.0,Man,Secondary school / high school completed,Employed (Full-time),"Artisan or skilled manual worker (e.g., trades like electrician, mechanic, machinist or skilled manufacturing worker)",Going in the wrong direction,Very bad,Approve,A lot,Decreased somewhat,Fairly well,Fairly well,Every day,Less than once a month,Less than once a month,A few times a week,A few times a week,I voted in the election,Undecided/No Response,Secondary School,Skilled/Unskilled Labor
Urban,Nairobi,47.0,Man,Some primary schooling,Unemployed (Actively looking),Trader / hawker / vendor,Going in the right direction,Neither good nor bad,Approve,Somewhat,Stayed the same,Fairly badly,Fairly badly,A few times a week,Every day,Never,A few times a month,A few times a month,I voted in the election,United Democratic Alliance (UDA),Primary School,Trader
Rural,Nyamira  ,47.0,Woman,Primary school completed,Employed (Part-time),Agriculture / farming / fishing / forestry,Going in the wrong direction,Very bad,Strongly approve,Somewhat,Decreased somewhat,Fairly well,Fairly badly,Every day,Every day,Never,Never,Never,I voted in the election,Orange Democratic Movement (ODM),Primary School,Agriculture
Urban,Nairobi,42.0,Woman,Some primary schooling,Unemployed (Actively looking),"Unskilled manual worker (e.g., cleaner, laborer, domestic help, unskilled manufacturing worker)",Going in the wrong direction,Fairly bad,Strongly disapprove,Not at all,Increased a lot,Very badly,Fairly badly,Every day,Every day,Never,Never,Never,I voted in the election,Would not vote,Primary School,Skilled/Unskilled Labor
Rural,Machakos,35.0,Man,"Post-secondary qualifications, other than university e.g. a diploma or degree from a polytechnic or college",Employed (Part-time),Agriculture / farming / fishing / forestry,Going in the wrong direction,Fairly good,Disapprove,Not at all,Stayed the same,Fairly badly,Fairly badly,Every day,Every day,Never,Every day,Every day,I voted in the election,Orange Democratic Movement (ODM),Certificate/Diploma,Agriculture
Urban,Nairobi,22.0,Man,"Post-secondary qualifications, other than university e.g. a diploma or degree from a polytechnic or college",Employed (Part-time),"Artisan or skilled manual worker (e.g., trades like electrician, mechanic, machinist or skilled manufacturing worker)",Going in the wrong direction,Fairly bad,Strongly approve,A lot,Decreased somewhat,Fairly well,Fairly well,Never,Every day,Never,Every day,A few times a week,I voted in the election,Orange Democratic Movement (ODM),Certificate/Diploma,Skilled/Unskilled Labor
Urban,Busia,19.0,Woman,Secondary school / high school completed,Unemployed (Actively looking),Never had a job,Going in the wrong direction,Fairly bad,Strongly disapprove,Just a little,Increased a lot,Very badly,Very badly,Every day,Every day,Never,Never,Never,I did not vote,Orange Democratic Movement (ODM),Secondary School,Undecided/No Response
Rural,Machakos,67.0,Woman,Intermediate school or Some secondary school / high school,Unemployed (Actively looking),Agriculture / farming / fishing / forestry,Going in the wrong direction,Very bad,Disapprove,Undecided/No Response,Increased somewhat,Undecided/No Response,Fairly badly,Every day,Every day,Never,Never,Never,I voted in the election,Would not vote,Secondary School,Agriculture
Rural,Kilifi,28.0,Woman,"Post-secondary qualifications, other than university e.g. a diploma or degree from a polytechnic or college",Unemployed (Actively looking),Retail / Shop,Going in the wrong direction,Very bad,Strongly disapprove,Not at all,Increased a lot,Very badly,Very badly,Every day,A few times a month,Never,A few times a week,Never,I did not vote,Orange Democratic Movement (ODM),Certificate/Diploma,Trader
Rural,Nyamira  ,50.0,Man,"Post-secondary qualifications, other than university e.g. a diploma or degree from a polytechnic or college",Unemployed (Actively looking),Agriculture / farming / fishing / forestry,Going in the wrong direction,Very bad,Approve,Just a little,Decreased somewhat,Fairly well,Fairly well,Every day,A few times a week,Never,A few times a week,A few times a week,I did not vote,United Democratic Alliance (UDA),Certificate/Diploma,Agriculture
Rural,Kilifi,18.0,Woman,Intermediate school or Some secondary school / high school,Unemployed (Not looking),Agriculture / farming / fishing / forestry,Going in the right direction,Fairly good,Strongly disapprove,Not at all,Increased a lot,Fairly badly,Very badly,Every day,Every day,Never,Never,Never,I did not vote,Orange Democratic Movement (ODM),Secondary School,Agriculture
Rural,Marsabit,61.0,Man,Intermediate school or Some secondary school / high school,Employed (Part-time),Agriculture / farming / fishing / forestry,Going in the right direction,Fairly bad,Approve,A lot,Undecided/No Response,Very badly,Very badly,Every day,A few times a week,A few times a month,A few times a month,A few times a month,I voted in the election,Would not vote,Secondary School,Agriculture
Urban,Nakuru,70.0,Man,"Post-secondary qualifications, other than university e.g. a diploma or degree from a polytechnic or college",Unemployed (Not looking),"Upper-level professional (e.g., banker/finance, doctor, lawyer, engineer, accountant, professor, senior-level government",Going in the wrong direction,Very bad,Strongly disapprove,Not at all,Increased a lot,Very badly,Very badly,Every day,Every day,Never,A few times a week,A few times a week,I did not vote,Orange Democratic Movement (ODM),Certificate/Diploma,Professional
Rural,Nyandarua,37.0,Man,Secondary school / high school completed,Unemployed (Actively looking),Agriculture / farming / fishing / forestry,Going in the wrong direction,Fairly bad,Disapprove,Not at all,Increased a lot,Fairly badly,Fairly badly,Every day,Every day,A few times a week,Every day,A few times a week,I voted in the election,Orange Democratic Movement (ODM),Secondary School,Agriculture
Urban,Busia,65.0,Man,Some primary schooling,Unemployed (Not looking),Agriculture / farming / fishing / forestry,Going in the wrong direction,Very bad,Strongly disapprove,Not at all,Increased a lot,Very badly,Very badly,Every day,Every day,Never,Never,Never,I voted in the election,KANU,Primary School,Agriculture
Urban,Nairobi,20.0,Woman,Secondary school / high school completed,Employed (Part-time),Trader / hawker / vendor,Going in the wrong direction,Fairly bad,Strongly disapprove,Not at all,Increased somewhat,Very badly,Very badly,A few times a week,Every day,A few times a week,Every day,Every day,I voted in the election,Jubilee Alliance Party (JAP),Secondary School,Trader
Urban,Nakuru,52.0,Man,Some primary schooling,Unemployed (Not looking),"Unskilled manual worker (e.g., cleaner, laborer, domestic help, unskilled manufacturing worker)",Going in the wrong direction,Fairly bad,Disapprove,Somewhat,Decreased somewhat,Fairly badly,Fairly badly,Every day,Never,Never,Never,Never,I voted in the election,Undecided/No Response,Primary School,Skilled/Unskilled Labor
Urban,Busia,80.0,Woman,No formal schooling,Unemployed (Not looking),Agriculture / farming / fishing / forestry,Going in the wrong direction,Very bad,Strongly approve,A lot,Stayed the same,Fairly badly,Very well,Every day,Never,Never,Never,Never,I did not vote,Undecided/No Response,Informal Schooling,Agriculture
Rural,Kilifi,32.0,Woman,Some primary schooling,Unemployed (Not looking),Retail / Shop,Going in the wrong direction,Very bad,Approve,Just a little,Increased somewhat,Fairly badly,Fairly badly,Every day,A few times a month,Never,A few times a week,Never,I did not vote,Undecided/No Response,Primary School,Trader
Urban,Nakuru,26.0,Woman,"Post-secondary qualifications, other than university e.g. a diploma or degree from a polytechnic or college",Employed (Full-time),Trader / hawker / vendor,Going in the wrong direction,Very good,Strongly disapprove,Not at all,Increased a lot,Very badly,Very badly,Never,Every day,A few times a week,Every day,Every day,I did not vote,Roots Party of Kenya (RPK),Certificate/Diploma,Trader
Urban,Nairobi,20.0,Man,Intermediate school or Some secondary school / high school,Employed (Part-time),"Unskilled manual worker (e.g., cleaner, laborer, domestic help, unskilled manufacturing worker)",Going in the wrong direction,Fairly bad,Disapprove,Just a little,Increased somewhat,Fairly badly,Very badly,A few times a month,Every day,A few times a week,Every day,Every day,I voted in the election,Orange Democratic Movement (ODM),Secondary School,Skilled/Unskilled Labor
Urban,Nakuru,27.0,Woman,"Post-secondary qualifications, other than university e.g. a diploma or degree from a polytechnic or college",Unemployed (Actively looking),"Mid-level professional (e.g., teacher, nurse, mid-level government officer)",Going in the right direction,Neither good nor bad,Approve,A lot,Stayed the same,Fairly well,Fairly badly,Never,Every day,Never,Every day,Never,I voted in the election,Undecided/No Response,Certificate/Diploma,Professional
Rural,Nyandarua,20.0,Man,Secondary school / high school completed,Unemployed (Not looking),Student,Going in the right direction,Fairly good,Undecided/No Response,A lot,Undecided/No Response,Fairly well,Fairly well,Never,Every day,Never,A few times a week,A few times a week,I was too young to vote,United Democratic Alliance (UDA),Secondary School,Student
Urban,Nairobi,32.0,Woman,Primary school completed,Unemployed (Actively looking),"Artisan or skilled manual worker (e.g., trades like electrician, mechanic, machinist or skilled manufacturing worker)",Going in the wrong direction,Very bad,Undecided/No Response,Not at all,Increased a lot,Fairly badly,Fairly well,A few times a week,Every day,Never,Never,Never,I voted in the election,Orange Democratic Movement (ODM),Primary School,Skilled/Unskilled Labor
Rural,Machakos,88.0,Woman,Some primary schooling,Unemployed (Not looking),Housewife / homemaker,Going in the right direction,Fairly good,Disapprove,Just a little,Stayed the same,Very badly,Undecided/No Response,Every day,Every day,Never,Never,Never,I did not vote,Undecided/No Response,Primary School,Housewife
Rural,Marsabit,63.0,Man,Undecided/No Response,Employed (Full-time),Agriculture / farming / fishing / forestry,Going in the right direction,Very good,Approve,Just a little,Undecided/No Response,Fairly badly,Very well,A few times a week,Every day,A few times a month,A few times a month,A few times a month,I voted in the election,Undecided/No Response,Undecided/No Response,Agriculture
Urban,Nakuru,19.0,Man,Secondary school / high school completed,Unemployed (Not looking),Student,Going in the right direction,Fairly bad,Undecided/No Response,Just a little,Undecided/No Response,Very badly,Fairly badly,Every day,A few times a week,A few times a month,Every day,Every day,I was too young to vote,Orange Democratic Movement (ODM),Secondary School,Student
Urban,Nairobi,18.0,Man,Secondary school / high school completed,Employed (Full-time),Clerical or secretarial,Going in the right direction,Fairly good,Strongly approve,Just a little,Decreased somewhat,Fairly well,Very well,Every day,Every day,Every day,Every day,Never,I was too young to vote,United Democratic Alliance (UDA),Secondary School,Professional
Urban,Nakuru,54.0,Man,Primary school completed,Employed (Part-time),"Unskilled manual worker (e.g., cleaner, laborer, domestic help, unskilled manufacturing worker)",Going in the wrong direction,Very bad,Approve,A lot,Increased somewhat,Fairly badly,Fairly badly,Every day,A few times a month,Never,Never,Never,I voted in the election,Jubilee Alliance Party (JAP),Primary School,Skilled/Unskilled Labor
Rural,Nyandarua,53.0,Man,Primary school completed,Employed (Full-time),Agriculture / farming / fishing / forestry,Going in the right direction,Very good,Strongly disapprove,A lot,Decreased somewhat,Very well,Fairly well,A few times a week,Every day,Never,Never,Never,I voted in the election,United Democratic Alliance (UDA),Primary School,Agriculture
Urban,Nakuru,32.0,Man,"Post-secondary qualifications, other than university e.g. a diploma or degree from a polytechnic or college",Employed (Part-time),Agriculture / farming / fishing / forestry,Going in the wrong direction,Neither good nor bad,Disapprove,Not at all,Increased a lot,Very badly,Very badly,Never,Every day,Never,Every day,Every day,I voted in the election,Would not vote,Certificate/Diploma,Agriculture
Rural,Machakos,68.0,Man,"Post-secondary qualifications, other than university e.g. a diploma or degree from a polytechnic or college",Unemployed (Actively looking),Agriculture / farming / fishing / forestry,Going in the wrong direction,Fairly bad,Strongly approve,A lot,Increased a lot,Fairly well,Very badly,Every day,Never,Never,Never,Never,I voted in the election,Undecided/No Response,Certificate/Diploma,Agriculture
Rural,Kilifi,19.0,Man,"Post-secondary qualifications, other than university e.g. a diploma or degree from a polytechnic or college",Unemployed (Actively looking),Student,Going in the right direction,Fairly good,Approve,Somewhat,Increased a lot,Fairly badly,Fairly badly,Every day,A few times a week,Never,Every day,Every day,I did not vote,United Democratic Alliance (UDA),Certificate/Diploma,Student
Urban,Nairobi,20.0,Woman,Secondary school / high school completed,Employed (Full-time),Trader / hawker / vendor,Going in the right direction,Neither good nor bad,Approve,Not at all,Increased a lot,Very badly,Very badly,Every day,Every day,Never,Every day,Never,I did not vote,Undecided/No Response,Secondary School,Trader
Urban,Nakuru,38.0,Woman,Some primary schooling,Unemployed (Not looking),Trader / hawker / vendor,Going in the wrong direction,Neither good nor bad,Approve,Not at all,Increased a lot,Very badly,Very badly,A few times a week,Never,Never,Never,Never,I voted in the election,Would not vote,Primary School,Trader
Urban,Nairobi,28.0,Woman,"Post-secondary qualifications, other than university e.g. a diploma or degree from a polytechnic or college",Employed (Full-time),Trader / hawker / vendor,Going in the wrong direction,Very bad,Strongly disapprove,Just a little,Increased a lot,Very badly,Very badly,Every day,A few times a week,Less than once a month,Every day,Every day,I voted in the election,Orange Democratic Movement (ODM),Certificate/Diploma,Trader
Urban,Nairobi,53.0,Woman,Secondary school / high school completed,Employed (Part-time),"Unskilled manual worker (e.g., cleaner, laborer, domestic help, unskilled manufacturing worker)",Going in the wrong direction,Fairly bad,Approve,Somewhat,Increased somewhat,Fairly badly,Fairly badly,Every day,Every day,Never,Never,Never,I voted in the election,Orange Democratic Movement (ODM),Secondary School,Skilled/Unskilled Labor
Urban,Nairobi,30.0,Man,Secondary school / high school completed,Unemployed (Actively looking),Never had a job,Going in the right direction,Fairly good,Approve,A lot,Increased a lot,Very well,Fairly badly,Never,Every day,Never,Every day,Every day,I voted in the election,Orange Democratic Movement (ODM),Secondary School,Undecided/No Response
Urban,Nairobi,18.0,Man,Secondary school / high school completed,Employed (Full-time),Trader / hawker / vendor,Going in the wrong direction,Fairly good,Approve,Somewhat,Decreased somewhat,Fairly badly,Fairly well,Every day,Every day,Never,Every day,Every day,I did not vote,Other,Secondary School,Trader
Urban,Nairobi,24.0,Man,Secondary school / high school completed,Employed (Full-time),Retail / Shop,Going in the right direction,Very good,Strongly disapprove,Just a little,Increased a lot,Very badly,Very badly,Never,Every day,Never,Every day,Every day,I voted in the election,Would not vote,Secondary School,Trader
Rural,Machakos,38.0,Woman,Secondary school / high school completed,Unemployed (Actively looking),Never had a job,Going in the right direction,Fairly good,Approve,Just a little,Increased somewhat,Fairly well,Fairly well,A few times a week,A few times a week,Never,A few times a week,A few times a week,I voted in the election,United Democratic Alliance (UDA),Secondary School,Undecided/No Response
Urban,Busia,23.0,Man,Secondary school / high school completed,Unemployed (Not looking),Trader / hawker / vendor,Going in the wrong direction,Fairly good,Strongly disapprove,Just a little,Stayed the same,Fairly badly,Very badly,Every day,Every day,Never,Never,Never,I voted in the election,Orange Democratic Movement (ODM),Secondary School,Trader
Rural,Marsabit,38.0,Man,Secondary school / high school completed,Unemployed (Actively looking),Retail / Shop,Going in the wrong direction,Very bad,Strongly disapprove,Not at all,Increased a lot,Very badly,Very badly,Every day,Every day,Every day,Every day,Every day,I voted in the election,Orange Democratic Movement (ODM),Secondary School,Trader
Urban,Kiambu,33.0,Woman,Primary school completed,Employed (Full-time),"Artisan or skilled manual worker (e.g., trades like electrician, mechanic, machinist or skilled manufacturing worker)",Going in the right direction,Very bad,Strongly disapprove,Just a little,Stayed the same,Very badly,Very well,Never,Every day,Never,Never,Never,I voted in the election,United Democratic Alliance (UDA),Primary School,Skilled/Unskilled Labor
Urban,Kiambu,25.0,Man,University completed,Employed (Full-time),"Security services (police, army, private security)",Going in the wrong direction,Fairly bad,Approve,Just a little,Stayed the same,Very badly,Very badly,A few times a month,Every day,A few times a month,Every day,A few times a week,I voted in the election,Orange Democratic Movement (ODM),Bachelors Degree,Security Services
Urban,Kiambu,23.0,Man,"Post-secondary qualifications, other than university e.g. a diploma or degree from a polytechnic or college",Employed (Part-time),"Artisan or skilled manual worker (e.g., trades like electrician, mechanic, machinist or skilled manufacturing worker)",Going in the wrong direction,Fairly good,Strongly disapprove,Just a little,Increased a lot,Fairly badly,Very badly,A few times a week,A few times a month,Never,Every day,Every day,I voted in the election,Jubilee Alliance Party (JAP),Certificate/Diploma,Skilled/Unskilled Labor
Urban,Nairobi,20.0,Woman,Intermediate school or Some secondary school / high school,Unemployed (Actively looking),"Unskilled manual worker (e.g., cleaner, laborer, domestic help, unskilled manufacturing worker)",Going in the right direction,Very bad,Disapprove,Not at all,Increased a lot,Fairly badly,Very badly,A few times a month,Every day,Never,Every day,Every day,I was too young to vote,United Democratic Alliance (UDA),Secondary School,Skilled/Unskilled Labor
Rural,Nyamira  ,23.0,Man,Secondary school / high school completed,Employed (Part-time),"Unskilled manual worker (e.g., cleaner, laborer, domestic help, unskilled manufacturing worker)",Going in the wrong direction,Fairly bad,Disapprove,Just a little,Decreased somewhat,Fairly badly,Very badly,Every day,Every day,Less than once a month,A few times a week,A few times a week,I did not vote,Orange Democratic Movement (ODM),Secondary School,Skilled/Unskilled Labor
Rural,Nyamira  ,26.0,Man,Secondary school / high school completed,Unemployed (Actively looking),"Artisan or skilled manual worker (e.g., trades like electrician, mechanic, machinist or skilled manufacturing worker)",Going in the wrong direction,Neither good nor bad,Strongly disapprove,Somewhat,Decreased somewhat,Very badly,Fairly well,Every day,Every day,Never,Every day,A few times a week,I did not vote,Orange Democratic Movement (ODM),Secondary School,Skilled/Unskilled Labor
Urban,Kiambu,62.0,Woman,Primary school completed,Unemployed (Not looking),Housewife / homemaker,Going in the wrong direction,Undecided/No Response,Disapprove,Just a little,Decreased somewhat,Fairly badly,Fairly well,Every day,Every day,Never,Never,Never,I voted in the election,Would not vote,Primary School,Housewife
Rural,Nyandarua,31.0,Woman,"Post-secondary qualifications, other than university e.g. a diploma or degree from a polytechnic or college",Employed (Full-time),Trader / hawker / vendor,Going in the wrong direction,Fairly good,Approve,Somewhat,Stayed the same,Very badly,Very badly,Every day,Every day,Never,Every day,Never,I voted in the election,Orange Democratic Movement (ODM),Certificate/Diploma,Trader
Rural,Marsabit,31.0,Woman,Some primary schooling,Unemployed (Not looking),Never had a job,Going in the wrong direction,Fairly bad,Disapprove,A lot,Decreased somewhat,Very badly,Very badly,Never,Never,Never,A few times a month,Never,I voted in the election,United Democratic Alliance (UDA),Primary School,Undecided/No Response
Urban,Nakuru,21.0,Man,Secondary school / high school completed,Employed (Full-time),"Unskilled manual worker (e.g., cleaner, laborer, domestic help, unskilled manufacturing worker)",Going in the right direction,Fairly bad,Approve,Just a little,Stayed the same,Fairly badly,Very badly,Every day,Every day,Never,Every day,Every day,I did not vote,Would not vote,Secondary School,Skilled/Unskilled Labor
Rural,Nyamira  ,40.0,Man,Secondary school / high school completed,Unemployed (Actively looking),Agriculture / farming / fishing / forestry,Going in the right direction,Fairly good,Approve,Somewhat,Decreased somewhat,Fairly well,Fairly well,Every day,Never,Never,Never,Never,I voted in the election,United Democratic Alliance (UDA),Secondary School,Agriculture
Urban,Nakuru,24.0,Man,"Post-secondary qualifications, other than university e.g. a diploma or degree from a polytechnic or college",Unemployed (Actively looking),Agriculture / farming / fishing / forestry,Going in the wrong direction,Fairly bad,Disapprove,A lot,Stayed the same,Fairly badly,Fairly well,A few times a week,A few times a week,Never,Every day,Every day,I voted in the election,United Democratic Alliance (UDA),Certificate/Diploma,Agriculture
Rural,Marsabit,21.0,Woman,Intermediate school or Some secondary school / high school,Unemployed (Actively looking),Housewife / homemaker,Going in the right direction,Fairly bad,Disapprove,Somewhat,Increased a lot,Fairly badly,Very badly,Every day,Every day,A few times a month,A few times a month,A few times a month,I voted in the election,Orange Democratic Movement (ODM),Secondary School,Housewife
Urban,Nairobi,42.0,Man,Secondary school / high school completed,Unemployed (Actively looking),Never had a job,Going in the wrong direction,Very bad,Strongly disapprove,Not at all,Increased a lot,Very badly,Very badly,Every day,Never,A few times a month,Never,Never,I voted in the election,Would not vote,Secondary School,Undecided/No Response
Urban,Nakuru,56.0,Woman,Some primary schooling,Unemployed (Actively looking),Agriculture / farming / fishing / forestry,Going in the right direction,Fairly good,Approve,Just a little,Increased a lot,Fairly badly,Fairly well,A few times a week,Every day,Never,Never,Never,I voted in the election,Would not vote,Primary School,Agriculture
Rural,Marsabit,20.0,Woman,Secondary school / high school completed,Employed (Full-time),Retail / Shop,Going in the wrong direction,Fairly bad,Disapprove,Not at all,Increased a lot,Fairly badly,Fairly badly,Every day,Every day,A few times a month,Every day,Every day,I was too young to vote,Undecided/No Response,Secondary School,Trader
Urban,Nairobi,37.0,Woman,Secondary school / high school completed,Employed (Part-time),Retail / Shop,Going in the right direction,Very good,Strongly disapprove,Somewhat,Stayed the same,Very badly,Very badly,Never,Every day,Never,Every day,Never,I voted in the election,United Democratic Alliance (UDA),Secondary School,Trader
Urban,Nairobi,45.0,Man,Secondary school / high school completed,Unemployed (Actively looking),Student,Going in the wrong direction,Very good,Strongly disapprove,Not at all,Increased a lot,Very badly,Very badly,Every day,Every day,A few times a month,Every day,Less than once a month,I did not vote,Orange Democratic Movement (ODM),Secondary School,Student
Rural,Nyamira  ,39.0,Woman,Primary school completed,Unemployed (Not looking),Agriculture / farming / fishing / forestry,Going in the wrong direction,Very bad,Disapprove,Somewhat,Decreased somewhat,Very badly,Fairly badly,A few times a week,A few times a week,Never,A few times a week,A few times a week,I did not vote,United Democratic Alliance (UDA),Primary School,Agriculture
Urban,Nairobi,27.0,Woman,Secondary school / high school completed,Unemployed (Actively looking),Trader / hawker / vendor,Going in the wrong direction,Fairly good,Approve,Somewhat,Stayed the same,Fairly badly,Fairly badly,Less than once a month,Every day,Never,Every day,Every day,I voted in the election,United Democratic Alliance (UDA),Secondary School,Trader
Rural,Marsabit,26.0,Woman,Secondary school / high school completed,Unemployed (Actively looking),Housewife / homemaker,Going in the wrong direction,Very bad,Strongly disapprove,Not at all,Stayed the same,Very badly,Very badly,Never,A few times a month,Never,Never,Never,I voted in the election,Undecided/No Response,Secondary School,Housewife
Urban,Kiambu,25.0,Man,Secondary school / high school completed,Unemployed (Actively looking),"Artisan or skilled manual worker (e.g., trades like electrician, mechanic, machinist or skilled manufacturing worker)",Going in the wrong direction,Very bad,Disapprove,Just a little,Increased a lot,Very badly,Fairly badly,Every day,Every day,A few times a week,A few times a week,A few times a week,I voted in the election,United Democratic Alliance (UDA),Secondary School,Skilled/Unskilled Labor
Urban,Kiambu,43.0,Man,Secondary school / high school completed,Employed (Full-time),Trader / hawker / vendor,Going in the right direction,Fairly good,Strongly approve,A lot,Stayed the same,Fairly well,Fairly badly,Every day,Every day,Every day,Every day,Every day,I voted in the election,United Democratic Alliance (UDA),Secondary School,Trader
Urban,Busia,70.0,Man,No formal schooling,Employed (Part-time),Trader / hawker / vendor,Going in the wrong direction,Fairly bad,Strongly approve,A lot,Increased somewhat,Very well,Very well,Every day,A few times a week,Every day,A few times a week,A few times a week,I did not vote,United Democratic Alliance (UDA),Informal Schooling,Trader
Urban,Busia,33.0,Woman,Secondary school / high school completed,Unemployed (Not looking),"Unskilled manual worker (e.g., cleaner, laborer, domestic help, unskilled manufacturing worker)",Going in the wrong direction,Fairly bad,Strongly disapprove,Not at all,Increased a lot,Fairly badly,Very badly,Less than once a month,Less than once a month,Never,A few times a month,Less than once a month,I did not vote,Would not vote,Secondary School,Skilled/Unskilled Labor
Urban,Busia,30.0,Woman,University completed,Employed (Full-time),"Upper-level professional (e.g., banker/finance, doctor, lawyer, engineer, accountant, professor, senior-level government",Going in the wrong direction,Very bad,Disapprove,Not at all,Increased a lot,Very badly,Very badly,Never,Every day,Never,Every day,Every day,I voted in the election,Other,Bachelors Degree,Professional
Urban,Mombasa,32.0,Man,Secondary school / high school completed,Unemployed (Actively looking),"Artisan or skilled manual worker (e.g., trades like electrician, mechanic, machinist or skilled manufacturing worker)",Going in the wrong direction,Fairly bad,Strongly disapprove,Just a little,Increased a lot,Fairly badly,Very badly,Every day,Every day,Less than once a month,Every day,Every day,I voted in the election,Orange Democratic Movement (ODM),Secondary School,Skilled/Unskilled Labor
Urban,Mombasa,18.0,Man,Secondary school / high school completed,Unemployed (Actively looking),Retail / Shop,Going in the right direction,Fairly bad,Strongly approve,Just a little,Increased somewhat,Fairly badly,Fairly well,A few times a week,A few times a week,A few times a week,A few times a week,A few times a month,I was too young to vote,Orange Democratic Movement (ODM),Secondary School,Trader
Urban,Mombasa,24.0,Woman,Secondary school / high school completed,Unemployed (Actively looking),"Artisan or skilled manual worker (e.g., trades like electrician, mechanic, machinist or skilled manufacturing worker)",Going in the wrong direction,Very bad,Disapprove,Just a little,Increased a lot,Fairly badly,Very badly,A few times a week,Every day,Never,A few times a week,A few times a month,I voted in the election,Orange Democratic Movement (ODM),Secondary School,Skilled/Unskilled Labor
Urban,Nakuru,30.0,Woman,Secondary school / high school completed,Employed (Part-time),Trader / hawker / vendor,Going in the wrong direction,Fairly good,Strongly disapprove,Just a little,Stayed the same,Fairly badly,Very badly,Never,Every day,Never,A few times a week,A few times a week,I voted in the election,Would not vote,Secondary School,Trader
Urban,Kiambu,48.0,Woman,Some primary schooling,Unemployed (Not looking),Trader / hawker / vendor,Going in the right direction,Very bad,Approve,A lot,Undecided/No Response,Very badly,Fairly well,Every day,Never,Never,Never,Never,I voted in the election,United Democratic Alliance (UDA),Primary School,Trader
Urban,Nakuru,40.0,Woman,Primary school completed,Employed (Full-time),Agriculture / farming / fishing / forestry,Going in the wrong direction,Very bad,Approve,A lot,Increased a lot,Very badly,Very badly,Every day,Every day,Never,Never,Never,I voted in the election,Undecided/No Response,Primary School,Agriculture
Urban,Nakuru,24.0,Man,University completed,Employed (Part-time),Agriculture / farming / fishing / forestry,Going in the wrong direction,Very bad,Strongly disapprove,Not at all,Increased somewhat,Very badly,Very badly,Every day,A few times a week,Never,Every day,Every day,I did not vote,Orange Democratic Movement (ODM),Bachelors Degree,Agriculture
Urban,Nakuru,30.0,Woman,Intermediate school or Some secondary school / high school,Unemployed (Not looking),"Unskilled manual worker (e.g., cleaner, laborer, domestic help, unskilled manufacturing worker)",Going in the wrong direction,Neither good nor bad,Disapprove,Not at all,Increased a lot,Fairly badly,Fairly badly,Every day,Every day,Never,Every day,Every day,I voted in the election,Would not vote,Secondary School,Skilled/Unskilled Labor
Urban,Mombasa,32.0,Woman,Secondary school / high school completed,Unemployed (Actively looking),"Unskilled manual worker (e.g., cleaner, laborer, domestic help, unskilled manufacturing worker)",Going in the wrong direction,Very bad,Strongly disapprove,Not at all,Increased a lot,Very badly,Very badly,A few times a week,Every day,Never,Every day,Never,I voted in the election,Undecided/No Response,Secondary School,Skilled/Unskilled Labor
Rural,Marsabit,27.0,Man,Some university,Unemployed (Actively looking),Agriculture / farming / fishing / forestry,Going in the right direction,Very good,Strongly approve,A lot,Stayed the same,Very well,Very badly,A few times a month,A few times a week,A few times a week,Every day,Every day,I voted in the election,Orange Democratic Movement (ODM),Bachelors Degree,Agriculture
Urban,Nakuru,24.0,Man,Secondary school / high school completed,Employed (Part-time),Trader / hawker / vendor,Going in the right direction,Very bad,Approve,Somewhat,Increased a lot,Fairly well,Fairly badly,Every day,Every day,A few times a month,Every day,Undecided/No Response,I voted in the election,United Democratic Alliance (UDA),Secondary School,Trader
Urban,Kiambu,42.0,Woman,Secondary school / high school completed,Employed (Part-time),"Unskilled manual worker (e.g., cleaner, laborer, domestic help, unskilled manufacturing worker)",Going in the wrong direction,Very bad,Strongly disapprove,Just a little,Increased a lot,Very badly,Very badly,Every day,Every day,A few times a month,A few times a month,Never,I voted in the election,Jubilee Alliance Party (JAP),Secondary School,Skilled/Unskilled Labor
Urban,Busia,30.0,Woman,Some primary schooling,Unemployed (Not looking),Agriculture / farming / fishing / forestry,Going in the wrong direction,Very good,Strongly approve,A lot,Stayed the same,Very badly,Fairly well,Never,Every day,Never,Never,Never,I did not vote,United Democratic Alliance (UDA),Primary School,Agriculture
Urban,Nairobi,25.0,Woman,Secondary school / high school completed,Unemployed (Actively looking),"Unskilled manual worker (e.g., cleaner, laborer, domestic help, unskilled manufacturing worker)",Going in the right direction,Fairly good,Approve,Not at all,Increased a lot,Fairly badly,Fairly badly,Every day,Every day,Never,Every day,Undecided/No Response,I did not vote,Would not vote,Secondary School,Skilled/Unskilled Labor
Urban,Nairobi,37.0,Woman,"Post-secondary qualifications, other than university e.g. a diploma or degree from a polytechnic or college",Employed (Full-time),Retail / Shop,Going in the wrong direction,Very bad,Strongly disapprove,Not at all,Increased a lot,Very badly,Very badly,Never,Every day,Every day,Every day,Every day,I voted in the election,Would not vote,Certificate/Diploma,Trader
Urban,Mombasa,35.0,Woman,Primary school completed,Unemployed (Actively looking),"Unskilled manual worker (e.g., cleaner, laborer, domestic help, unskilled manufacturing worker)",Going in the wrong direction,Very bad,Strongly disapprove,Not at all,Increased a lot,Very badly,Very badly,Every day,Every day,Every day,A few times a week,A few times a week,I voted in the election,Undecided/No Response,Primary School,Skilled/Unskilled Labor
Urban,Nairobi,39.0,Man,"Post-secondary qualifications, other than university e.g. a diploma or degree from a polytechnic or college",Employed (Full-time),"Artisan or skilled manual worker (e.g., trades like electrician, mechanic, machinist or skilled manufacturing worker)",Going in the wrong direction,Fairly good,Approve,A lot,Stayed the same,Fairly well,Very badly,Every day,A few times a week,A few times a month,Every day,A few times a week,I voted in the election,United Democratic Alliance (UDA),Certificate/Diploma,Skilled/Unskilled Labor
Rural,Machakos,30.0,Man,Secondary school / high school completed,Employed (Part-time),"Security services (police, army, private security)",Going in the wrong direction,Neither good nor bad,Approve,A lot,Increased somewhat,Fairly well,Fairly well,A few times a week,Less than once a month,Never,Never,Never,I voted in the election,Wiper Democratic Movement (WDM–K),Secondary School,Security Services
Rural,Machakos,36.0,Man,"Post-secondary qualifications, other than university e.g. a diploma or degree from a polytechnic or college",Unemployed (Actively looking),Agriculture / farming / fishing / forestry,Going in the wrong direction,Very bad,Strongly disapprove,Not at all,Increased a lot,Very badly,Very badly,Every day,Never,Never,Every day,Every day,I voted in the election,Orange Democratic Movement (ODM),Certificate/Diploma,Agriculture
Urban,Mombasa,36.0,Woman,Primary school completed,Employed (Part-time),Retail / Shop,Going in the wrong direction,Very bad,Strongly disapprove,Not at all,Increased a lot,Very badly,Very badly,A few times a week,A few times a week,Never,Every day,Every day,I voted in the election,Orange Democratic Movement (ODM),Primary School,Trader
Rural,Machakos,36.0,Woman,Primary school completed,Unemployed (Actively looking),"Unskilled manual worker (e.g., cleaner, laborer, domestic help, unskilled manufacturing worker)",Going in the wrong direction,Fairly bad,Strongly disapprove,Not at all,Increased a lot,Fairly badly,Fairly badly,Never,Every day,Never,Never,Never,I voted in the election,Orange Democratic Movement (ODM),Primary School,Skilled/Unskilled Labor
Urban,Mombasa,33.0,Man,Primary school completed,Employed (Part-time),"Artisan or skilled manual worker (e.g., trades like electrician, mechanic, machinist or skilled manufacturing worker)",Going in the wrong direction,Very bad,Strongly disapprove,Not at all,Stayed the same,Very badly,Very badly,A few times a week,Every day,Never,Every day,Every day,I voted in the election,Orange Democratic Movement (ODM),Primary School,Skilled/Unskilled Labor
Rural,Machakos,51.0,Woman,Primary school completed,Unemployed (Not looking),Agriculture / farming / fishing / forestry,Going in the wrong direction,Very bad,Disapprove,Just a little,Decreased somewhat,Fairly badly,Fairly badly,Every day,Never,Never,Never,Never,I voted in the election,Wiper Democratic Movement (WDM–K),Primary School,Agriculture
Urban,Busia,19.0,Woman,Secondary school / high school completed,Unemployed (Not looking),Student,Going in the right direction,Fairly bad,Approve,Just a little,Decreased somewhat,Fairly well,Fairly well,Every day,Every day,Never,Every day,Every day,I did not vote,Would not vote,Secondary School,Student
Urban,Nakuru,50.0,Man,Primary school completed,Employed (Part-time),"Artisan or skilled manual worker (e.g., trades like electrician, mechanic, machinist or skilled manufacturing worker)",Going in the wrong direction,Very bad,Strongly disapprove,Not at all,Increased a lot,Very badly,Very badly,Every day,Every day,Every day,Every day,Every day,I voted in the election,Undecided/No Response,Primary School,Skilled/Unskilled Labor
Urban,Nakuru,29.0,Woman,"Post-secondary qualifications, other than university e.g. a diploma or degree from a polytechnic or college",Unemployed (Actively looking),Trader / hawker / vendor,Going in the wrong direction,Very good,Strongly disapprove,Not at all,Stayed the same,Very badly,Very badly,A few times a week,Every day,Never,Every day,A few times a week,I did not vote,Roots Party of Kenya (RPK),Certificate/Diploma,Trader
Urban,Nairobi,33.0,Man,Secondary school / high school completed,Unemployed (Actively looking),"Unskilled manual worker (e.g., cleaner, laborer, domestic help, unskilled manufacturing worker)",Going in the wrong direction,Fairly bad,Strongly disapprove,Just a little,Increased somewhat,Very badly,Very badly,Every day,A few times a week,A few times a month,Every day,Every day,I voted in the election,Orange Democratic Movement (ODM),Secondary School,Skilled/Unskilled Labor
Urban,Mombasa,32.0,Man,"Post-secondary qualifications, other than university e.g. a diploma or degree from a polytechnic or college",Employed (Part-time),Trader / hawker / vendor,Going in the wrong direction,Very bad,Disapprove,Just a little,Increased a lot,Fairly badly,Very badly,Every day,A few times a month,A few times a month,Every day,A few times a month,I voted in the election,Would not vote,Certificate/Diploma,Trader
Urban,Nairobi,35.0,Woman,Primary school completed,Employed (Full-time),Trader / hawker / vendor,Going in the wrong direction,Very bad,Strongly disapprove,Not at all,Increased a lot,Very badly,Very badly,Every day,Every day,Never,A few times a week,Never,I voted in the election,Jubilee Alliance Party (JAP),Primary School,Trader
Urban,Nairobi,20.0,Woman,Intermediate school or Some secondary school / high school,Employed (Part-time),Trader / hawker / vendor,Going in the wrong direction,Very bad,Approve,Just a little,Increased a lot,Very badly,Fairly well,Every day,Every day,Never,Never,Never,I did not vote,Would not vote,Secondary School,Trader
Urban,Nairobi,25.0,Man,Some university,Employed (Part-time),Trader / hawker / vendor,Going in the right direction,Fairly good,Strongly approve,Just a little,Decreased somewhat,Fairly well,Fairly well,A few times a week,A few times a week,Never,Every day,Every day,I voted in the election,Would not vote,Bachelors Degree,Trader
Urban,Busia,40.0,Man,"Post-secondary qualifications, other than university e.g. a diploma or degree from a polytechnic or college",Employed (Part-time),Agriculture / farming / fishing / forestry,Going in the right direction,Fairly good,Approve,Somewhat,Stayed the same,Fairly well,Fairly well,Every day,Every day,Never,Every day,Every day,I did not vote,Orange Democratic Movement (ODM),Certificate/Diploma,Agriculture
Urban,Nairobi,19.0,Woman,Secondary school / high school completed,Unemployed (Actively looking),Housewife / homemaker,Going in the right direction,Very bad,Disapprove,Somewhat,Increased somewhat,Very badly,Fairly badly,Every day,Every day,Less than once a month,Every day,A few times a month,I was too young to vote,United Democratic Alliance (UDA),Secondary School,Housewife
Urban,Busia,28.0,Man,Some university,Unemployed (Actively looking),Student,Going in the right direction,Fairly good,Undecided/No Response,Undecided/No Response,Increased somewhat,Fairly well,Very badly,A few times a week,Never,Less than once a month,A few times a week,A few times a week,I voted in the election,Wiper Democratic Movement (WDM–K),Bachelors Degree,Student
Urban,Nairobi,30.0,Man,Secondary school / high school completed,Employed (Full-time),"Mid-level professional (e.g., teacher, nurse, mid-level government officer)",Going in the wrong direction,Neither good nor bad,Disapprove,Not at all,Stayed the same,Fairly well,Very badly,Never,Every day,A few times a month,Every day,Never,I voted in the election,Orange Democratic Movement (ODM),Secondary School,Professional
Urban,Busia,47.0,Man,"Post-secondary qualifications, other than university e.g. a diploma or degree from a polytechnic or college",Employed (Full-time),"Upper-level professional (e.g., banker/finance, doctor, lawyer, engineer, accountant, professor, senior-level government",Going in the right direction,Very bad,Approve,Just a little,Increased somewhat,Fairly badly,Fairly badly,Never,Every day,A few times a month,Every day,Every day,I voted in the election,Orange Democratic Movement (ODM),Certificate/Diploma,Professional
Rural,Nyandarua,60.0,Man,Some primary schooling,Unemployed (Actively looking),Agriculture / farming / fishing / forestry,Going in the right direction,Fairly bad,Approve,A lot,Decreased a lot,Very badly,Very well,Every day,Never,Never,Never,Never,I voted in the election,Undecided/No Response,Primary School,Agriculture
Rural,Nyandarua,28.0,Woman,Secondary school / high school completed,Unemployed (Actively looking),Trader / hawker / vendor,Going in the wrong direction,Fairly bad,Strongly disapprove,Somewhat,Increased somewhat,Fairly badly,Fairly badly,Never,Every day,Never,Every day,Every day,I voted in the election,Roots Party of Kenya (RPK),Secondary School,Trader
Rural,Nyandarua,26.0,Man,Secondary school / high school completed,Unemployed (Actively looking),"Unskilled manual worker (e.g., cleaner, laborer, domestic help, unskilled manufacturing worker)",Going in the wrong direction,Very bad,Strongly approve,Somewhat,Increased somewhat,Fairly well,Very badly,Every day,Every day,Never,Never,Never,I did not vote,United Democratic Alliance (UDA),Secondary School,Skilled/Unskilled Labor
Urban,Nakuru,42.0,Man,Secondary school / high school completed,Employed (Full-time),"Artisan or skilled manual worker (e.g., trades like electrician, mechanic, machinist or skilled manufacturing worker)",Going in the wrong direction,Fairly bad,Disapprove,Not at all,Increased a lot,Fairly badly,Fairly badly,Every day,Less than once a month,Less than once a month,Every day,A few times a month,I voted in the election,NARC – Kenya,Secondary School,Skilled/Unskilled Labor
Rural,Nyandarua,21.0,Woman,"Post-secondary qualifications, other than university e.g. a diploma or degree from a polytechnic or college",Unemployed (Actively looking),Agriculture / farming / fishing / forestry,Going in the wrong direction,Fairly bad,Strongly disapprove,A lot,Increased somewhat,Very badly,Undecided/No Response,A few times a week,A few times a month,A few times a week,A few times a week,A few times a month,I did not vote,United Democratic Alliance (UDA),Certificate/Diploma,Agriculture
Rural,Machakos,45.0,Woman,Some primary schooling,Unemployed (Actively looking),Agriculture / farming / fishing / forestry,Going in the right direction,Very bad,Approve,Somewhat,Decreased somewhat,Fairly well,Fairly well,Every day,Every day,Never,Never,Never,I voted in the election,United Democratic Alliance (UDA),Primary School,Agriculture
Rural,Machakos,34.0,Woman,Primary school completed,Unemployed (Not looking),Housewife / homemaker,Going in the wrong direction,Very bad,Approve,Somewhat,Stayed the same,Fairly badly,Fairly well,Every day,A few times a week,Never,A few times a week,A few times a week,I voted in the election,Undecided/No Response,Primary School,Housewife
Urban,Nakuru,65.0,Woman,"Post-secondary qualifications, other than university e.g. a diploma or degree from a polytechnic or college",Unemployed (Not looking),Housewife / homemaker,Going in the right direction,Fairly good,Undecided/No Response,Undecided/No Response,Stayed the same,Fairly well,Very badly,Every day,Every day,A few times a week,Never,Never,I voted in the election,Undecided/No Response,Certificate/Diploma,Housewife
Urban,Nairobi,26.0,Man,Post-graduate,Employed (Full-time),Supervisor / Foreman / Senior Manager,Going in the wrong direction,Neither good nor bad,Disapprove,Somewhat,Increased somewhat,Fairly badly,Very badly,A few times a week,Every day,A few times a week,Every day,Every day,I voted in the election,Jubilee Alliance Party (JAP),Masters/PhD,Professional
Urban,Nairobi,37.0,Woman,Intermediate school or Some secondary school / high school,Unemployed (Actively looking),"Unskilled manual worker (e.g., cleaner, laborer, domestic help, unskilled manufacturing worker)",Going in the wrong direction,Very bad,Strongly disapprove,Just a little,Increased a lot,Very badly,Very badly,Never,Every day,Never,Every day,Every day,I voted in the election,Would not vote,Secondary School,Skilled/Unskilled Labor
Urban,Nairobi,32.0,Man,Secondary school / high school completed,Unemployed (Actively looking),"Artisan or skilled manual worker (e.g., trades like electrician, mechanic, machinist or skilled manufacturing worker)",Going in the wrong direction,Very bad,Disapprove,Not at all,Increased a lot,Very badly,Very badly,A few times a month,Every day,A few times a week,A few times a week,A few times a week,I voted in the election,Orange Democratic Movement (ODM),Secondary School,Skilled/Unskilled Labor
Urban,Nairobi,40.0,Man,Secondary school / high school completed,Unemployed (Not looking),Never had a job,Going in the wrong direction,Fairly bad,Approve,Just a little,Increased a lot,Very badly,Very badly,A few times a week,Every day,A few times a month,A few times a week,Never,I voted in the election,United Democratic Alliance (UDA),Secondary School,Undecided/No Response
Rural,Machakos,30.0,Man,Secondary school / high school completed,Unemployed (Actively looking),"Unskilled manual worker (e.g., cleaner, laborer, domestic help, unskilled manufacturing worker)",Going in the wrong direction,Fairly bad,Approve,Somewhat,Stayed the same,Fairly well,Fairly badly,Every day,A few times a week,Never,Every day,Every day,I did not vote,Would not vote,Secondary School,Skilled/Unskilled Labor
Urban,Nairobi,36.0,Woman,Secondary school / high school completed,Employed (Part-time),"Unskilled manual worker (e.g., cleaner, laborer, domestic help, unskilled manufacturing worker)",Going in the wrong direction,Very bad,Approve,A lot,Increased a lot,Very badly,Fairly badly,Every day,Every day,Never,Every day,Never,I voted in the election,United Democratic Alliance (UDA),Secondary School,Skilled/Unskilled Labor
Urban,Nairobi,38.0,Man,Secondary school / high school completed,Employed (Full-time),Supervisor / Foreman / Senior Manager,Going in the wrong direction,Very bad,Strongly disapprove,Not at all,Increased a lot,Very badly,Very badly,Every day,Never,A few times a month,Never,Never,I voted in the election,Would not vote,Secondary School,Professional
Urban,Nairobi,35.0,Woman,Secondary school / high school completed,Employed (Full-time),Trader / hawker / vendor,Going in the right direction,Very good,Strongly approve,Just a little,Stayed the same,Fairly well,Fairly well,Every day,Every day,A few times a week,Every day,A few times a week,I did not vote,United Democratic Alliance (UDA),Secondary School,Trader
Rural,Machakos,67.0,Man,Primary school completed,Unemployed (Not looking),Agriculture / farming / fishing / forestry,Going in the wrong direction,Very bad,Approve,Not at all,Increased a lot,Fairly badly,Very badly,Never,Every day,Never,Never,Never,I voted in the election,Undecided/No Response,Primary School,Agriculture
Rural,Nyandarua,21.0,Man,Secondary school / high school completed,Unemployed (Actively looking),"Artisan or skilled manual worker (e.g., trades like electrician, mechanic, machinist or skilled manufacturing worker)",Going in the wrong direction,Fairly bad,Disapprove,Just a little,Increased a lot,Fairly badly,Very badly,Every day,Every day,A few times a week,Every day,Every day,I did not vote,United Democratic Alliance (UDA),Secondary School,Skilled/Unskilled Labor
Rural,Nyandarua,45.0,Woman,Some primary schooling,Unemployed (Not looking),Undecided/No Response,Going in the right direction,Fairly good,Approve,Just a little,Decreased somewhat,Fairly well,Fairly well,Every day,Never,Never,Never,Never,I voted in the election,Would not vote,Primary School,Undecided/No Response
Rural,Nyandarua,23.0,Woman,"Post-secondary qualifications, other than university e.g. a diploma or degree from a polytechnic or college",Unemployed (Actively looking),"Mid-level professional (e.g., teacher, nurse, mid-level government officer)",Going in the wrong direction,Very bad,Disapprove,Not at all,Stayed the same,Fairly badly,Very badly,A few times a week,A few times a week,Less than once a month,Every day,Every day,I voted in the election,Orange Democratic Movement (ODM),Certificate/Diploma,Professional
Rural,Nyandarua,20.0,Man,Some university,Unemployed (Actively looking),"Artisan or skilled manual worker (e.g., trades like electrician, mechanic, machinist or skilled manufacturing worker)",Going in the wrong direction,Very bad,Approve,Just a little,Stayed the same,Very badly,Fairly badly,A few times a week,Every day,Less than once a month,Every day,A few times a month,I did not vote,United Democratic Alliance (UDA),Bachelors Degree,Skilled/Unskilled Labor
Urban,Marsabit,78.0,Man,Informal schooling only (including Koranic schooling),Unemployed (Not looking),"Security services (police, army, private security)",Going in the right direction,Very bad,Strongly approve,A lot,Stayed the same,Very badly,Very badly,Every day,Every day,Never,Every day,Every day,I voted in the election,United Democratic Alliance (UDA),Informal Schooling,Security Services
Urban,Marsabit,62.0,Man,No formal schooling,Unemployed (Not looking),Trader / hawker / vendor,Going in the right direction,Very bad,Approve,A lot,Undecided/No Response,Undecided/No Response,Undecided/No Response,Never,Every day,Never,Never,Never,I voted in the election,Orange Democratic Movement (ODM),Informal Schooling,Trader
Rural,Busia,22.0,Man,"Post-secondary qualifications, other than university e.g. a diploma or degree from a polytechnic or college",Employed (Full-time),"Security services (police, army, private security)",Going in the wrong direction,Very bad,Strongly disapprove,Just a little,Increased a lot,Very badly,Very badly,Every day,Every day,A few times a week,Every day,Every day,I did not vote,Orange Democratic Movement (ODM),Certificate/Diploma,Security Services
Rural,Nakuru,18.0,Man,Secondary school / high school completed,Unemployed (Actively looking),Student,Going in the right direction,Fairly good,Strongly approve,Somewhat,Stayed the same,Fairly well,Undecided/No Response,Never,A few times a month,Never,Every day,Every day,I was too young to vote,United Democratic Alliance (UDA),Secondary School,Student
Rural,Busia,38.0,Woman,Primary school completed,Unemployed (Actively looking),Housewife / homemaker,Going in the wrong direction,Neither good nor bad,Disapprove,Not at all,Increased somewhat,Fairly well,Fairly well,Every day,A few times a month,Never,Never,Never,I voted in the election,Orange Democratic Movement (ODM),Primary School,Housewife
Urban,Marsabit,29.0,Man,Secondary school / high school completed,Unemployed (Actively looking),Trader / hawker / vendor,Going in the wrong direction,Very bad,Strongly disapprove,Not at all,Increased a lot,Fairly badly,Very badly,A few times a month,Every day,Less than once a month,Every day,Every day,I voted in the election,Orange Democratic Movement (ODM),Secondary School,Trader
Rural,Nakuru,20.0,Man,Secondary school / high school completed,Unemployed (Actively looking),Other,Going in the wrong direction,Very bad,Strongly disapprove,Somewhat,Increased a lot,Very badly,Very badly,A few times a week,A few times a week,Never,Every day,A few times a week,I voted in the election,Would not vote,Secondary School,Undecided/No Response
Rural,Nakuru,38.0,Woman,Secondary school / high school completed,Unemployed (Not looking),Agriculture / farming / fishing / forestry,Going in the wrong direction,Fairly bad,Disapprove,Just a little,Decreased somewhat,Fairly badly,Fairly badly,Less than once a month,Every day,Never,A few times a week,Never,I voted in the election,Jubilee Alliance Party (JAP),Secondary School,Agriculture
Rural,Nakuru,50.0,Woman,Primary school completed,Unemployed (Actively looking),"Unskilled manual worker (e.g., cleaner, laborer, domestic help, unskilled manufacturing worker)",Going in the wrong direction,Very bad,Approve,Somewhat,Increased somewhat,Very badly,Very badly,Every day,Never,Never,Never,Never,I voted in the election,Would not vote,Primary School,Skilled/Unskilled Labor
Rural,Busia,21.0,Woman,Secondary school / high school completed,Unemployed (Actively looking),Housewife / homemaker,Going in the wrong direction,Fairly good,Approve,Somewhat,Increased somewhat,Fairly well,Fairly well,Every day,Every day,A few times a week,Never,Never,I was too young to vote,Undecided/No Response,Secondary School,Housewife
Rural,Busia,29.0,Man,"Post-secondary qualifications, other than university e.g. a diploma or degree from a polytechnic or college",Unemployed (Actively looking),"Artisan or skilled manual worker (e.g., trades like electrician, mechanic, machinist or skilled manufacturing worker)",Going in the wrong direction,Very bad,Strongly disapprove,Not at all,Increased a lot,Very badly,Very badly,Every day,Every day,Never,Every day,Every day,I voted in the election,Would not vote,Certificate/Diploma,Skilled/Unskilled Labor
Rural,Kakamega,50.0,Woman,Primary school completed,Employed (Full-time),"Unskilled manual worker (e.g., cleaner, laborer, domestic help, unskilled manufacturing worker)",Going in the wrong direction,Fairly good,Strongly disapprove,Somewhat,Stayed the same,Fairly well,Very badly,Every day,Less than once a month,Less than once a month,Never,Never,I voted in the election,United Democratic Alliance (UDA),Primary School,Skilled/Unskilled Labor
Urban,Marsabit,18.0,Woman,Secondary school / high school completed,Unemployed (Actively looking),Never had a job,Going in the wrong direction,Fairly bad,Disapprove,A lot,Increased a lot,Very well,Fairly badly,A few times a week,Every day,Never,A few times a week,Undecided/No Response,I was too young to vote,Undecided/No Response,Secondary School,Undecided/No Response
Rural,Kakamega,25.0,Man,University completed,Unemployed (Actively looking),Never had a job,Going in the right direction,Fairly good,Strongly disapprove,Not at all,Increased a lot,Fairly well,Very badly,Never,Never,Less than once a month,Every day,Every day,I voted in the election,Would not vote,Bachelors Degree,Undecided/No Response
Rural,Machakos,56.0,Man,Some primary schooling,Unemployed (Actively looking),Agriculture / farming / fishing / forestry,Going in the wrong direction,Very bad,Approve,Not at all,Decreased somewhat,Fairly well,Fairly well,Every day,A few times a month,A few times a month,Never,Never,I voted in the election,United Democratic Alliance (UDA),Primary School,Agriculture
Rural,Kakamega,42.0,Woman,Secondary school / high school completed,Unemployed (Not looking),Agriculture / farming / fishing / forestry,Going in the wrong direction,Fairly bad,Undecided/No Response,Just a little,Stayed the same,Fairly badly,Very badly,Never,Every day,Never,A few times a week,A few times a week,I voted in the election,Would not vote,Secondary School,Agriculture
Rural,Nyamira  ,43.0,Woman,Primary school completed,Unemployed (Not looking),Agriculture / farming / fishing / forestry,Going in the wrong direction,Fairly bad,Disapprove,Not at all,Increased somewhat,Fairly badly,Fairly badly,Every day,Every day,Never,Never,Never,I voted in the election,Orange Democratic Movement (ODM),Primary School,Agriculture
Rural,Machakos,75.0,Woman,Some primary schooling,Unemployed (Not looking),Housewife / homemaker,Going in the wrong direction,Fairly bad,Strongly disapprove,Just a little,Increased a lot,Very badly,Very badly,A few times a week,A few times a month,Never,Never,Never,I voted in the election,United Democratic Alliance (UDA),Primary School,Housewife
Rural,Kakamega,42.0,Man,Secondary school / high school completed,Unemployed (Actively looking),"Artisan or skilled manual worker (e.g., trades like electrician, mechanic, machinist or skilled manufacturing worker)",Going in the wrong direction,Very bad,Strongly disapprove,Not at all,Increased a lot,Very badly,Fairly badly,Every day,Every day,Never,Every day,Every day,I voted in the election,Orange Democratic Movement (ODM),Secondary School,Skilled/Unskilled Labor
Urban,Mombasa,37.0,Woman,Primary school completed,Unemployed (Actively looking),"Security services (police, army, private security)",Going in the wrong direction,Neither good nor bad,Disapprove,Just a little,Decreased somewhat,Fairly well,Fairly badly,Every day,Every day,Never,Every day,Every day,I voted in the election,Wiper Democratic Movement (WDM–K),Primary School,Security Services
Rural,Nyamira  ,28.0,Woman,University completed,Unemployed (Actively looking),"Artisan or skilled manual worker (e.g., trades like electrician, mechanic, machinist or skilled manufacturing worker)",Going in the wrong direction,Fairly bad,Approve,Just a little,Stayed the same,Fairly badly,Fairly badly,Every day,Never,Never,Every day,A few times a month,I did not vote,Orange Democratic Movement (ODM),Bachelors Degree,Skilled/Unskilled Labor
Urban,Mombasa,27.0,Man,Secondary school / high school completed,Unemployed (Actively looking),"Unskilled manual worker (e.g., cleaner, laborer, domestic help, unskilled manufacturing worker)",Going in the wrong direction,Very bad,Strongly disapprove,Not at all,Increased a lot,Very badly,Very badly,A few times a week,Every day,A few times a week,Every day,A few times a week,I voted in the election,Orange Democratic Movement (ODM),Secondary School,Skilled/Unskilled Labor
Rural,Nyamira  ,53.0,Woman,Primary school completed,Employed (Full-time),Agriculture / farming / fishing / forestry,Going in the wrong direction,Very bad,Disapprove,Just a little,Increased a lot,Very badly,Very badly,Every day,A few times a week,Never,Never,Never,I voted in the election,Orange Democratic Movement (ODM),Primary School,Agriculture
Rural,Nyamira  ,41.0,Man,Secondary school / high school completed,Employed (Full-time),"Unskilled manual worker (e.g., cleaner, laborer, domestic help, unskilled manufacturing worker)",Going in the wrong direction,Fairly bad,Approve,A lot,Stayed the same,Fairly well,Fairly well,Every day,A few times a week,Never,Every day,Every day,I voted in the election,Orange Democratic Movement (ODM),Secondary School,Skilled/Unskilled Labor
Rural,Machakos,18.0,Man,Secondary school / high school completed,Unemployed (Actively looking),"Security services (police, army, private security)",Going in the wrong direction,Fairly good,Approve,Somewhat,Decreased somewhat,Fairly well,Fairly well,Every day,Never,Never,Never,A few times a month,I voted in the election,Wiper Democratic Movement (WDM–K),Secondary School,Security Services
Urban,Mombasa,25.0,Woman,Primary school completed,Unemployed (Actively looking),Housewife / homemaker,Going in the wrong direction,Very bad,Disapprove,Not at all,Stayed the same,Very badly,Very badly,A few times a month,Less than once a month,Never,Every day,Every day,I did not vote,Undecided/No Response,Primary School,Housewife
Urban,Nairobi,29.0,Woman,University completed,Employed (Full-time),Retail / Shop,Going in the wrong direction,Very good,Approve,Somewhat,Stayed the same,Fairly badly,Fairly well,Every day,Every day,Every day,Every day,Every day,I voted in the election,Wiper Democratic Movement (WDM–K),Bachelors Degree,Trader
Rural,Kiambu,71.0,Woman,No formal schooling,Unemployed (Not looking),"Artisan or skilled manual worker (e.g., trades like electrician, mechanic, machinist or skilled manufacturing worker)",Going in the wrong direction,Fairly bad,Strongly disapprove,Just a little,Increased a lot,Fairly well,Fairly well,Every day,Every day,Never,Never,Never,I voted in the election,Would not vote,Informal Schooling,Skilled/Unskilled Labor
Urban,Nairobi,42.0,Man,Intermediate school or Some secondary school / high school,Unemployed (Actively looking),Trader / hawker / vendor,Going in the wrong direction,Very bad,Strongly disapprove,Not at all,Increased a lot,Very badly,Very badly,Every day,Every day,A few times a week,A few times a week,A few times a week,I voted in the election,Orange Democratic Movement (ODM),Secondary School,Trader
Rural,Kiambu,38.0,Man,"Post-secondary qualifications, other than university e.g. a diploma or degree from a polytechnic or college",Unemployed (Actively looking),"Mid-level professional (e.g., teacher, nurse, mid-level government officer)",Going in the wrong direction,Fairly bad,Strongly disapprove,Just a little,Increased a lot,Very badly,Very badly,A few times a week,A few times a week,A few times a month,Every day,A few times a week,I voted in the election,Orange Democratic Movement (ODM),Certificate/Diploma,Professional
Rural,Machakos,25.0,Woman,Intermediate school or Some secondary school / high school,Unemployed (Actively looking),Agriculture / farming / fishing / forestry,Going in the wrong direction,Fairly bad,Disapprove,Not at all,Increased a lot,Very badly,Fairly badly,Every day,Every day,Never,Every day,Never,I did not vote,Orange Democratic Movement (ODM),Secondary School,Agriculture
Rural,Kiambu,62.0,Woman,No formal schooling,Unemployed (Not looking),Retail / Shop,Going in the wrong direction,Fairly good,Strongly disapprove,Just a little,Increased a lot,Fairly badly,Very badly,Never,Every day,Never,Never,Never,I voted in the election,United Democratic Alliance (UDA),Informal Schooling,Trader
Rural,Busia,25.0,Woman,Primary school completed,Unemployed (Actively looking),Housewife / homemaker,Going in the wrong direction,Very bad,Strongly disapprove,Somewhat,Increased a lot,Very badly,Very badly,A few times a week,A few times a month,Never,A few times a week,Never,I voted in the election,Undecided/No Response,Primary School,Housewife
Urban,Marsabit,35.0,Woman,Secondary school / high school completed,Employed (Full-time),"Artisan or skilled manual worker (e.g., trades like electrician, mechanic, machinist or skilled manufacturing worker)",Going in the wrong direction,Fairly bad,Approve,Somewhat,Increased a lot,Fairly well,Very badly,Every day,Every day,A few times a month,Every day,Every day,I voted in the election,Orange Democratic Movement (ODM),Secondary School,Skilled/Unskilled Labor
Urban,Nairobi,33.0,Woman,"Post-secondary qualifications, other than university e.g. a diploma or degree from a polytechnic or college",Employed (Full-time),"Mid-level professional (e.g., teacher, nurse, mid-level government officer)",Going in the wrong direction,Very good,Strongly disapprove,Not at all,Increased a lot,Very badly,Very badly,Never,Every day,Never,Every day,Every day,I did not vote,Would not vote,Certificate/Diploma,Professional
Urban,Nairobi,30.0,Woman,Some primary schooling,Employed (Part-time),Retail / Shop,Going in the right direction,Fairly good,Disapprove,Somewhat,Stayed the same,Fairly well,Fairly badly,Every day,Never,Never,Every day,Every day,I did not vote,Would not vote,Primary School,Trader
Urban,Nairobi,23.0,Woman,"Post-secondary qualifications, other than university e.g. a diploma or degree from a polytechnic or college",Unemployed (Actively looking),Retail / Shop,Going in the wrong direction,Fairly bad,Strongly disapprove,Not at all,Increased a lot,Very badly,Very badly,Never,Every day,A few times a month,Every day,Every day,I did not vote,Would not vote,Certificate/Diploma,Trader
Urban,Mombasa,18.0,Man,Primary school completed,Employed (Full-time),"Artisan or skilled manual worker (e.g., trades like electrician, mechanic, machinist or skilled manufacturing worker)",Going in the right direction,Very bad,Approve,Not at all,Decreased a lot,Very badly,Fairly badly,Every day,A few times a week,Every day,Every day,Every day,I voted in the election,Other,Primary School,Skilled/Unskilled Labor
Urban,Nyandarua,36.0,Woman,Intermediate school or Some secondary school / high school,Employed (Full-time),"Unskilled manual worker (e.g., cleaner, laborer, domestic help, unskilled manufacturing worker)",Going in the wrong direction,Fairly bad,Disapprove,Not at all,Stayed the same,Very badly,Undecided/No Response,A few times a month,Every day,Never,A few times a week,Never,I voted in the election,Would not vote,Secondary School,Skilled/Unskilled Labor
Urban,Nyandarua,34.0,Woman,Secondary school / high school completed,Unemployed (Not looking),Trader / hawker / vendor,Going in the wrong direction,Fairly bad,Disapprove,Just a little,Stayed the same,Fairly well,Fairly badly,Every day,Every day,Never,A few times a week,A few times a week,I voted in the election,United Democratic Alliance (UDA),Secondary School,Trader
Urban,Marsabit,37.0,Woman,Secondary school / high school completed,Unemployed (Actively looking),Housewife / homemaker,Going in the wrong direction,Very bad,Disapprove,Somewhat,Increased somewhat,Fairly well,Fairly badly,Never,Every day,Never,Every day,Every day,I did not vote,Orange Democratic Movement (ODM),Secondary School,Housewife
Urban,Nyandarua,32.0,Man,Secondary school / high school completed,Unemployed (Not looking),Undecided/No Response,Going in the wrong direction,Fairly good,Approve,Just a little,Stayed the same,Fairly badly,Fairly well,Every day,A few times a month,Never,Every day,A few times a month,I voted in the election,Would not vote,Secondary School,Undecided/No Response
Urban,Nairobi,21.0,Man,Secondary school / high school completed,Unemployed (Actively looking),Never had a job,Going in the right direction,Fairly bad,Approve,Just a little,Increased somewhat,Very badly,Fairly well,A few times a week,A few times a week,Never,A few times a week,Less than once a month,I did not vote,Would not vote,Secondary School,Undecided/No Response
Rural,Nakuru,39.0,Man,Intermediate school or Some secondary school / high school,Employed (Full-time),"Artisan or skilled manual worker (e.g., trades like electrician, mechanic, machinist or skilled manufacturing worker)",Going in the wrong direction,Very bad,Strongly disapprove,Not at all,Increased a lot,Very badly,Very badly,Never,Every day,Never,Never,Never,I voted in the election,Would not vote,Secondary School,Skilled/Unskilled Labor
Rural,Busia,49.0,Man,Some primary schooling,Employed (Part-time),Trader / hawker / vendor,Going in the right direction,Neither good nor bad,Approve,A lot,Stayed the same,Fairly badly,Fairly well,A few times a month,Every day,Less than once a month,Every day,Every day,I voted in the election,United Democratic Alliance (UDA),Primary School,Trader
Rural,Nakuru,20.0,Woman,"Post-secondary qualifications, other than university e.g. a diploma or degree from a polytechnic or college",Unemployed (Actively looking),Other,Going in the wrong direction,Very bad,Disapprove,Not at all,Increased a lot,Very badly,Very badly,Every day,Every day,Every day,A few times a week,Every day,I was too young to vote,Would not vote,Certificate/Diploma,Undecided/No Response
Urban,Nairobi,33.0,Man,Secondary school / high school completed,Employed (Part-time),"Unskilled manual worker (e.g., cleaner, laborer, domestic help, unskilled manufacturing worker)",Going in the wrong direction,Very good,Strongly disapprove,Somewhat,Increased a lot,Very badly,Very badly,A few times a week,Every day,A few times a month,Never,Never,I voted in the election,Orange Democratic Movement (ODM),Secondary School,Skilled/Unskilled Labor
Rural,Kiambu,40.0,Man,Post-graduate,Employed (Full-time),"Upper-level professional (e.g., banker/finance, doctor, lawyer, engineer, accountant, professor, senior-level government",Going in the wrong direction,Fairly bad,Strongly disapprove,Not at all,Increased somewhat,Fairly badly,Fairly badly,A few times a week,A few times a month,Never,Every day,Every day,I did not vote,Undecided/No Response,Masters/PhD,Professional
Urban,Marsabit,25.0,Woman,"Post-secondary qualifications, other than university e.g. a diploma or degree from a polytechnic or college",Employed (Part-time),"Mid-level professional (e.g., teacher, nurse, mid-level government officer)",Going in the wrong direction,Very bad,Approve,Just a little,Increased somewhat,Very badly,Very badly,A few times a week,A few times a week,A few times a week,Every day,A few times a week,I did not vote,United Democratic Alliance (UDA),Certificate/Diploma,Professional
Rural,Nakuru,53.0,Woman,Primary school completed,Unemployed (Not looking),Agriculture / farming / fishing / forestry,Undecided/No Response,Fairly good,Strongly approve,Somewhat,Decreased somewhat,Fairly well,Fairly well,Every day,Every day,Never,A few times a month,A few times a month,I voted in the election,Undecided/No Response,Primary School,Agriculture
Rural,Busia,55.0,Man,Primary school completed,Unemployed (Not looking),Agriculture / farming / fishing / forestry,Undecided/No Response,Neither good nor bad,Strongly disapprove,Somewhat,Stayed the same,Fairly well,Very badly,Every day,A few times a week,Never,Never,Never,I voted in the election,Orange Democratic Movement (ODM),Primary School,Agriculture
Rural,Nakuru,23.0,Man,"Post-secondary qualifications, other than university e.g. a diploma or degree from a polytechnic or college",Unemployed (Actively looking),"Mid-level professional (e.g., teacher, nurse, mid-level government officer)",Going in the right direction,Fairly bad,Approve,A lot,Increased a lot,Fairly badly,Very badly,Every day,Every day,Never,Every day,Never,I voted in the election,United Democratic Alliance (UDA),Certificate/Diploma,Professional
Urban,Mombasa,36.0,Man,Primary school completed,Unemployed (Actively looking),"Artisan or skilled manual worker (e.g., trades like electrician, mechanic, machinist or skilled manufacturing worker)",Going in the wrong direction,Neither good nor bad,Disapprove,Somewhat,Decreased somewhat,Fairly well,Fairly badly,Every day,Every day,Every day,A few times a month,A few times a month,I voted in the election,United Democratic Alliance (UDA),Primary School,Skilled/Unskilled Labor
Rural,Tana River,22.0,Woman,Intermediate school or Some secondary school / high school,Unemployed (Not looking),Student,Going in the right direction,Fairly good,Disapprove,Just a little,Increased somewhat,Very badly,Fairly badly,A few times a week,Never,Never,Never,Never,I did not vote,Would not vote,Secondary School,Student
Rural,Tana River,63.0,Man,No formal schooling,Unemployed (Not looking),"Security services (police, army, private security)",Going in the wrong direction,Neither good nor bad,Approve,Just a little,Undecided/No Response,Fairly well,Fairly well,Every day,Never,Never,Never,Never,I voted in the election,United Democratic Alliance (UDA),Informal Schooling,Security Services
Urban,Mombasa,38.0,Woman,Some primary schooling,Unemployed (Actively looking),"Unskilled manual worker (e.g., cleaner, laborer, domestic help, unskilled manufacturing worker)",Going in the wrong direction,Fairly bad,Strongly disapprove,Just a little,Stayed the same,Fairly badly,Very badly,A few times a week,A few times a week,Never,Never,Never,I voted in the election,United Democratic Alliance (UDA),Primary School,Skilled/Unskilled Labor
Rural,Kakamega,34.0,Man,Secondary school / high school completed,Employed (Full-time),Agriculture / farming / fishing / forestry,Going in the wrong direction,Very bad,Disapprove,Not at all,Increased a lot,Very badly,Fairly badly,Every day,A few times a week,Never,Every day,Every day,I did not vote,Orange Democratic Movement (ODM),Secondary School,Agriculture
Urban,Nyandarua,21.0,Man,Secondary school / high school completed,Unemployed (Actively looking),"Artisan or skilled manual worker (e.g., trades like electrician, mechanic, machinist or skilled manufacturing worker)",Going in the wrong direction,Fairly bad,Strongly disapprove,Not at all,Increased a lot,Very badly,Very badly,A few times a week,Never,Less than once a month,Every day,Every day,I did not vote,Orange Democratic Movement (ODM),Secondary School,Skilled/Unskilled Labor
Urban,Nairobi,19.0,Woman,Secondary school / high school completed,Unemployed (Not looking),Student,Going in the wrong direction,Very bad,Strongly disapprove,Just a little,Increased a lot,Very badly,Very badly,Never,Never,Never,Every day,Undecided/No Response,I was too young to vote,Would not vote,Secondary School,Student
Rural,Machakos,25.0,Woman,"Post-secondary qualifications, other than university e.g. a diploma or degree from a polytechnic or college",Unemployed (Actively looking),Agriculture / farming / fishing / forestry,Going in the wrong direction,Very bad,Strongly disapprove,Somewhat,Increased a lot,Very badly,Very badly,Every day,Every day,Never,Every day,Every day,I voted in the election,Wiper Democratic Movement (WDM–K),Certificate/Diploma,Agriculture
Rural,Tana River,40.0,Man,Some primary schooling,Unemployed (Actively looking),Never had a job,Going in the right direction,Fairly good,Approve,Not at all,Stayed the same,Fairly badly,Undecided/No Response,Every day,Never,Never,Never,Never,I voted in the election,Undecided/No Response,Primary School,Undecided/No Response
Rural,Tana River,68.0,Man,Informal schooling only (including Koranic schooling),Unemployed (Not looking),Never had a job,Going in the right direction,Fairly good,Strongly approve,Just a little,Stayed the same,Fairly well,Fairly badly,A few times a month,Never,Never,Never,A few times a week,I voted in the election,United Democratic Alliance (UDA),Informal Schooling,Undecided/No Response
Rural,Busia,22.0,Woman,Secondary school / high school completed,Unemployed (Actively looking),Trader / hawker / vendor,Going in the wrong direction,Fairly bad,Undecided/No Response,Just a little,Increased a lot,Fairly badly,Fairly well,A few times a week,A few times a week,A few times a month,A few times a week,A few times a week,I voted in the election,Would not vote,Secondary School,Trader
Urban,Mombasa,59.0,Man,Secondary school / high school completed,Unemployed (Not looking),"Unskilled manual worker (e.g., cleaner, laborer, domestic help, unskilled manufacturing worker)",Going in the wrong direction,Very good,Approve,Somewhat,Decreased somewhat,Fairly well,Very badly,Every day,Never,Never,Every day,A few times a week,I voted in the election,United Democratic Alliance (UDA),Secondary School,Skilled/Unskilled Labor
Rural,Machakos,39.0,Man,Primary school completed,Unemployed (Actively looking),"Unskilled manual worker (e.g., cleaner, laborer, domestic help, unskilled manufacturing worker)",Going in the right direction,Neither good nor bad,Approve,A lot,Decreased somewhat,Very badly,Fairly well,Every day,Never,Never,Never,Never,I voted in the election,Kenya Social Congress (KSC),Primary School,Skilled/Unskilled Labor
Rural,Kakamega,64.0,Man,"Post-secondary qualifications, other than university e.g. a diploma or degree from a polytechnic or college",Unemployed (Not looking),"Upper-level professional (e.g., banker/finance, doctor, lawyer, engineer, accountant, professor, senior-level government",Going in the wrong direction,Fairly bad,Strongly disapprove,Just a little,Increased somewhat,Very badly,Very badly,Every day,Every day,A few times a week,Every day,Every day,I voted in the election,Orange Democratic Movement (ODM),Certificate/Diploma,Professional
Urban,Nairobi,41.0,Man,Primary school completed,Unemployed (Actively looking),"Unskilled manual worker (e.g., cleaner, laborer, domestic help, unskilled manufacturing worker)",Undecided/No Response,Very bad,Approve,Somewhat,Decreased somewhat,Very badly,Fairly badly,Every day,Every day,Never,Never,Never,I voted in the election,United Democratic Alliance (UDA),Primary School,Skilled/Unskilled Labor
Rural,Nyamira  ,19.0,Man,Some university,Unemployed (Not looking),Student,Going in the wrong direction,Fairly bad,Disapprove,Just a little,Stayed the same,Fairly badly,Fairly well,Every day,Every day,A few times a month,Every day,A few times a week,I did not vote,Undecided/No Response,Bachelors Degree,Student
Rural,Nyamira  ,27.0,Man,"Post-secondary qualifications, other than university e.g. a diploma or degree from a polytechnic or college",Unemployed (Actively looking),Agriculture / farming / fishing / forestry,Going in the wrong direction,Very bad,Strongly disapprove,Somewhat,Increased a lot,Fairly badly,Very badly,Every day,A few times a week,Never,Every day,Never,I voted in the election,Orange Democratic Movement (ODM),Certificate/Diploma,Agriculture
Urban,Nairobi,22.0,Woman,Some primary schooling,Employed (Part-time),"Unskilled manual worker (e.g., cleaner, laborer, domestic help, unskilled manufacturing worker)",Going in the wrong direction,Very bad,Strongly disapprove,Just a little,Increased somewhat,Very badly,Very badly,A few times a month,A few times a month,Never,Never,Never,I voted in the election,Orange Democratic Movement (ODM),Primary School,Skilled/Unskilled Labor
Urban,Nairobi,29.0,Man,"Post-secondary qualifications, other than university e.g. a diploma or degree from a polytechnic or college",Employed (Full-time),Retail / Shop,Going in the wrong direction,Very good,Disapprove,Just a little,Increased a lot,Very badly,Very badly,Every day,Every day,Never,Every day,A few times a month,I voted in the election,Orange Democratic Movement (ODM),Certificate/Diploma,Trader
Urban,Marsabit,45.0,Man,Primary school completed,Unemployed (Actively looking),"Unskilled manual worker (e.g., cleaner, laborer, domestic help, unskilled manufacturing worker)",Going in the wrong direction,Very bad,Strongly disapprove,Not at all,Increased a lot,Very badly,Very badly,A few times a week,Every day,Less than once a month,Never,Never,I voted in the election,Jubilee Alliance Party (JAP),Primary School,Skilled/Unskilled Labor
Urban,Nyandarua,34.0,Man,Secondary school / high school completed,Employed (Full-time),"Artisan or skilled manual worker (e.g., trades like electrician, mechanic, machinist or skilled manufacturing worker)",Going in the wrong direction,Fairly bad,Disapprove,Just a little,Increased a lot,Fairly badly,Fairly badly,Never,Every day,A few times a week,Never,Never,I voted in the election,Would not vote,Secondary School,Skilled/Unskilled Labor
Rural,Nakuru,32.0,Man,Intermediate school or Some secondary school / high school,Employed (Part-time),Agriculture / farming / fishing / forestry,Going in the right direction,Neither good nor bad,Strongly approve,A lot,Decreased somewhat,Fairly well,Fairly well,Every day,A few times a month,Never,A few times a week,A few times a month,I voted in the election,United Democratic Alliance (UDA),Secondary School,Agriculture
Urban,Nairobi,21.0,Man,Secondary school / high school completed,Unemployed (Actively looking),Student,Going in the wrong direction,Fairly good,Strongly disapprove,Not at all,Stayed the same,Very badly,Very badly,Every day,Never,Never,Every day,Every day,I did not vote,Would not vote,Secondary School,Student
Rural,Nyamira  ,68.0,Man,No formal schooling,Employed (Full-time),Agriculture / farming / fishing / forestry,Going in the wrong direction,Very bad,Approve,Somewhat,Increased a lot,Fairly badly,Very badly,Every day,Every day,Never,Never,Never,I voted in the election,Orange Democratic Movement (ODM),Informal Schooling,Agriculture
Rural,Nakuru,29.0,Woman,Some primary schooling,Unemployed (Actively looking),Agriculture / farming / fishing / forestry,Going in the wrong direction,Very bad,Strongly approve,Somewhat,Decreased a lot,Fairly well,Fairly well,Every day,A few times a month,Never,Never,Never,I voted in the election,United Democratic Alliance (UDA),Primary School,Agriculture
Rural,Nyamira  ,38.0,Woman,Intermediate school or Some secondary school / high school,Unemployed (Not looking),Agriculture / farming / fishing / forestry,Going in the wrong direction,Very bad,Disapprove,Just a little,Increased a lot,Fairly badly,Fairly badly,Every day,Never,Never,Never,Never,I voted in the election,Orange Democratic Movement (ODM),Secondary School,Agriculture
Urban,Nairobi,36.0,Woman,Secondary school / high school completed,Unemployed (Not looking),Retail / Shop,Going in the wrong direction,Very bad,Strongly disapprove,Just a little,Increased somewhat,Very badly,Very badly,Every day,Every day,Less than once a month,Every day,Every day,I voted in the election,Jubilee Alliance Party (JAP),Secondary School,Trader
Rural,Nakuru,29.0,Man,Intermediate school or Some secondary school / high school,Unemployed (Actively looking),Agriculture / farming / fishing / forestry,Going in the right direction,Fairly good,Undecided/No Response,A lot,Decreased somewhat,Fairly well,Fairly well,Every day,A few times a week,Never,Never,Never,I voted in the election,United Democratic Alliance (UDA),Secondary School,Agriculture
Urban,Nyandarua,20.0,Man,University completed,Employed (Part-time),"Mid-level professional (e.g., teacher, nurse, mid-level government officer)",Going in the wrong direction,Fairly bad,Undecided/No Response,Somewhat,Decreased somewhat,Fairly well,Fairly well,A few times a week,Every day,A few times a week,Every day,A few times a month,I did not vote,Would not vote,Bachelors Degree,Professional
Urban,Mombasa,65.0,Woman,Some primary schooling,Unemployed (Actively looking),"Unskilled manual worker (e.g., cleaner, laborer, domestic help, unskilled manufacturing worker)",Going in the wrong direction,Fairly good,Strongly approve,A lot,Increased a lot,Very badly,Very badly,A few times a week,Never,Never,Never,Never,I voted in the election,United Democratic Alliance (UDA),Primary School,Skilled/Unskilled Labor
Rural,Kiambu,40.0,Woman,University completed,Employed (Part-time),"Upper-level professional (e.g., banker/finance, doctor, lawyer, engineer, accountant, professor, senior-level government",Going in the wrong direction,Fairly bad,Strongly disapprove,Not at all,Increased a lot,Very badly,Very badly,Never,Every day,Less than once a month,Every day,Every day,I voted in the election,Would not vote,Bachelors Degree,Professional
Rural,Machakos,33.0,Man,Secondary school / high school completed,Unemployed (Actively looking),Trader / hawker / vendor,Going in the wrong direction,Fairly good,Approve,Somewhat,Increased somewhat,Fairly badly,Fairly badly,Every day,Every day,Never,A few times a week,Never,I did not vote,Orange Democratic Movement (ODM),Secondary School,Trader
Urban,Nyandarua,57.0,Woman,Secondary school / high school completed,Unemployed (Not looking),Trader / hawker / vendor,Going in the wrong direction,Fairly bad,Disapprove,Somewhat,Increased somewhat,Fairly well,Fairly badly,Never,Every day,Never,Every day,Every day,I did not vote,Would not vote,Secondary School,Trader
Rural,Nakuru,36.0,Woman,Some primary schooling,Unemployed (Actively looking),Agriculture / farming / fishing / forestry,Going in the right direction,Fairly good,Approve,Just a little,Increased a lot,Fairly badly,Fairly badly,Every day,Never,Never,A few times a week,Never,I voted in the election,Undecided/No Response,Primary School,Agriculture
Urban,Nairobi,39.0,Man,Post-graduate,Employed (Full-time),"Upper-level professional (e.g., banker/finance, doctor, lawyer, engineer, accountant, professor, senior-level government",Going in the wrong direction,Fairly bad,Approve,Somewhat,Stayed the same,Fairly badly,Very badly,Every day,Every day,Every day,Every day,Every day,I voted in the election,United Democratic Alliance (UDA),Masters/PhD,Professional
Rural,Kiambu,52.0,Man,Secondary school / high school completed,Unemployed (Actively looking),"Unskilled manual worker (e.g., cleaner, laborer, domestic help, unskilled manufacturing worker)",Going in the right direction,Fairly bad,Disapprove,Somewhat,Increased a lot,Very badly,Fairly badly,Every day,Every day,Never,A few times a week,A few times a week,I voted in the election,Would not vote,Secondary School,Skilled/Unskilled Labor
Rural,Kakamega,40.0,Woman,Secondary school / high school completed,Unemployed (Not looking),Agriculture / farming / fishing / forestry,Going in the wrong direction,Fairly bad,Approve,Just a little,Decreased somewhat,Fairly well,Fairly badly,Every day,A few times a month,Never,Every day,Every day,I voted in the election,United Democratic Alliance (UDA),Secondary School,Agriculture
Rural,Machakos,40.0,Woman,Undecided/No Response,Unemployed (Not looking),Housewife / homemaker,Going in the wrong direction,Very bad,Undecided/No Response,Undecided/No Response,Undecided/No Response,Fairly well,Fairly badly,Every day,A few times a week,A few times a month,A few times a week,A few times a month,I did not vote,Undecided/No Response,Undecided/No Response,Housewife
Urban,Nyandarua,21.0,Woman,Secondary school / high school completed,Unemployed (Not looking),"Artisan or skilled manual worker (e.g., trades like electrician, mechanic, machinist or skilled manufacturing worker)",Going in the wrong direction,Very bad,Approve,Not at all,Increased somewhat,Fairly badly,Fairly badly,Every day,Every day,Never,Every day,Every day,I voted in the election,Orange Democratic Movement (ODM),Secondary School,Skilled/Unskilled Labor
Rural,Kakamega,45.0,Woman,Some primary schooling,Unemployed (Actively looking),"Unskilled manual worker (e.g., cleaner, laborer, domestic help, unskilled manufacturing worker)",Going in the right direction,Fairly good,Disapprove,Just a little,Decreased somewhat,Fairly badly,Fairly badly,Every day,Every day,Never,Never,Never,I voted in the election,Orange Democratic Movement (ODM),Primary School,Skilled/Unskilled Labor
Rural,Tana River,39.0,Woman,Some primary schooling,Unemployed (Actively looking),Housewife / homemaker,Going in the wrong direction,Neither good nor bad,Approve,Somewhat,Undecided/No Response,Fairly well,Fairly well,Never,Never,Never,Never,Never,I voted in the election,United Democratic Alliance (UDA),Primary School,Housewife
Rural,Tana River,23.0,Woman,Primary school completed,Unemployed (Not looking),Agriculture / farming / fishing / forestry,Going in the wrong direction,Very bad,Approve,Somewhat,Increased a lot,Fairly well,Fairly badly,A few times a week,Never,Never,Never,Never,I voted in the election,Orange Democratic Movement (ODM),Primary School,Agriculture
Urban,Nairobi,42.0,Man,Some university,Employed (Full-time),"Mid-level professional (e.g., teacher, nurse, mid-level government officer)",Going in the wrong direction,Very bad,Disapprove,Just a little,Increased a lot,Very badly,Very badly,Every day,Every day,A few times a week,Every day,Undecided/No Response,I voted in the election,Undecided/No Response,Bachelors Degree,Professional
Rural,Kiambu,19.0,Man,Secondary school / high school completed,Unemployed (Not looking),Student,Going in the wrong direction,Fairly good,Undecided/No Response,Somewhat,Stayed the same,Fairly badly,Fairly well,A few times a week,Every day,Never,Every day,Never,I was too young to vote,Jubilee Alliance Party (JAP),Secondary School,Student
Urban,Nairobi,24.0,Woman,"Post-secondary qualifications, other than university e.g. a diploma or degree from a polytechnic or college",Employed (Full-time),Trader / hawker / vendor,Going in the wrong direction,Fairly bad,Strongly disapprove,Not at all,Increased a lot,Very badly,Very badly,Every day,Less than once a month,Never,Every day,Every day,I did not vote,Would not vote,Certificate/Diploma,Trader
Rural,Tana River,35.0,Man,"Post-secondary qualifications, other than university e.g. a diploma or degree from a polytechnic or college",Employed (Part-time),"Artisan or skilled manual worker (e.g., trades like electrician, mechanic, machinist or skilled manufacturing worker)",Going in the wrong direction,Very bad,Approve,Just a little,Stayed the same,Fairly badly,Very badly,Every day,Never,Never,A few times a week,A few times a week,I voted in the election,United Democratic Alliance (UDA),Certificate/Diploma,Skilled/Unskilled Labor
Rural,Tana River,35.0,Woman,Informal schooling only (including Koranic schooling),Unemployed (Not looking),Housewife / homemaker,Going in the right direction,Fairly good,Approve,A lot,Increased a lot,Fairly well,Fairly well,Never,Never,Never,Never,Never,I voted in the election,United Democratic Alliance (UDA),Informal Schooling,Housewife
Rural,Nakuru,37.0,Man,Secondary school / high school completed,Employed (Full-time),Trader / hawker / vendor,Going in the right direction,Fairly bad,Strongly approve,Somewhat,Decreased somewhat,Fairly well,Fairly well,Every day,Every day,Never,Every day,Every day,I voted in the election,United Democratic Alliance (UDA),Secondary School,Trader
Rural,Nakuru,23.0,Woman,Primary school completed,Employed (Part-time),"Unskilled manual worker (e.g., cleaner, laborer, domestic help, unskilled manufacturing worker)",Going in the right direction,Fairly good,Approve,A lot,Stayed the same,Fairly badly,Fairly badly,Every day,Never,Never,Never,Never,I did not vote,United Democratic Alliance (UDA),Primary School,Skilled/Unskilled Labor
Rural,Kiambu,51.0,Woman,"Post-secondary qualifications, other than university e.g. a diploma or degree from a polytechnic or college",Employed (Part-time),Agriculture / farming / fishing / forestry,Going in the wrong direction,Fairly bad,Strongly disapprove,Somewhat,Decreased somewhat,Fairly well,Fairly well,Every day,Every day,Never,A few times a week,Less than once a month,I voted in the election,Would not vote,Certificate/Diploma,Agriculture
Urban,Nairobi,45.0,Man,Secondary school / high school completed,Unemployed (Actively looking),Trader / hawker / vendor,Going in the right direction,Very good,Strongly disapprove,Somewhat,Increased a lot,Fairly well,Fairly well,Every day,A few times a week,Less than once a month,Every day,Every day,I voted in the election,Orange Democratic Movement (ODM),Secondary School,Trader
Urban,Nairobi,53.0,Woman,"Post-secondary qualifications, other than university e.g. a diploma or degree from a polytechnic or college",Unemployed (Not looking),Clerical or secretarial,Going in the wrong direction,Very bad,Approve,Just a little,Increased a lot,Fairly badly,Fairly badly,Every day,Every day,Never,Never,Never,I voted in the election,United Democratic Alliance (UDA),Certificate/Diploma,Professional
Rural,Nakuru,20.0,Man,Secondary school / high school completed,Unemployed (Actively looking),Agriculture / farming / fishing / forestry,Going in the right direction,Fairly bad,Approve,A lot,Decreased somewhat,Fairly well,Fairly well,Every day,Every day,Never,Every day,Less than once a month,I did not vote,United Democratic Alliance (UDA),Secondary School,Agriculture
Rural,Nakuru,19.0,Woman,Intermediate school or Some secondary school / high school,Unemployed (Not looking),Agriculture / farming / fishing / forestry,Going in the right direction,Fairly good,Strongly approve,A lot,Increased a lot,Fairly well,Fairly well,Every day,A few times a month,Never,Never,Never,I did not vote,United Democratic Alliance (UDA),Secondary School,Agriculture
Urban,Nairobi,35.0,Woman,Secondary school / high school completed,Employed (Part-time),"Unskilled manual worker (e.g., cleaner, laborer, domestic help, unskilled manufacturing worker)",Going in the wrong direction,Very good,Strongly disapprove,Not at all,Increased a lot,Very badly,Very badly,Never,Never,Never,Every day,Every day,I did not vote,Orange Democratic Movement (ODM),Secondary School,Skilled/Unskilled Labor
Urban,Nairobi,36.0,Man,Secondary school / high school completed,Employed (Full-time),Trader / hawker / vendor,Going in the wrong direction,Fairly bad,Disapprove,Just a little,Stayed the same,Very badly,Very badly,Less than once a month,Less than once a month,Never,Less than once a month,Every day,I voted in the election,Orange Democratic Movement (ODM),Secondary School,Trader
Urban,Machakos,25.0,Woman,Secondary school / high school completed,Employed (Full-time),"Unskilled manual worker (e.g., cleaner, laborer, domestic help, unskilled manufacturing worker)",Going in the wrong direction,Very bad,Approve,A lot,Increased somewhat,Fairly well,Fairly badly,Every day,Every day,A few times a week,Every day,A few times a week,I did not vote,United Democratic Alliance (UDA),Secondary School,Skilled/Unskilled Labor
Urban,Machakos,34.0,Man,Secondary school / high school completed,Employed (Full-time),Retail / Shop,Going in the wrong direction,Very bad,Strongly disapprove,Not at all,Increased somewhat,Very badly,Very badly,Every day,Never,Never,Never,Never,I voted in the election,Undecided/No Response,Secondary School,Trader
Urban,Machakos,28.0,Woman,"Post-secondary qualifications, other than university e.g. a diploma or degree from a polytechnic or college",Employed (Full-time),Retail / Shop,Going in the wrong direction,Fairly bad,Approve,A lot,Decreased somewhat,Fairly badly,Fairly well,Every day,Every day,A few times a week,Every day,Every day,I voted in the election,Wiper Democratic Movement (WDM–K),Certificate/Diploma,Trader
Urban,Machakos,30.0,Man,Secondary school / high school completed,Employed (Full-time),"Security services (police, army, private security)",Going in the wrong direction,Very bad,Strongly disapprove,Just a little,Increased a lot,Fairly badly,Fairly badly,A few times a week,A few times a month,A few times a month,Never,A few times a week,I voted in the election,Wiper Democratic Movement (WDM–K),Secondary School,Security Services
Urban,Laikipia,60.0,Man,Secondary school / high school completed,Employed (Full-time),"Security services (police, army, private security)",Going in the right direction,Neither good nor bad,Approve,Just a little,Stayed the same,Fairly badly,Fairly well,Every day,A few times a month,Less than once a month,Never,Never,I did not vote,United Democratic Alliance (UDA),Secondary School,Security Services
Urban,Laikipia,25.0,Woman,Secondary school / high school completed,Employed (Full-time),Trader / hawker / vendor,Going in the wrong direction,Fairly bad,Strongly disapprove,Not at all,Increased a lot,Fairly badly,Very badly,Every day,A few times a week,Never,Never,Never,I did not vote,Jubilee Alliance Party (JAP),Secondary School,Trader
Urban,Laikipia,32.0,Man,Primary school completed,Undecided/No Response,Undecided/No Response,Going in the wrong direction,Very bad,Strongly disapprove,Not at all,Undecided/No Response,Very badly,Very badly,Every day,Every day,Never,Never,Never,I voted in the election,Would not vote,Primary School,Undecided/No Response
Urban,Laikipia,44.0,Woman,Primary school completed,Employed (Full-time),Trader / hawker / vendor,Going in the wrong direction,Fairly bad,Approve,Just a little,Increased a lot,Fairly badly,Very badly,Every day,Never,Never,A few times a week,A few times a week,I voted in the election,United Democratic Alliance (UDA),Primary School,Trader
Rural,Nakuru,19.0,Man,Secondary school / high school completed,Unemployed (Not looking),Student,Going in the wrong direction,Very bad,Disapprove,Somewhat,Increased somewhat,Very badly,Very badly,Every day,Never,Never,A few times a month,A few times a month,I was too young to vote,United Democratic Alliance (UDA),Secondary School,Student
Rural,Nakuru,28.0,Woman,Intermediate school or Some secondary school / high school,Employed (Part-time),Agriculture / farming / fishing / forestry,Going in the wrong direction,Fairly good,Strongly approve,Just a little,Decreased somewhat,Fairly badly,Fairly badly,Every day,Every day,Never,A few times a week,Less than once a month,I voted in the election,Would not vote,Secondary School,Agriculture
Urban,Kakamega,25.0,Woman,Secondary school / high school completed,Employed (Part-time),Trader / hawker / vendor,Going in the right direction,Fairly good,Disapprove,Just a little,Increased somewhat,Fairly badly,Very well,Never,A few times a week,Never,Every day,Every day,I did not vote,Would not vote,Secondary School,Trader
Urban,Nairobi,33.0,Woman,Secondary school / high school completed,Unemployed (Not looking),Retail / Shop,Going in the wrong direction,Very bad,Strongly disapprove,Just a little,Decreased a lot,Fairly well,Fairly well,Every day,Every day,Every day,Every day,Every day,I voted in the election,Wiper Democratic Movement (WDM–K),Secondary School,Trader
Rural,Nakuru,54.0,Man,Secondary school / high school completed,Unemployed (Not looking),Agriculture / farming / fishing / forestry,Going in the wrong direction,Very bad,Strongly disapprove,Not at all,Increased a lot,Fairly well,Very badly,Every day,Every day,Never,Never,Every day,I voted in the election,Would not vote,Secondary School,Agriculture
Urban,Kakamega,47.0,Man,University completed,Employed (Full-time),"Mid-level professional (e.g., teacher, nurse, mid-level government officer)",Going in the wrong direction,Very bad,Disapprove,Just a little,Increased a lot,Fairly badly,Very badly,Never,Every day,Every day,Every day,Every day,I voted in the election,Orange Democratic Movement (ODM),Bachelors Degree,Professional
Rural,Nakuru,70.0,Woman,Primary school completed,Unemployed (Actively looking),Trader / hawker / vendor,Going in the wrong direction,Fairly bad,Disapprove,Just a little,Increased a lot,Fairly badly,Fairly badly,Every day,Every day,Never,Never,Never,I voted in the election,United Democratic Alliance (UDA),Primary School,Trader
Rural,Kisii,38.0,Man,Intermediate school or Some secondary school / high school,Unemployed (Not looking),Agriculture / farming / fishing / forestry,Going in the wrong direction,Very bad,Strongly disapprove,Not at all,Increased somewhat,Very well,Very badly,Never,Never,Never,A few times a month,A few times a month,I voted in the election,Orange Democratic Movement (ODM),Secondary School,Agriculture
Rural,Busia,18.0,Man,Primary school completed,Unemployed (Actively looking),Agriculture / farming / fishing / forestry,Going in the wrong direction,Very bad,Strongly approve,Just a little,Increased a lot,Very badly,Fairly badly,Every day,Every day,A few times a month,Never,Every day,I did not vote,Orange Democratic Movement (ODM),Primary School,Agriculture
Rural,Kisii,38.0,Woman,Secondary school / high school completed,Unemployed (Not looking),Agriculture / farming / fishing / forestry,Going in the right direction,Fairly good,Approve,Not at all,Decreased somewhat,Fairly well,Fairly well,A few times a month,Never,Never,Never,Never,I voted in the election,United Democratic Alliance (UDA),Secondary School,Agriculture
Rural,Busia,35.0,Woman,Some primary schooling,Unemployed (Not looking),Agriculture / farming / fishing / forestry,Going in the wrong direction,Very bad,Undecided/No Response,Just a little,Increased a lot,Undecided/No Response,Fairly badly,Never,A few times a month,Never,Never,Never,I voted in the election,Would not vote,Primary School,Agriculture
Rural,Busia,26.0,Woman,"Post-secondary qualifications, other than university e.g. a diploma or degree from a polytechnic or college",Unemployed (Not looking),Supervisor / Foreman / Senior Manager,Going in the wrong direction,Very bad,Strongly disapprove,Just a little,Stayed the same,Very badly,Very badly,Every day,Every day,Never,Every day,Every day,I did not vote,United Democratic Alliance (UDA),Certificate/Diploma,Professional
Rural,Busia,21.0,Woman,Primary school completed,Employed (Full-time),Trader / hawker / vendor,Going in the wrong direction,Very bad,Strongly disapprove,Not at all,Increased a lot,Very badly,Very badly,A few times a week,Never,Never,Never,Never,I did not vote,Orange Democratic Movement (ODM),Primary School,Trader
Urban,Kakamega,48.0,Woman,Some primary schooling,Unemployed (Not looking),Housewife / homemaker,Going in the wrong direction,Very bad,Strongly disapprove,Not at all,Increased a lot,Very badly,Very badly,Every day,Every day,Never,Never,Never,I voted in the election,Orange Democratic Movement (ODM),Primary School,Housewife
Urban,Nairobi,33.0,Woman,Secondary school / high school completed,Employed (Full-time),Trader / hawker / vendor,Going in the wrong direction,Fairly good,Strongly approve,Somewhat,Increased a lot,Fairly well,Very badly,A few times a week,Every day,Never,Every day,Every day,I voted in the election,KANU,Secondary School,Trader
Urban,Machakos,37.0,Woman,"Post-secondary qualifications, other than university e.g. a diploma or degree from a polytechnic or college",Employed (Full-time),Retail / Shop,Going in the right direction,Very bad,Approve,Somewhat,Increased somewhat,Fairly badly,Very badly,Less than once a month,Every day,Less than once a month,Every day,Every day,I voted in the election,Undecided/No Response,Certificate/Diploma,Trader
Urban,Nairobi,35.0,Man,Secondary school / high school completed,Employed (Full-time),Never had a job,Going in the wrong direction,Very good,Disapprove,Just a little,Increased a lot,Very badly,Very badly,Every day,Every day,Every day,Every day,A few times a week,I voted in the election,Other,Secondary School,Undecided/No Response
Rural,Kisii,52.0,Woman,Secondary school / high school completed,Unemployed (Not looking),Agriculture / farming / fishing / forestry,Going in the right direction,Fairly good,Disapprove,Somewhat,Increased somewhat,Fairly well,Fairly well,Every day,Every day,Never,A few times a week,A few times a week,I voted in the election,Orange Democratic Movement (ODM),Secondary School,Agriculture
Urban,Kakamega,28.0,Man,Secondary school / high school completed,Unemployed (Actively looking),"Artisan or skilled manual worker (e.g., trades like electrician, mechanic, machinist or skilled manufacturing worker)",Going in the wrong direction,Fairly bad,Disapprove,Not at all,Increased a lot,Very badly,Very badly,Every day,Every day,Never,Every day,Every day,I voted in the election,United Democratic Alliance (UDA),Secondary School,Skilled/Unskilled Labor
Rural,Kisii,24.0,Woman,"Post-secondary qualifications, other than university e.g. a diploma or degree from a polytechnic or college",Unemployed (Actively looking),"Artisan or skilled manual worker (e.g., trades like electrician, mechanic, machinist or skilled manufacturing worker)",Going in the right direction,Fairly good,Approve,Somewhat,Decreased somewhat,Fairly well,Fairly well,Every day,Every day,Less than once a month,Less than once a month,A few times a month,I voted in the election,United Democratic Alliance (UDA),Certificate/Diploma,Skilled/Unskilled Labor
Urban,Nairobi,30.0,Man,"Post-secondary qualifications, other than university e.g. a diploma or degree from a polytechnic or college",Unemployed (Actively looking),Trader / hawker / vendor,Going in the right direction,Fairly bad,Approve,Somewhat,Increased somewhat,Fairly well,Fairly well,A few times a week,Every day,Every day,Every day,Every day,I voted in the election,Orange Democratic Movement (ODM),Certificate/Diploma,Trader
Urban,Laikipia,23.0,Woman,"Post-secondary qualifications, other than university e.g. a diploma or degree from a polytechnic or college",Unemployed (Not looking),Student,Going in the wrong direction,Fairly bad,Strongly approve,Just a little,Undecided/No Response,Fairly badly,Fairly badly,Less than once a month,Never,Never,Every day,Every day,I voted in the election,Would not vote,Certificate/Diploma,Student
Urban,Kiambu,30.0,Woman,Secondary school / high school completed,Employed (Part-time),"Unskilled manual worker (e.g., cleaner, laborer, domestic help, unskilled manufacturing worker)",Going in the wrong direction,Fairly bad,Approve,Just a little,Stayed the same,Fairly well,Fairly badly,Every day,Every day,Less than once a month,A few times a week,A few times a week,I voted in the election,Orange Democratic Movement (ODM),Secondary School,Skilled/Unskilled Labor
Urban,Machakos,24.0,Man,"Post-secondary qualifications, other than university e.g. a diploma or degree from a polytechnic or college",Employed (Full-time),"Artisan or skilled manual worker (e.g., trades like electrician, mechanic, machinist or skilled manufacturing worker)",Going in the right direction,Fairly good,Approve,Just a little,Decreased somewhat,Fairly well,Fairly badly,A few times a week,Every day,A few times a month,Every day,Every day,I voted in the election,Orange Democratic Movement (ODM),Certificate/Diploma,Skilled/Unskilled Labor
Urban,Kiambu,32.0,Man,"Post-secondary qualifications, other than university e.g. a diploma or degree from a polytechnic or college",Employed (Part-time),Trader / hawker / vendor,Going in the wrong direction,Fairly good,Strongly disapprove,Not at all,Increased a lot,Very badly,Very badly,Every day,Every day,A few times a month,Every day,A few times a week,I voted in the election,Jubilee Alliance Party (JAP),Certificate/Diploma,Trader
Urban,Machakos,65.0,Man,"Post-secondary qualifications, other than university e.g. a diploma or degree from a polytechnic or college",Unemployed (Actively looking),"Upper-level professional (e.g., banker/finance, doctor, lawyer, engineer, accountant, professor, senior-level government",Going in the wrong direction,Fairly good,Disapprove,Somewhat,Increased a lot,Fairly well,Fairly badly,Never,Every day,Never,Every day,A few times a week,I voted in the election,Undecided/No Response,Certificate/Diploma,Professional
Urban,Kiambu,28.0,Woman,Some university,Employed (Full-time),Housewife / homemaker,Going in the right direction,Fairly good,Strongly approve,Not at all,Decreased a lot,Very badly,Very well,Every day,Every day,Every day,Every day,A few times a week,I voted in the election,Would not vote,Bachelors Degree,Housewife
Urban,Kiambu,40.0,Man,Some primary schooling,Unemployed (Actively looking),"Artisan or skilled manual worker (e.g., trades like electrician, mechanic, machinist or skilled manufacturing worker)",Going in the wrong direction,Fairly bad,Disapprove,Somewhat,Increased a lot,Very badly,Very well,Every day,Every day,Never,Never,Never,I voted in the election,Orange Democratic Movement (ODM),Primary School,Skilled/Unskilled Labor
Urban,Machakos,24.0,Woman,Secondary school / high school completed,Unemployed (Actively looking),"Security services (police, army, private security)",Going in the wrong direction,Very good,Strongly disapprove,A lot,Increased a lot,Fairly badly,Fairly badly,Never,Every day,Never,Every day,A few times a week,I did not vote,KANU,Secondary School,Security Services
Urban,Kakamega,45.0,Man,Secondary school / high school completed,Employed (Full-time),Retail / Shop,Going in the wrong direction,Fairly bad,Approve,Not at all,Increased somewhat,Fairly well,Very badly,Every day,Every day,A few times a month,A few times a month,A few times a month,I voted in the election,Would not vote,Secondary School,Trader
Urban,Laikipia,27.0,Man,Secondary school / high school completed,Unemployed (Actively looking),"Unskilled manual worker (e.g., cleaner, laborer, domestic help, unskilled manufacturing worker)",Going in the wrong direction,Fairly bad,Disapprove,Not at all,Increased a lot,Fairly badly,Very badly,Every day,A few times a month,Never,A few times a week,A few times a week,I did not vote,Jubilee Alliance Party (JAP),Secondary School,Skilled/Unskilled Labor
Urban,Laikipia,25.0,Woman,"Post-secondary qualifications, other than university e.g. a diploma or degree from a polytechnic or college",Unemployed (Actively looking),Retail / Shop,Going in the right direction,Fairly bad,Disapprove,Somewhat,Increased a lot,Fairly badly,Fairly well,A few times a month,Every day,A few times a month,Every day,Every day,I did not vote,Undecided/No Response,Certificate/Diploma,Trader
Urban,Laikipia,40.0,Man,Intermediate school or Some secondary school / high school,Employed (Part-time),"Unskilled manual worker (e.g., cleaner, laborer, domestic help, unskilled manufacturing worker)",Going in the wrong direction,Fairly bad,Strongly disapprove,Not at all,Increased a lot,Fairly badly,Fairly badly,A few times a week,Every day,Never,Never,Never,I voted in the election,Orange Democratic Movement (ODM),Secondary School,Skilled/Unskilled Labor
Rural,Nakuru,39.0,Man,Intermediate school or Some secondary school / high school,Employed (Part-time),Agriculture / farming / fishing / forestry,Going in the right direction,Fairly good,Disapprove,Just a little,Stayed the same,Fairly well,Fairly badly,Every day,Every day,A few times a month,Every day,Every day,I voted in the election,Undecided/No Response,Secondary School,Agriculture
Rural,Nakuru,34.0,Woman,"Post-secondary qualifications, other than university e.g. a diploma or degree from a polytechnic or college",Unemployed (Not looking),"Mid-level professional (e.g., teacher, nurse, mid-level government officer)",Going in the wrong direction,Fairly good,Strongly approve,Somewhat,Decreased somewhat,Very well,Fairly well,A few times a month,Every day,Never,Every day,Every day,I voted in the election,Undecided/No Response,Certificate/Diploma,Professional
Rural,Nakuru,60.0,Man,Primary school completed,Unemployed (Not looking),Agriculture / farming / fishing / forestry,Going in the right direction,Fairly bad,Approve,Just a little,Decreased somewhat,Fairly well,Fairly badly,Every day,Every day,Never,Never,Never,I voted in the election,United Democratic Alliance (UDA),Primary School,Agriculture
Rural,Busia,71.0,Man,Intermediate school or Some secondary school / high school,Employed (Part-time),Agriculture / farming / fishing / forestry,Going in the right direction,Very bad,Approve,Somewhat,Increased a lot,Fairly badly,Very well,Every day,Every day,Never,A few times a month,A few times a week,I voted in the election,United Democratic Alliance (UDA),Secondary School,Agriculture
Rural,Busia,62.0,Man,Secondary school / high school completed,Unemployed (Not looking),Agriculture / farming / fishing / forestry,Going in the wrong direction,Very bad,Disapprove,Just a little,Increased a lot,Fairly well,Fairly badly,Every day,Every day,Never,Every day,Every day,I voted in the election,Orange Democratic Movement (ODM),Secondary School,Agriculture
Urban,Kiambu,49.0,Man,"Post-secondary qualifications, other than university e.g. a diploma or degree from a polytechnic or college",Employed (Full-time),"Artisan or skilled manual worker (e.g., trades like electrician, mechanic, machinist or skilled manufacturing worker)",Going in the right direction,Fairly bad,Approve,Just a little,Decreased somewhat,Fairly badly,Fairly well,Every day,Every day,Less than once a month,A few times a month,Never,I voted in the election,United Democratic Alliance (UDA),Certificate/Diploma,Skilled/Unskilled Labor
Rural,Busia,32.0,Woman,Secondary school / high school completed,Employed (Full-time),Trader / hawker / vendor,Going in the wrong direction,Very bad,Disapprove,Just a little,Increased a lot,Fairly badly,Very badly,Every day,Every day,Never,A few times a month,A few times a week,I voted in the election,Orange Democratic Movement (ODM),Secondary School,Trader
Urban,Kiambu,60.0,Man,Some primary schooling,Employed (Full-time),Retail / Shop,Going in the wrong direction,Very bad,Approve,Just a little,Increased a lot,Very badly,Fairly well,Every day,Every day,Never,Every day,Never,I voted in the election,Would not vote,Primary School,Trader
Urban,Kakamega,33.0,Woman,Primary school completed,Unemployed (Not looking),Housewife / homemaker,Going in the wrong direction,Fairly bad,Strongly disapprove,Not at all,Increased somewhat,Very badly,Very badly,Every day,Every day,Never,A few times a week,A few times a week,I did not vote,Would not vote,Primary School,Housewife
Rural,Kisii,50.0,Woman,No formal schooling,Unemployed (Not looking),Agriculture / farming / fishing / forestry,Going in the right direction,Neither good nor bad,Strongly approve,Just a little,Decreased somewhat,Fairly well,Very well,Every day,Never,Never,Every day,Every day,I did not vote,United Democratic Alliance (UDA),Informal Schooling,Agriculture
Urban,Kakamega,44.0,Woman,Primary school completed,Unemployed (Not looking),Trader / hawker / vendor,Going in the right direction,Neither good nor bad,Disapprove,Not at all,Stayed the same,Fairly badly,Fairly badly,A few times a week,Every day,Less than once a month,Never,Never,I voted in the election,Orange Democratic Movement (ODM),Primary School,Trader
Urban,Kakamega,30.0,Man,"Post-secondary qualifications, other than university e.g. a diploma or degree from a polytechnic or college",Unemployed (Actively looking),"Mid-level professional (e.g., teacher, nurse, mid-level government officer)",Going in the wrong direction,Fairly bad,Approve,Just a little,Increased somewhat,Fairly well,Very badly,A few times a week,Every day,Never,Every day,Every day,I voted in the election,United Democratic Alliance (UDA),Certificate/Diploma,Professional
Rural,Kisii,26.0,Man,"Post-secondary qualifications, other than university e.g. a diploma or degree from a polytechnic or college",Unemployed (Actively looking),Agriculture / farming / fishing / forestry,Undecided/No Response,Neither good nor bad,Approve,Somewhat,Increased somewhat,Fairly well,Very badly,Less than once a month,Never,Never,Every day,Every day,I voted in the election,Undecided/No Response,Certificate/Diploma,Agriculture
Rural,Busia,45.0,Man,Primary school completed,Employed (Part-time),Trader / hawker / vendor,Going in the wrong direction,Very bad,Strongly disapprove,Just a little,Increased a lot,Very badly,Fairly badly,A few times a week,Never,Never,Never,Never,I did not vote,Orange Democratic Movement (ODM),Primary School,Trader
Rural,Nakuru,30.0,Woman,Primary school completed,Unemployed (Not looking),"Unskilled manual worker (e.g., cleaner, laborer, domestic help, unskilled manufacturing worker)",Going in the wrong direction,Fairly bad,Approve,A lot,Increased a lot,Fairly well,Fairly well,Never,Never,Never,Never,Never,I voted in the election,Would not vote,Primary School,Skilled/Unskilled Labor
Rural,Kisii,52.0,Man,Primary school completed,Unemployed (Actively looking),Agriculture / farming / fishing / forestry,Going in the wrong direction,Very bad,Approve,Just a little,Decreased somewhat,Fairly well,Fairly well,Every day,Every day,Every day,Every day,Every day,I voted in the election,United Democratic Alliance (UDA),Primary School,Agriculture
Urban,Kiambu,25.0,Woman,Secondary school / high school completed,Unemployed (Actively looking),Retail / Shop,Going in the wrong direction,Very bad,Disapprove,Not at all,Decreased a lot,Fairly badly,Fairly badly,Never,A few times a week,Never,Every day,A few times a week,I voted in the election,NARC – Kenya,Secondary School,Trader
Rural,Kisii,72.0,Man,Primary school completed,Employed (Part-time),"Artisan or skilled manual worker (e.g., trades like electrician, mechanic, machinist or skilled manufacturing worker)",Going in the right direction,Very good,Approve,Just a little,Decreased somewhat,Very badly,Fairly badly,Every day,A few times a week,A few times a week,Never,Never,I voted in the election,Orange Democratic Movement (ODM),Primary School,Skilled/Unskilled Labor
Urban,Kiambu,40.0,Woman,"Post-secondary qualifications, other than university e.g. a diploma or degree from a polytechnic or college",Employed (Full-time),"Mid-level professional (e.g., teacher, nurse, mid-level government officer)",Going in the wrong direction,Very bad,Strongly disapprove,Not at all,Increased a lot,Very badly,Very badly,A few times a month,A few times a week,Never,Every day,Every day,I voted in the election,Orange Democratic Movement (ODM),Certificate/Diploma,Professional
Urban,Marsabit,24.0,Woman,Primary school completed,Unemployed (Actively looking),Trader / hawker / vendor,Going in the wrong direction,Fairly bad,Approve,Somewhat,Stayed the same,Fairly badly,Fairly well,Less than once a month,Never,Never,A few times a week,A few times a week,I voted in the election,Orange Democratic Movement (ODM),Primary School,Trader
Urban,Marsabit,42.0,Man,Secondary school / high school completed,Unemployed (Actively looking),"Unskilled manual worker (e.g., cleaner, laborer, domestic help, unskilled manufacturing worker)",Going in the wrong direction,Very bad,Strongly disapprove,Not at all,Increased a lot,Fairly badly,Fairly badly,Never,Every day,Never,Every day,Every day,I did not vote,Orange Democratic Movement (ODM),Secondary School,Skilled/Unskilled Labor
Urban,Marsabit,29.0,Woman,Secondary school / high school completed,Unemployed (Not looking),Housewife / homemaker,Going in the right direction,Fairly bad,Strongly disapprove,A lot,Stayed the same,Fairly badly,Very badly,A few times a week,A few times a week,Never,Every day,Never,I voted in the election,United Democratic Alliance (UDA),Secondary School,Housewife
Urban,Marsabit,21.0,Man,Some primary schooling,Employed (Part-time),Never had a job,Going in the right direction,Fairly good,Approve,A lot,Increased somewhat,Fairly well,Fairly well,Less than once a month,Less than once a month,A few times a month,Never,Never,I voted in the election,United Democratic Alliance (UDA),Primary School,Undecided/No Response
Rural,Kakamega,20.0,Woman,Secondary school / high school completed,Unemployed (Actively looking),Never had a job,Going in the wrong direction,Very bad,Disapprove,Not at all,Increased a lot,Fairly badly,Fairly well,Never,A few times a month,Never,Every day,Every day,I voted in the election,Would not vote,Secondary School,Undecided/No Response
Rural,Kakamega,55.0,Woman,Intermediate school or Some secondary school / high school,Unemployed (Not looking),Housewife / homemaker,Going in the wrong direction,Fairly bad,Strongly disapprove,Not at all,Increased a lot,Very badly,Very badly,Every day,Never,Never,A few times a month,A few times a month,I voted in the election,Orange Democratic Movement (ODM),Secondary School,Housewife
Rural,Kakamega,26.0,Man,Secondary school / high school completed,Employed (Part-time),Agriculture / farming / fishing / forestry,Going in the right direction,Very good,Approve,A lot,Decreased a lot,Fairly well,Fairly well,Every day,Less than once a month,Never,Every day,Every day,I voted in the election,Amani National Congress,Secondary School,Agriculture
Rural,Kakamega,62.0,Man,Some primary schooling,Unemployed (Actively looking),"Unskilled manual worker (e.g., cleaner, laborer, domestic help, unskilled manufacturing worker)",Going in the wrong direction,Fairly bad,Strongly disapprove,Just a little,Increased a lot,Very badly,Fairly badly,Every day,Every day,Never,Never,Never,I voted in the election,Orange Democratic Movement (ODM),Primary School,Skilled/Unskilled Labor
Urban,Tana River,26.0,Woman,"Post-secondary qualifications, other than university e.g. a diploma or degree from a polytechnic or college",Employed (Full-time),Clerical or secretarial,Going in the wrong direction,Fairly bad,Approve,Somewhat,Increased somewhat,Fairly badly,Very badly,Never,Every day,Less than once a month,Every day,Every day,I voted in the election,Orange Democratic Movement (ODM),Certificate/Diploma,Professional
Urban,Tana River,65.0,Man,No formal schooling,Unemployed (Not looking),Agriculture / farming / fishing / forestry,Undecided/No Response,Fairly bad,Approve,A lot,Undecided/No Response,Fairly well,Fairly well,Never,Never,Never,Never,Never,I voted in the election,United Democratic Alliance (UDA),Informal Schooling,Agriculture
Rural,Machakos,37.0,Woman,Primary school completed,Unemployed (Not looking),Housewife / homemaker,Going in the right direction,Fairly good,Strongly approve,Somewhat,Increased somewhat,Fairly well,Fairly well,Every day,Never,Never,Never,Never,I voted in the election,Undecided/No Response,Primary School,Housewife
Rural,Machakos,40.0,Woman,Some primary schooling,Unemployed (Actively looking),Agriculture / farming / fishing / forestry,Going in the wrong direction,Fairly bad,Undecided/No Response,Undecided/No Response,Increased a lot,Fairly badly,Fairly badly,Every day,Every day,Never,Every day,Never,I voted in the election,Orange Democratic Movement (ODM),Primary School,Agriculture
Urban,Marsabit,33.0,Woman,Primary school completed,Unemployed (Actively looking),Retail / Shop,Going in the wrong direction,Very bad,Strongly disapprove,Somewhat,Increased a lot,Very badly,Very badly,Every day,Every day,A few times a month,Every day,Every day,I voted in the election,Roots Party of Kenya (RPK),Primary School,Trader
Urban,Tana River,29.0,Woman,Primary school completed,Unemployed (Actively looking),Housewife / homemaker,Going in the wrong direction,Very bad,Strongly disapprove,Just a little,Increased a lot,Fairly badly,Fairly well,Every day,Every day,Less than once a month,Every day,Every day,I voted in the election,United Democratic Alliance (UDA),Primary School,Housewife
Urban,Tana River,22.0,Man,Some primary schooling,Unemployed (Actively looking),Never had a job,Going in the right direction,Fairly good,Approve,Just a little,Decreased somewhat,Fairly well,Fairly well,A few times a week,A few times a week,Never,Every day,Every day,I voted in the election,Jubilee Alliance Party (JAP),Primary School,Undecided/No Response
Urban,Marsabit,46.0,Man,No formal schooling,Unemployed (Actively looking),Trader / hawker / vendor,Going in the right direction,Fairly good,Approve,A lot,Stayed the same,Fairly well,Fairly well,Every day,Every day,Every day,Every day,Every day,I voted in the election,United Democratic Alliance (UDA),Informal Schooling,Trader
Rural,Machakos,34.0,Woman,Primary school completed,Unemployed (Not looking),Agriculture / farming / fishing / forestry,Going in the wrong direction,Very bad,Strongly disapprove,Just a little,Stayed the same,Fairly badly,Very badly,Every day,Never,Never,Never,A few times a week,I voted in the election,United Democratic Alliance (UDA),Primary School,Agriculture
Urban,Marsabit,50.0,Woman,"Post-secondary qualifications, other than university e.g. a diploma or degree from a polytechnic or college",Employed (Full-time),"Mid-level professional (e.g., teacher, nurse, mid-level government officer)",Going in the wrong direction,Fairly bad,Disapprove,Not at all,Increased a lot,Fairly badly,Fairly badly,Every day,Every day,Never,Every day,Every day,I voted in the election,Orange Democratic Movement (ODM),Certificate/Diploma,Professional
Rural,Machakos,60.0,Man,Intermediate school or Some secondary school / high school,Unemployed (Actively looking),Agriculture / farming / fishing / forestry,Going in the wrong direction,Very bad,Strongly approve,Somewhat,Increased a lot,Very badly,Very badly,Every day,A few times a month,Never,Every day,Every day,I did not vote,Undecided/No Response,Secondary School,Agriculture
Rural,Homa Bay,25.0,Woman,Primary school completed,Unemployed (Actively looking),Trader / hawker / vendor,Going in the wrong direction,Very bad,Strongly disapprove,Just a little,Increased a lot,Very badly,Very badly,A few times a week,A few times a week,Never,Never,Never,I voted in the election,Orange Democratic Movement (ODM),Primary School,Trader
Rural,Homa Bay,40.0,Woman,Some primary schooling,Unemployed (Not looking),Trader / hawker / vendor,Going in the wrong direction,Very bad,Approve,A lot,Increased a lot,Very badly,Very badly,Every day,Every day,Never,Never,Never,I voted in the election,Orange Democratic Movement (ODM),Primary School,Trader
Rural,Homa Bay,19.0,Man,Intermediate school or Some secondary school / high school,Unemployed (Not looking),Student,Going in the wrong direction,Very bad,Strongly disapprove,Not at all,Decreased somewhat,Fairly badly,Very well,Every day,Every day,Never,Every day,Every day,I did not vote,United Democratic Alliance (UDA),Secondary School,Student
Rural,Siaya,52.0,Woman,Secondary school / high school completed,Employed (Part-time),Agriculture / farming / fishing / forestry,Going in the wrong direction,Fairly good,Disapprove,Just a little,Stayed the same,Fairly badly,Very badly,Every day,Every day,Never,Less than once a month,Less than once a month,I voted in the election,Orange Democratic Movement (ODM),Secondary School,Agriculture
Rural,Siaya,38.0,Man,Secondary school / high school completed,Employed (Part-time),"Artisan or skilled manual worker (e.g., trades like electrician, mechanic, machinist or skilled manufacturing worker)",Going in the wrong direction,Very bad,Strongly disapprove,Not at all,Increased a lot,Fairly badly,Very badly,Every day,Every day,Every day,A few times a week,A few times a week,I voted in the election,Orange Democratic Movement (ODM),Secondary School,Skilled/Unskilled Labor
Urban,Marsabit,25.0,Man,"Post-secondary qualifications, other than university e.g. a diploma or degree from a polytechnic or college",Employed (Part-time),"Mid-level professional (e.g., teacher, nurse, mid-level government officer)",Going in the wrong direction,Very bad,Strongly disapprove,Not at all,Increased a lot,Very badly,Very badly,Never,Less than once a month,A few times a week,Every day,Every day,I did not vote,Would not vote,Certificate/Diploma,Professional
Rural,Siaya,34.0,Woman,"Post-secondary qualifications, other than university e.g. a diploma or degree from a polytechnic or college",Unemployed (Not looking),Trader / hawker / vendor,Going in the wrong direction,Fairly bad,Strongly disapprove,Not at all,Increased a lot,Very badly,Very badly,Every day,Every day,A few times a month,Less than once a month,Less than once a month,I voted in the election,Undecided/No Response,Certificate/Diploma,Trader
Urban,Nairobi,30.0,Man,"Post-secondary qualifications, other than university e.g. a diploma or degree from a polytechnic or college",Employed (Full-time),"Artisan or skilled manual worker (e.g., trades like electrician, mechanic, machinist or skilled manufacturing worker)",Going in the wrong direction,Very bad,Strongly disapprove,Just a little,Increased a lot,Very badly,Very badly,Every day,Every day,Never,Every day,A few times a month,I did not vote,Orange Democratic Movement (ODM),Certificate/Diploma,Skilled/Unskilled Labor
Urban,Nairobi,27.0,Woman,"Post-secondary qualifications, other than university e.g. a diploma or degree from a polytechnic or college",Employed (Full-time),"Artisan or skilled manual worker (e.g., trades like electrician, mechanic, machinist or skilled manufacturing worker)",Undecided/No Response,Fairly bad,Approve,Undecided/No Response,Stayed the same,Fairly badly,Very badly,A few times a month,A few times a week,Never,Every day,Every day,I did not vote,Would not vote,Certificate/Diploma,Skilled/Unskilled Labor
Urban,Mombasa,30.0,Man,University completed,Employed (Full-time),"Upper-level professional (e.g., banker/finance, doctor, lawyer, engineer, accountant, professor, senior-level government",Going in the right direction,Fairly bad,Approve,A lot,Increased a lot,Fairly well,Fairly well,Every day,Every day,Every day,Every day,Every day,I voted in the election,Undecided/No Response,Bachelors Degree,Professional
Urban,Mombasa,20.0,Woman,University completed,Unemployed (Actively looking),Student,Going in the wrong direction,Fairly bad,Disapprove,Somewhat,Increased somewhat,Fairly badly,Very badly,Every day,Every day,Less than once a month,Every day,Every day,I voted in the election,United Democratic Alliance (UDA),Bachelors Degree,Student
Rural,Homa Bay,21.0,Woman,University completed,Unemployed (Actively looking),Agriculture / farming / fishing / forestry,Going in the wrong direction,Very bad,Strongly disapprove,Somewhat,Increased a lot,Very badly,Very badly,Every day,Never,Less than once a month,Every day,Never,I voted in the election,Orange Democratic Movement (ODM),Bachelors Degree,Agriculture
Urban,Nairobi,32.0,Man,Secondary school / high school completed,Employed (Full-time),"Artisan or skilled manual worker (e.g., trades like electrician, mechanic, machinist or skilled manufacturing worker)",Going in the wrong direction,Very bad,Strongly disapprove,Somewhat,Increased a lot,Fairly badly,Very badly,A few times a week,Every day,Never,Every day,Every day,I voted in the election,Would not vote,Secondary School,Skilled/Unskilled Labor
Urban,Mombasa,21.0,Man,Secondary school / high school completed,Employed (Part-time),"Artisan or skilled manual worker (e.g., trades like electrician, mechanic, machinist or skilled manufacturing worker)",Going in the wrong direction,Very bad,Strongly disapprove,Somewhat,Increased somewhat,Fairly badly,Fairly badly,A few times a month,Every day,Never,Never,Never,I did not vote,United Democratic Alliance (UDA),Secondary School,Skilled/Unskilled Labor
Urban,Nairobi,28.0,Woman,Secondary school / high school completed,Employed (Full-time),Trader / hawker / vendor,Going in the wrong direction,Fairly bad,Disapprove,Somewhat,Increased somewhat,Fairly badly,Very badly,A few times a month,Every day,Never,Every day,Every day,I did not vote,Would not vote,Secondary School,Trader
Rural,Siaya,45.0,Man,Secondary school / high school completed,Unemployed (Not looking),Trader / hawker / vendor,Going in the right direction,Very bad,Strongly disapprove,Not at all,Stayed the same,Very well,Very well,A few times a week,Every day,Never,Never,Never,I did not vote,Undecided/No Response,Secondary School,Trader
Urban,Tana River,37.0,Man,"Post-secondary qualifications, other than university e.g. a diploma or degree from a polytechnic or college",Employed (Full-time),"Security services (police, army, private security)",Going in the right direction,Fairly good,Approve,A lot,Stayed the same,Fairly badly,Fairly badly,Never,A few times a week,Less than once a month,A few times a week,A few times a week,I voted in the election,United Democratic Alliance (UDA),Certificate/Diploma,Security Services
Rural,Kakamega,22.0,Woman,"Post-secondary qualifications, other than university e.g. a diploma or degree from a polytechnic or college",Unemployed (Not looking),Student,Going in the right direction,Very bad,Approve,Somewhat,Increased a lot,Fairly well,Fairly well,Every day,Every day,Never,Every day,Never,I did not vote,United Democratic Alliance (UDA),Certificate/Diploma,Student
Rural,Kakamega,48.0,Man,Primary school completed,Employed (Full-time),"Artisan or skilled manual worker (e.g., trades like electrician, mechanic, machinist or skilled manufacturing worker)",Going in the wrong direction,Neither good nor bad,Strongly disapprove,Just a little,Stayed the same,Fairly badly,Very badly,Every day,A few times a week,Never,Every day,A few times a week,I voted in the election,KANU,Primary School,Skilled/Unskilled Labor
Urban,Kajiado,72.0,Man,Primary school completed,Unemployed (Not looking),"Unskilled manual worker (e.g., cleaner, laborer, domestic help, unskilled manufacturing worker)",Going in the right direction,Fairly good,Approve,Somewhat,Stayed the same,Fairly badly,Fairly well,Every day,Every day,Less than once a month,Never,Never,I voted in the election,United Democratic Alliance (UDA),Primary School,Skilled/Unskilled Labor
Rural,Machakos,28.0,Man,Secondary school / high school completed,Employed (Part-time),Trader / hawker / vendor,Undecided/No Response,Fairly good,Strongly approve,Somewhat,Decreased somewhat,Fairly well,Fairly well,Every day,Every day,Never,Every day,A few times a week,I did not vote,Orange Democratic Movement (ODM),Secondary School,Trader
Rural,Machakos,30.0,Woman,Intermediate school or Some secondary school / high school,Unemployed (Actively looking),Agriculture / farming / fishing / forestry,Going in the wrong direction,Very bad,Approve,Just a little,Decreased somewhat,Fairly well,Very badly,Every day,Never,Never,Every day,Every day,I voted in the election,Wiper Democratic Movement (WDM–K),Secondary School,Agriculture
Urban,Tana River,21.0,Woman,Secondary school / high school completed,Unemployed (Actively looking),Housewife / homemaker,Going in the right direction,Fairly good,Strongly disapprove,Somewhat,Increased a lot,Fairly badly,Fairly badly,Every day,A few times a week,Every day,Never,Never,I did not vote,Orange Democratic Movement (ODM),Secondary School,Housewife
Urban,Kajiado,25.0,Man,Secondary school / high school completed,Employed (Part-time),"Artisan or skilled manual worker (e.g., trades like electrician, mechanic, machinist or skilled manufacturing worker)",Going in the right direction,Fairly good,Disapprove,Not at all,Stayed the same,Very badly,Very badly,Every day,A few times a week,A few times a week,Every day,A few times a week,I did not vote,Orange Democratic Movement (ODM),Secondary School,Skilled/Unskilled Labor
Rural,Kakamega,39.0,Man,Secondary school / high school completed,Employed (Full-time),"Unskilled manual worker (e.g., cleaner, laborer, domestic help, unskilled manufacturing worker)",Going in the wrong direction,Fairly bad,Strongly approve,A lot,Increased a lot,Fairly well,Very badly,Every day,Every day,Never,Every day,Every day,I voted in the election,Would not vote,Secondary School,Skilled/Unskilled Labor
Urban,Tana River,24.0,Woman,Secondary school / high school completed,Employed (Full-time),Trader / hawker / vendor,Going in the right direction,Fairly good,Strongly approve,A lot,Decreased somewhat,Fairly well,Fairly well,Every day,Every day,A few times a week,Every day,Never,I voted in the election,United Democratic Alliance (UDA),Secondary School,Trader
Urban,Kajiado,30.0,Woman,Secondary school / high school completed,Employed (Part-time),Trader / hawker / vendor,Going in the wrong direction,Very bad,Disapprove,Somewhat,Decreased somewhat,Fairly well,Fairly badly,Never,A few times a week,Never,Every day,Every day,I voted in the election,United Democratic Alliance (UDA),Secondary School,Trader
Urban,Kajiado,24.0,Woman,University completed,Unemployed (Actively looking),Student,Going in the wrong direction,Fairly bad,Strongly disapprove,Not at all,Increased somewhat,Very badly,Very badly,Every day,Every day,A few times a week,Every day,Every day,I voted in the election,Undecided/No Response,Bachelors Degree,Student
Rural,Bomet,24.0,Woman,"Post-secondary qualifications, other than university e.g. a diploma or degree from a polytechnic or college",Unemployed (Not looking),Student,Going in the right direction,Fairly good,Strongly approve,A lot,Decreased a lot,Fairly well,Fairly well,Every day,Every day,Never,Every day,Every day,I did not vote,United Democratic Alliance (UDA),Certificate/Diploma,Student
Rural,Nakuru,32.0,Man,Secondary school / high school completed,Unemployed (Actively looking),Agriculture / farming / fishing / forestry,Going in the right direction,Fairly good,Approve,Not at all,Stayed the same,Fairly well,Fairly well,Every day,Never,Never,A few times a month,A few times a month,I voted in the election,United Democratic Alliance (UDA),Secondary School,Agriculture
Rural,Bomet,20.0,Man,Secondary school / high school completed,Unemployed (Actively looking),Agriculture / farming / fishing / forestry,Going in the wrong direction,Fairly good,Strongly approve,A lot,Increased somewhat,Fairly well,Fairly badly,Every day,Every day,A few times a month,Every day,Every day,I did not vote,United Democratic Alliance (UDA),Secondary School,Agriculture
Urban,Mombasa,53.0,Woman,Secondary school / high school completed,Unemployed (Not looking),Trader / hawker / vendor,Going in the wrong direction,Very bad,Strongly disapprove,Not at all,Increased a lot,Very badly,Very badly,Every day,Every day,Never,Never,Never,I voted in the election,Would not vote,Secondary School,Trader
Rural,Nakuru,70.0,Man,Primary school completed,Unemployed (Not looking),"Unskilled manual worker (e.g., cleaner, laborer, domestic help, unskilled manufacturing worker)",Going in the wrong direction,Fairly bad,Disapprove,Just a little,Increased a lot,Fairly badly,Fairly well,Never,Never,Never,Never,Never,I voted in the election,United Democratic Alliance (UDA),Primary School,Skilled/Unskilled Labor
Rural,Homa Bay,40.0,Woman,Primary school completed,Unemployed (Actively looking),"Unskilled manual worker (e.g., cleaner, laborer, domestic help, unskilled manufacturing worker)",Going in the wrong direction,Very bad,Approve,Just a little,Increased somewhat,Fairly well,Very well,Never,Never,Never,Never,Never,I did not vote,Orange Democratic Movement (ODM),Primary School,Skilled/Unskilled Labor
Rural,Kakamega,45.0,Woman,Secondary school / high school completed,Unemployed (Actively looking),Agriculture / farming / fishing / forestry,Going in the wrong direction,Fairly good,Strongly disapprove,Not at all,Stayed the same,Very badly,Fairly badly,Every day,Every day,Never,Never,Never,I voted in the election,Would not vote,Secondary School,Agriculture
Urban,Tana River,60.0,Man,Primary school completed,Employed (Full-time),Agriculture / farming / fishing / forestry,Going in the wrong direction,Fairly bad,Approve,Somewhat,Stayed the same,Fairly well,Fairly well,Every day,Never,Never,Less than once a month,Never,I voted in the election,United Democratic Alliance (UDA),Primary School,Agriculture
Rural,Bomet,23.0,Man,"Post-secondary qualifications, other than university e.g. a diploma or degree from a polytechnic or college",Unemployed (Actively looking),Student,Going in the right direction,Fairly good,Strongly approve,A lot,Decreased somewhat,Fairly well,Fairly well,Every day,Every day,Never,Every day,Every day,I voted in the election,United Democratic Alliance (UDA),Certificate/Diploma,Student
Rural,Bomet,52.0,Woman,Secondary school / high school completed,Unemployed (Not looking),Agriculture / farming / fishing / forestry,Going in the right direction,Fairly good,Strongly disapprove,A lot,Decreased somewhat,Fairly well,Fairly well,Never,Every day,Never,A few times a week,A few times a month,I voted in the election,United Democratic Alliance (UDA),Secondary School,Agriculture
Rural,Machakos,39.0,Man,Some primary schooling,Unemployed (Actively looking),Agriculture / farming / fishing / forestry,Going in the wrong direction,Very bad,Disapprove,Undecided/No Response,Increased a lot,Very badly,Very badly,A few times a week,A few times a week,Never,Never,Never,I voted in the election,Orange Democratic Movement (ODM),Primary School,Agriculture
Rural,Nakuru,45.0,Woman,Some primary schooling,Unemployed (Actively looking),"Unskilled manual worker (e.g., cleaner, laborer, domestic help, unskilled manufacturing worker)",Going in the right direction,Fairly good,Strongly approve,A lot,Undecided/No Response,Fairly well,Undecided/No Response,A few times a week,Never,Never,Never,Never,I voted in the election,Would not vote,Primary School,Skilled/Unskilled Labor
Urban,Nairobi,26.0,Woman,"Post-secondary qualifications, other than university e.g. a diploma or degree from a polytechnic or college",Employed (Full-time),"Artisan or skilled manual worker (e.g., trades like electrician, mechanic, machinist or skilled manufacturing worker)",Going in the wrong direction,Fairly bad,Disapprove,Just a little,Increased a lot,Very badly,Very badly,Every day,Every day,Never,Never,Never,I voted in the election,Would not vote,Certificate/Diploma,Skilled/Unskilled Labor
Rural,Machakos,30.0,Man,Secondary school / high school completed,Unemployed (Actively looking),Never had a job,Going in the wrong direction,Very bad,Approve,Just a little,Stayed the same,Very well,Fairly well,Every day,Never,Never,Never,Never,I voted in the election,Orange Democratic Movement (ODM),Secondary School,Undecided/No Response
Urban,Mombasa,25.0,Man,Secondary school / high school completed,Employed (Full-time),Retail / Shop,Going in the right direction,Very good,Approve,A lot,Decreased a lot,Fairly well,Fairly well,Every day,A few times a month,Less than once a month,Every day,Every day,I did not vote,Orange Democratic Movement (ODM),Secondary School,Trader
Rural,Siaya,73.0,Woman,No formal schooling,Unemployed (Not looking),Trader / hawker / vendor,Going in the wrong direction,Very bad,Strongly disapprove,Somewhat,Increased a lot,Very badly,Fairly well,Never,Never,Never,Never,Never,I voted in the election,United Democratic Alliance (UDA),Informal Schooling,Trader
Urban,Nairobi,22.0,Man,Secondary school / high school completed,Unemployed (Not looking),Student,Going in the right direction,Fairly good,Undecided/No Response,Just a little,Increased a lot,Fairly well,Fairly well,Never,A few times a week,Never,Never,Never,I did not vote,Undecided/No Response,Secondary School,Student
Urban,Mombasa,27.0,Woman,Secondary school / high school completed,Unemployed (Actively looking),"Artisan or skilled manual worker (e.g., trades like electrician, mechanic, machinist or skilled manufacturing worker)",Going in the wrong direction,Very bad,Disapprove,Just a little,Decreased somewhat,Fairly well,Fairly well,Every day,Every day,Never,Every day,Every day,I did not vote,Would not vote,Secondary School,Skilled/Unskilled Labor
Rural,Homa Bay,28.0,Man,Secondary school / high school completed,Employed (Part-time),"Unskilled manual worker (e.g., cleaner, laborer, domestic help, unskilled manufacturing worker)",Going in the wrong direction,Fairly good,Approve,Just a little,Stayed the same,Fairly well,Very badly,A few times a week,Every day,A few times a month,Every day,Every day,I did not vote,United Democratic Alliance (UDA),Secondary School,Skilled/Unskilled Labor
Rural,Siaya,20.0,Man,Secondary school / high school completed,Unemployed (Actively looking),Agriculture / farming / fishing / forestry,Going in the right direction,Fairly good,Disapprove,Not at all,Increased somewhat,Very badly,Fairly well,Every day,Every day,Every day,Every day,Every day,I did not vote,Other,Secondary School,Agriculture
Rural,Nakuru,22.0,Woman,Secondary school / high school completed,Unemployed (Not looking),Housewife / homemaker,Going in the wrong direction,Fairly bad,Disapprove,Just a little,Increased somewhat,Fairly well,Fairly badly,Every day,Every day,Never,Less than once a month,Never,I voted in the election,United Democratic Alliance (UDA),Secondary School,Housewife
Rural,Homa Bay,26.0,Man,"Post-secondary qualifications, other than university e.g. a diploma or degree from a polytechnic or college",Unemployed (Actively looking),Trader / hawker / vendor,Going in the wrong direction,Fairly bad,Disapprove,Somewhat,Increased a lot,Very badly,Very badly,Every day,Every day,Every day,Every day,Every day,I voted in the election,Orange Democratic Movement (ODM),Certificate/Diploma,Trader
Rural,Kiambu,27.0,Woman,Intermediate school or Some secondary school / high school,Employed (Part-time),Agriculture / farming / fishing / forestry,Going in the right direction,Fairly bad,Approve,Just a little,Increased a lot,Fairly badly,Fairly well,Every day,Every day,Never,Never,Never,I voted in the election,Jubilee Alliance Party (JAP),Secondary School,Agriculture
Rural,Kiambu,27.0,Woman,Secondary school / high school completed,Unemployed (Not looking),Housewife / homemaker,Going in the wrong direction,Fairly bad,Disapprove,Just a little,Stayed the same,Fairly badly,Fairly badly,Every day,Never,Never,Every day,Every day,I voted in the election,Undecided/No Response,Secondary School,Housewife
Rural,Kiambu,86.0,Man,Intermediate school or Some secondary school / high school,Unemployed (Not looking),Agriculture / farming / fishing / forestry,Going in the wrong direction,Very bad,Strongly disapprove,Not at all,Undecided/No Response,Very badly,Very badly,A few times a week,A few times a month,Never,Never,Never,I voted in the election,Jubilee Alliance Party (JAP),Secondary School,Agriculture
Rural,Kiambu,24.0,Man,Secondary school / high school completed,Employed (Full-time),Agriculture / farming / fishing / forestry,Going in the right direction,Fairly bad,Approve,A lot,Increased somewhat,Fairly well,Very badly,Never,Every day,A few times a week,Every day,Every day,I voted in the election,Would not vote,Secondary School,Agriculture
Urban,Kajiado,35.0,Woman,Primary school completed,Unemployed (Actively looking),"Unskilled manual worker (e.g., cleaner, laborer, domestic help, unskilled manufacturing worker)",Going in the wrong direction,Fairly good,Strongly disapprove,Just a little,Increased a lot,Fairly badly,Fairly badly,Every day,Every day,Never,Every day,A few times a week,I voted in the election,Would not vote,Primary School,Skilled/Unskilled Labor
Urban,Nairobi,26.0,Man,"Post-secondary qualifications, other than university e.g. a diploma or degree from a polytechnic or college",Unemployed (Not looking),"Artisan or skilled manual worker (e.g., trades like electrician, mechanic, machinist or skilled manufacturing worker)",Going in the right direction,Neither good nor bad,Strongly disapprove,Not at all,Increased a lot,Very badly,Very badly,A few times a month,A few times a week,Never,Every day,Every day,I voted in the election,Would not vote,Certificate/Diploma,Skilled/Unskilled Labor
Urban,Kajiado,35.0,Woman,University completed,Unemployed (Actively looking),"Mid-level professional (e.g., teacher, nurse, mid-level government officer)",Undecided/No Response,Fairly good,Disapprove,A lot,Undecided/No Response,Fairly badly,Very badly,Never,Never,Never,Every day,Every day,I voted in the election,Roots Party of Kenya (RPK),Bachelors Degree,Professional
Rural,Bomet,24.0,Man,Secondary school / high school completed,Employed (Part-time),"Artisan or skilled manual worker (e.g., trades like electrician, mechanic, machinist or skilled manufacturing worker)",Going in the right direction,Fairly good,Strongly approve,A lot,Decreased somewhat,Very badly,Fairly well,Every day,Every day,Every day,A few times a week,A few times a week,I voted in the election,United Democratic Alliance (UDA),Secondary School,Skilled/Unskilled Labor
Rural,Siaya,62.0,Woman,Some primary schooling,Unemployed (Not looking),Agriculture / farming / fishing / forestry,Going in the wrong direction,Very bad,Strongly approve,Somewhat,Decreased a lot,Fairly well,Very badly,Every day,Never,Never,Never,Never,I voted in the election,Undecided/No Response,Primary School,Agriculture
Urban,Nairobi,38.0,Woman,Intermediate school or Some secondary school / high school,Unemployed (Actively looking),Trader / hawker / vendor,Going in the wrong direction,Very bad,Approve,Somewhat,Increased somewhat,Very badly,Very badly,Never,Never,Never,A few times a week,Never,I did not vote,Orange Democratic Movement (ODM),Secondary School,Trader
Rural,Siaya,21.0,Man,"Post-secondary qualifications, other than university e.g. a diploma or degree from a polytechnic or college",Unemployed (Actively looking),Student,Going in the right direction,Neither good nor bad,Strongly disapprove,Just a little,Stayed the same,Fairly well,Fairly badly,Every day,A few times a month,Never,Every day,Every day,I did not vote,Would not vote,Certificate/Diploma,Student
Urban,Kajiado,27.0,Man,"Post-secondary qualifications, other than university e.g. a diploma or degree from a polytechnic or college",Unemployed (Actively looking),Retail / Shop,Going in the right direction,Fairly good,Approve,Just a little,Stayed the same,Fairly well,Fairly badly,A few times a week,Every day,Never,Every day,Every day,I voted in the election,Would not vote,Certificate/Diploma,Trader
Rural,Nakuru,31.0,Woman,Secondary school / high school completed,Unemployed (Not looking),Housewife / homemaker,Going in the right direction,Fairly good,Strongly approve,A lot,Decreased a lot,Very well,Very well,Every day,Every day,Never,A few times a month,A few times a month,I voted in the election,United Democratic Alliance (UDA),Secondary School,Housewife
Rural,Nakuru,66.0,Woman,Primary school completed,Unemployed (Not looking),Agriculture / farming / fishing / forestry,Going in the right direction,Fairly bad,Approve,Just a little,Increased a lot,Fairly well,Fairly badly,Every day,Never,Never,Never,Never,I voted in the election,United Democratic Alliance (UDA),Primary School,Agriculture
Rural,Marsabit,22.0,Woman,Some primary schooling,Unemployed (Not looking),Housewife / homemaker,Going in the wrong direction,Fairly bad,Approve,Somewhat,Increased somewhat,Fairly badly,Fairly well,Never,Never,Never,Never,Never,I did not vote,United Democratic Alliance (UDA),Primary School,Housewife
Urban,Mombasa,38.0,Woman,Primary school completed,Employed (Full-time),"Mid-level professional (e.g., teacher, nurse, mid-level government officer)",Going in the wrong direction,Fairly bad,Approve,Somewhat,Increased somewhat,Fairly badly,Fairly badly,Never,Every day,Never,Never,Never,I did not vote,Undecided/No Response,Primary School,Professional
Rural,Marsabit,36.0,Man,"Post-secondary qualifications, other than university e.g. a diploma or degree from a polytechnic or college",Employed (Full-time),"Mid-level professional (e.g., teacher, nurse, mid-level government officer)",Going in the right direction,Neither good nor bad,Approve,Somewhat,Increased somewhat,Fairly well,Fairly badly,Every day,Every day,A few times a month,Every day,Every day,I voted in the election,United Democratic Alliance (UDA),Certificate/Diploma,Professional
Rural,Bomet,22.0,Woman,"Post-secondary qualifications, other than university e.g. a diploma or degree from a polytechnic or college",Unemployed (Actively looking),Student,Going in the right direction,Fairly good,Strongly approve,A lot,Decreased somewhat,Fairly well,Fairly well,Every day,Less than once a month,Less than once a month,Every day,Every day,I did not vote,United Democratic Alliance (UDA),Certificate/Diploma,Student
Rural,Homa Bay,19.0,Man,Secondary school / high school completed,Unemployed (Actively looking),Student,Going in the right direction,Fairly good,Approve,Just a little,Stayed the same,Fairly well,Very well,Every day,Every day,A few times a week,Every day,Every day,I did not vote,Orange Democratic Movement (ODM),Secondary School,Student
Rural,Marsabit,21.0,Woman,Secondary school / high school completed,Unemployed (Actively looking),Student,Going in the right direction,Fairly good,Undecided/No Response,Somewhat,Increased somewhat,Fairly well,Fairly well,Every day,Every day,Never,Every day,A few times a week,I voted in the election,United Democratic Alliance (UDA),Secondary School,Student
Rural,Marsabit,50.0,Man,No formal schooling,Unemployed (Actively looking),Agriculture / farming / fishing / forestry,Going in the wrong direction,Fairly good,Approve,Somewhat,Increased a lot,Fairly well,Very badly,Every day,Every day,A few times a week,A few times a week,A few times a week,I voted in the election,United Democratic Alliance (UDA),Informal Schooling,Agriculture
Urban,Mombasa,53.0,Man,University completed,Employed (Full-time),"Upper-level professional (e.g., banker/finance, doctor, lawyer, engineer, accountant, professor, senior-level government",Going in the right direction,Fairly good,Disapprove,Just a little,Stayed the same,Fairly well,Very badly,Never,Less than once a month,Never,Every day,Every day,I voted in the election,Orange Democratic Movement (ODM),Bachelors Degree,Professional
Rural,Nakuru,42.0,Man,"Post-secondary qualifications, other than university e.g. a diploma or degree from a polytechnic or college",Unemployed (Not looking),Agriculture / farming / fishing / forestry,Going in the right direction,Fairly good,Approve,A lot,Decreased somewhat,Fairly well,Fairly well,Every day,Less than once a month,Never,Never,Never,I voted in the election,United Democratic Alliance (UDA),Certificate/Diploma,Agriculture
Rural,Bomet,46.0,Man,"Post-secondary qualifications, other than university e.g. a diploma or degree from a polytechnic or college",Unemployed (Actively looking),Agriculture / farming / fishing / forestry,Going in the right direction,Fairly good,Approve,Somewhat,Decreased somewhat,Fairly well,Fairly well,Every day,Never,Never,Every day,A few times a week,I voted in the election,United Democratic Alliance (UDA),Certificate/Diploma,Agriculture
Rural,Bomet,24.0,Woman,University completed,Unemployed (Actively looking),"Mid-level professional (e.g., teacher, nurse, mid-level government officer)",Going in the right direction,Fairly good,Disapprove,Somewhat,Stayed the same,Fairly well,Fairly well,Every day,Every day,Less than once a month,Every day,A few times a week,I voted in the election,Undecided/No Response,Bachelors Degree,Professional
Rural,Nakuru,30.0,Man,Secondary school / high school completed,Employed (Part-time),"Artisan or skilled manual worker (e.g., trades like electrician, mechanic, machinist or skilled manufacturing worker)",Going in the right direction,Fairly good,Strongly approve,A lot,Decreased somewhat,Fairly well,Fairly well,Every day,Every day,Never,A few times a week,Never,I voted in the election,United Democratic Alliance (UDA),Secondary School,Skilled/Unskilled Labor
Urban,Kajiado,19.0,Man,Secondary school / high school completed,Unemployed (Actively looking),Student,Going in the right direction,Fairly good,Approve,Just a little,Stayed the same,Fairly badly,Fairly well,Every day,Every day,Every day,Every day,Every day,I did not vote,Undecided/No Response,Secondary School,Student
Rural,Kiambu,80.0,Man,Secondary school / high school completed,Unemployed (Not looking),"Unskilled manual worker (e.g., cleaner, laborer, domestic help, unskilled manufacturing worker)",Going in the right direction,Fairly bad,Strongly approve,A lot,Decreased somewhat,Fairly well,Very well,Every day,Every day,Never,Never,Never,I voted in the election,United Democratic Alliance (UDA),Secondary School,Skilled/Unskilled Labor
Rural,Kiambu,56.0,Man,Secondary school / high school completed,Employed (Full-time),Agriculture / farming / fishing / forestry,Going in the wrong direction,Fairly good,Approve,Just a little,Increased somewhat,Fairly well,Fairly badly,Every day,Every day,A few times a month,Every day,Every day,I voted in the election,Jubilee Alliance Party (JAP),Secondary School,Agriculture
Urban,Kakamega,36.0,Woman,"Post-secondary qualifications, other than university e.g. a diploma or degree from a polytechnic or college",Employed (Full-time),"Artisan or skilled manual worker (e.g., trades like electrician, mechanic, machinist or skilled manufacturing worker)",Going in the wrong direction,Fairly bad,Approve,Not at all,Increased a lot,Very badly,Fairly well,Every day,Never,A few times a week,Never,Never,I voted in the election,Orange Democratic Movement (ODM),Certificate/Diploma,Skilled/Unskilled Labor
Urban,Kakamega,28.0,Man,Some university,Unemployed (Actively looking),Student,Going in the right direction,Fairly bad,Strongly disapprove,Not at all,Increased a lot,Very badly,Very badly,Every day,Every day,Never,Every day,Every day,I did not vote,Would not vote,Bachelors Degree,Student
Rural,Marsabit,19.0,Woman,Some primary schooling,Unemployed (Not looking),Housewife / homemaker,Going in the right direction,Fairly good,Strongly disapprove,Somewhat,Undecided/No Response,Fairly well,Fairly well,Every day,A few times a month,Less than once a month,Less than once a month,Less than once a month,I did not vote,Would not vote,Primary School,Housewife
Urban,Kakamega,29.0,Woman,"Post-secondary qualifications, other than university e.g. a diploma or degree from a polytechnic or college",Employed (Part-time),"Mid-level professional (e.g., teacher, nurse, mid-level government officer)",Going in the right direction,Fairly good,Approve,Somewhat,Increased a lot,Fairly well,Very badly,Never,Every day,Never,Every day,Every day,I did not vote,United Democratic Alliance (UDA),Certificate/Diploma,Professional
Rural,Marsabit,20.0,Man,Secondary school / high school completed,Employed (Full-time),"Mid-level professional (e.g., teacher, nurse, mid-level government officer)",Undecided/No Response,Fairly bad,Undecided/No Response,Just a little,Increased somewhat,Fairly badly,Fairly badly,A few times a week,A few times a week,Never,A few times a week,A few times a week,I did not vote,Would not vote,Secondary School,Professional
Rural,Marsabit,36.0,Woman,No formal schooling,Employed (Part-time),"Unskilled manual worker (e.g., cleaner, laborer, domestic help, unskilled manufacturing worker)",Going in the wrong direction,Very bad,Disapprove,Just a little,Increased a lot,Very badly,Very badly,Every day,Less than once a month,Never,Never,Never,I voted in the election,Undecided/No Response,Informal Schooling,Skilled/Unskilled Labor
Rural,Marsabit,56.0,Man,"Post-secondary qualifications, other than university e.g. a diploma or degree from a polytechnic or college",Employed (Full-time),"Security services (police, army, private security)",Going in the wrong direction,Very bad,Strongly approve,A lot,Increased a lot,Very badly,Very badly,Undecided/No Response,A few times a week,Never,Every day,Every day,I voted in the election,United Democratic Alliance (UDA),Certificate/Diploma,Security Services
Rural,Kiambu,27.0,Woman,Intermediate school or Some secondary school / high school,Unemployed (Not looking),"Unskilled manual worker (e.g., cleaner, laborer, domestic help, unskilled manufacturing worker)",Going in the right direction,Fairly good,Strongly approve,Somewhat,Increased a lot,Fairly well,Fairly well,Every day,Every day,Every day,Every day,Every day,I voted in the election,United Democratic Alliance (UDA),Secondary School,Skilled/Unskilled Labor
Rural,Kiambu,75.0,Woman,Some primary schooling,Unemployed (Not looking),Agriculture / farming / fishing / forestry,Going in the wrong direction,Very bad,Strongly disapprove,Not at all,Increased a lot,Very badly,Very badly,Every day,Every day,Never,Never,Never,I voted in the election,Jubilee Alliance Party (JAP),Primary School,Agriculture
Urban,Kilifi,31.0,Man,Primary school completed,Employed (Part-time),Agriculture / farming / fishing / forestry,Going in the wrong direction,Very good,Disapprove,Not at all,Stayed the same,Very badly,Very badly,A few times a week,Every day,Never,Every day,Less than once a month,I voted in the election,Would not vote,Primary School,Agriculture
Rural,Laikipia,38.0,Man,Some primary schooling,Employed (Part-time),Trader / hawker / vendor,Going in the wrong direction,Fairly bad,Strongly disapprove,Not at all,Increased a lot,Very badly,Very badly,A few times a week,Every day,Never,Never,Never,I voted in the election,Orange Democratic Movement (ODM),Primary School,Trader
Rural,Laikipia,37.0,Woman,"Post-secondary qualifications, other than university e.g. a diploma or degree from a polytechnic or college",Unemployed (Actively looking),"Unskilled manual worker (e.g., cleaner, laborer, domestic help, unskilled manufacturing worker)",Going in the wrong direction,Very bad,Disapprove,Not at all,Increased a lot,Fairly badly,Fairly badly,Never,Every day,Never,Every day,Never,I voted in the election,Orange Democratic Movement (ODM),Certificate/Diploma,Skilled/Unskilled Labor
Urban,Kilifi,28.0,Man,Primary school completed,Unemployed (Not looking),Trader / hawker / vendor,Going in the wrong direction,Fairly bad,Strongly disapprove,Not at all,Increased a lot,Fairly badly,Fairly badly,Every day,Every day,Never,Every day,Every day,I voted in the election,Orange Democratic Movement (ODM),Primary School,Trader
Urban,Kilifi,37.0,Woman,"Post-secondary qualifications, other than university e.g. a diploma or degree from a polytechnic or college",Employed (Full-time),"Mid-level professional (e.g., teacher, nurse, mid-level government officer)",Going in the wrong direction,Very bad,Strongly disapprove,Not at all,Increased a lot,Very badly,Very badly,A few times a week,Every day,Never,Never,Never,I voted in the election,Other,Certificate/Diploma,Professional
Rural,Laikipia,40.0,Woman,Intermediate school or Some secondary school / high school,Unemployed (Actively looking),"Unskilled manual worker (e.g., cleaner, laborer, domestic help, unskilled manufacturing worker)",Going in the wrong direction,Fairly bad,Strongly disapprove,Not at all,Increased a lot,Very badly,Very badly,A few times a week,Every day,Never,Never,Never,I voted in the election,Jubilee Alliance Party (JAP),Secondary School,Skilled/Unskilled Labor
Urban,Kilifi,22.0,Woman,Secondary school / high school completed,Employed (Part-time),"Artisan or skilled manual worker (e.g., trades like electrician, mechanic, machinist or skilled manufacturing worker)",Going in the wrong direction,Fairly bad,Approve,Not at all,Decreased somewhat,Fairly badly,Very badly,Every day,Every day,Every day,Every day,Every day,I did not vote,Would not vote,Secondary School,Skilled/Unskilled Labor
Rural,Laikipia,19.0,Man,Secondary school / high school completed,Unemployed (Not looking),Never had a job,Going in the right direction,Very good,Strongly approve,Just a little,Stayed the same,Fairly badly,Very well,Every day,Less than once a month,Never,Every day,Every day,I did not vote,Would not vote,Secondary School,Undecided/No Response
Urban,Kakamega,27.0,Man,"Post-secondary qualifications, other than university e.g. a diploma or degree from a polytechnic or college",Employed (Part-time),"Artisan or skilled manual worker (e.g., trades like electrician, mechanic, machinist or skilled manufacturing worker)",Going in the wrong direction,Fairly good,Disapprove,Just a little,Stayed the same,Fairly badly,Very badly,A few times a week,Every day,Never,Every day,Every day,I voted in the election,Would not vote,Certificate/Diploma,Skilled/Unskilled Labor
Urban,Kakamega,30.0,Woman,Secondary school / high school completed,Employed (Part-time),"Artisan or skilled manual worker (e.g., trades like electrician, mechanic, machinist or skilled manufacturing worker)",Going in the wrong direction,Fairly bad,Disapprove,Just a little,Increased a lot,Very badly,Fairly badly,Every day,Every day,Never,Every day,Every day,I voted in the election,Would not vote,Secondary School,Skilled/Unskilled Labor
Urban,Kakamega,32.0,Man,University completed,Employed (Part-time),Agriculture / farming / fishing / forestry,Going in the wrong direction,Fairly bad,Strongly disapprove,Not at all,Increased a lot,Fairly badly,Fairly badly,Never,A few times a month,Every day,Every day,Every day,I voted in the election,Orange Democratic Movement (ODM),Bachelors Degree,Agriculture
Rural,Laikipia,18.0,Man,Secondary school / high school completed,Employed (Full-time),"Unskilled manual worker (e.g., cleaner, laborer, domestic help, unskilled manufacturing worker)",Undecided/No Response,Fairly good,Strongly disapprove,Undecided/No Response,Increased somewhat,Undecided/No Response,Very badly,Every day,Every day,Never,Every day,Every day,I did not vote,Would not vote,Secondary School,Skilled/Unskilled Labor
Rural,Laikipia,56.0,Woman,Some primary schooling,Unemployed (Not looking),Agriculture / farming / fishing / forestry,Going in the right direction,Very bad,Strongly disapprove,Not at all,Increased somewhat,Very badly,Very badly,Every day,Never,Never,Never,Never,I did not vote,Jubilee Alliance Party (JAP),Primary School,Agriculture
Urban,Kilifi,24.0,Woman,Secondary school / high school completed,Unemployed (Actively looking),"Unskilled manual worker (e.g., cleaner, laborer, domestic help, unskilled manufacturing worker)",Going in the wrong direction,Very bad,Strongly disapprove,Not at all,Increased a lot,Very badly,Very badly,A few times a week,Never,Never,Every day,Never,I voted in the election,Orange Democratic Movement (ODM),Secondary School,Skilled/Unskilled Labor
Rural,Bomet,31.0,Man,"Post-secondary qualifications, other than university e.g. a diploma or degree from a polytechnic or college",Employed (Part-time),"Mid-level professional (e.g., teacher, nurse, mid-level government officer)",Going in the right direction,Fairly good,Strongly approve,A lot,Stayed the same,Fairly well,Fairly well,A few times a week,A few times a week,A few times a month,Every day,Every day,I voted in the election,United Democratic Alliance (UDA),Certificate/Diploma,Professional
Rural,Bomet,20.0,Woman,Intermediate school or Some secondary school / high school,Unemployed (Actively looking),Agriculture / farming / fishing / forestry,Going in the right direction,Fairly good,Approve,A lot,Decreased a lot,Fairly well,Fairly well,Every day,Never,Never,Never,Never,I did not vote,Would not vote,Secondary School,Agriculture
Rural,Bomet,32.0,Woman,Secondary school / high school completed,Employed (Full-time),Agriculture / farming / fishing / forestry,Going in the right direction,Very good,Strongly approve,A lot,Decreased a lot,Fairly well,Fairly well,Every day,A few times a week,A few times a week,Never,Never,I did not vote,United Democratic Alliance (UDA),Secondary School,Agriculture
Rural,Bomet,65.0,Man,Intermediate school or Some secondary school / high school,Unemployed (Not looking),Agriculture / farming / fishing / forestry,Going in the right direction,Fairly good,Strongly approve,Somewhat,Increased a lot,Fairly well,Fairly badly,Every day,Every day,Never,Never,Never,I voted in the election,United Democratic Alliance (UDA),Secondary School,Agriculture
Urban,Kilifi,28.0,Man,Secondary school / high school completed,Unemployed (Actively looking),"Unskilled manual worker (e.g., cleaner, laborer, domestic help, unskilled manufacturing worker)",Going in the wrong direction,Fairly bad,Disapprove,Just a little,Increased a lot,Very badly,Very badly,Every day,Every day,A few times a week,Every day,Every day,I did not vote,Roots Party of Kenya (RPK),Secondary School,Skilled/Unskilled Labor
Urban,Kilifi,30.0,Man,Secondary school / high school completed,Employed (Full-time),Trader / hawker / vendor,Going in the right direction,Very bad,Strongly disapprove,Somewhat,Decreased somewhat,Very badly,Fairly well,A few times a week,A few times a week,A few times a month,Every day,Every day,I did not vote,Undecided/No Response,Secondary School,Trader
Urban,Kilifi,19.0,Woman,Intermediate school or Some secondary school / high school,Unemployed (Actively looking),Student,Going in the wrong direction,Very bad,Strongly disapprove,Not at all,Increased a lot,Fairly badly,Fairly badly,Every day,Every day,Every day,Every day,Every day,I was too young to vote,Orange Democratic Movement (ODM),Secondary School,Student
Rural,Laikipia,50.0,Woman,Some primary schooling,Unemployed (Not looking),Never had a job,Going in the wrong direction,Very bad,Strongly disapprove,Just a little,Increased a lot,Very badly,Fairly badly,A few times a week,A few times a month,Never,Never,Never,I did not vote,Would not vote,Primary School,Undecided/No Response
Rural,Laikipia,18.0,Man,Undecided/No Response,Unemployed (Not looking),Never had a job,Going in the right direction,Very good,Disapprove,Not at all,Increased somewhat,Very badly,Fairly badly,Every day,Every day,A few times a week,Every day,Never,I did not vote,Undecided/No Response,Undecided/No Response,Undecided/No Response
Rural,Bomet,47.0,Man,Intermediate school or Some secondary school / high school,Employed (Full-time),Agriculture / farming / fishing / forestry,Going in the right direction,Fairly good,Strongly approve,Somewhat,Decreased a lot,Fairly well,Fairly well,Every day,A few times a week,A few times a week,A few times a week,Never,I voted in the election,United Democratic Alliance (UDA),Secondary School,Agriculture
Rural,Machakos,70.0,Man,Intermediate school or Some secondary school / high school,Unemployed (Actively looking),Agriculture / farming / fishing / forestry,Going in the right direction,Neither good nor bad,Approve,Somewhat,Stayed the same,Very badly,Fairly well,A few times a week,Never,Never,Never,Never,I voted in the election,Undecided/No Response,Secondary School,Agriculture
Rural,Machakos,40.0,Man,Undecided/No Response,Unemployed (Actively looking),Agriculture / farming / fishing / forestry,Going in the wrong direction,Fairly bad,Disapprove,Just a little,Increased somewhat,Fairly badly,Fairly badly,Every day,Never,Never,Never,Never,I voted in the election,Undecided/No Response,Undecided/No Response,Agriculture
Rural,Bomet,32.0,Woman,Secondary school / high school completed,Unemployed (Actively looking),Agriculture / farming / fishing / forestry,Going in the right direction,Fairly good,Approve,Somewhat,Stayed the same,Fairly well,Fairly well,Every day,A few times a week,A few times a week,Every day,A few times a week,I voted in the election,United Democratic Alliance (UDA),Secondary School,Agriculture
Rural,Bomet,19.0,Man,"Post-secondary qualifications, other than university e.g. a diploma or degree from a polytechnic or college",Unemployed (Actively looking),Agriculture / farming / fishing / forestry,Going in the right direction,Fairly good,Approve,A lot,Stayed the same,Fairly well,Fairly well,Every day,Every day,Never,Every day,Never,I was too young to vote,United Democratic Alliance (UDA),Certificate/Diploma,Agriculture
Rural,Bomet,48.0,Woman,Secondary school / high school completed,Unemployed (Not looking),Agriculture / farming / fishing / forestry,Going in the right direction,Fairly good,Approve,Somewhat,Decreased somewhat,Fairly well,Fairly badly,A few times a week,Every day,Less than once a month,Every day,Every day,I voted in the election,United Democratic Alliance (UDA),Secondary School,Agriculture
Rural,Homa Bay,25.0,Woman,Secondary school / high school completed,Employed (Full-time),Trader / hawker / vendor,Going in the wrong direction,Very bad,Strongly disapprove,A lot,Increased a lot,Very badly,Very badly,Every day,Every day,Never,Never,Never,I voted in the election,Orange Democratic Movement (ODM),Secondary School,Trader
Rural,Machakos,52.0,Woman,Secondary school / high school completed,Unemployed (Actively looking),"Unskilled manual worker (e.g., cleaner, laborer, domestic help, unskilled manufacturing worker)",Going in the wrong direction,Fairly bad,Approve,Undecided/No Response,Increased a lot,Fairly well,Very badly,Every day,Never,Never,A few times a week,Never,I voted in the election,Would not vote,Secondary School,Skilled/Unskilled Labor
Rural,Kakamega,47.0,Man,Primary school completed,Unemployed (Actively looking),"Security services (police, army, private security)",Going in the right direction,Very bad,Strongly disapprove,Somewhat,Increased a lot,Very badly,Very badly,Every day,Every day,Never,Never,Never,I voted in the election,United Democratic Alliance (UDA),Primary School,Security Services
Rural,Homa Bay,24.0,Woman,Primary school completed,Unemployed (Actively looking),Agriculture / farming / fishing / forestry,Going in the wrong direction,Very bad,Disapprove,Just a little,Increased a lot,Very badly,Very badly,A few times a week,Every day,Never,Never,Never,I voted in the election,Orange Democratic Movement (ODM),Primary School,Agriculture
Rural,Kakamega,50.0,Woman,Primary school completed,Unemployed (Not looking),Trader / hawker / vendor,Going in the right direction,Fairly good,Disapprove,Somewhat,Stayed the same,Fairly badly,Very badly,A few times a week,Every day,Never,A few times a week,A few times a week,I voted in the election,Orange Democratic Movement (ODM),Primary School,Trader
Urban,Mombasa,30.0,Man,University completed,Unemployed (Actively looking),Retail / Shop,Going in the wrong direction,Very bad,Disapprove,Not at all,Stayed the same,Fairly well,Fairly badly,Every day,Every day,Never,Every day,Every day,I voted in the election,Would not vote,Bachelors Degree,Trader
Urban,Mombasa,40.0,Woman,Some university,Unemployed (Actively looking),Trader / hawker / vendor,Going in the wrong direction,Neither good nor bad,Approve,Not at all,Increased somewhat,Very badly,Very badly,A few times a week,Every day,Never,Every day,Every day,I voted in the election,Orange Democratic Movement (ODM),Bachelors Degree,Trader
Urban,Mombasa,22.0,Woman,Primary school completed,Unemployed (Actively looking),"Unskilled manual worker (e.g., cleaner, laborer, domestic help, unskilled manufacturing worker)",Going in the wrong direction,Fairly bad,Strongly disapprove,Just a little,Increased a lot,Very badly,Very badly,A few times a week,A few times a week,Never,A few times a week,A few times a week,I did not vote,Orange Democratic Movement (ODM),Primary School,Skilled/Unskilled Labor
Rural,Machakos,24.0,Woman,Intermediate school or Some secondary school / high school,Employed (Full-time),Trader / hawker / vendor,Going in the wrong direction,Fairly bad,Approve,Somewhat,Decreased somewhat,Fairly well,Fairly well,Every day,Every day,A few times a month,Every day,Every day,I voted in the election,Orange Democratic Movement (ODM),Secondary School,Trader
Rural,Kakamega,20.0,Man,Intermediate school or Some secondary school / high school,Unemployed (Actively looking),Student,Going in the wrong direction,Fairly bad,Approve,Somewhat,Decreased somewhat,Fairly badly,Fairly well,Every day,Every day,Less than once a month,Less than once a month,Less than once a month,I was too young to vote,Orange Democratic Movement (ODM),Secondary School,Student
Rural,Homa Bay,39.0,Woman,Some primary schooling,Employed (Part-time),Trader / hawker / vendor,Going in the wrong direction,Neither good nor bad,Disapprove,Just a little,Increased a lot,Fairly well,Fairly well,Never,Never,Never,Never,Never,I voted in the election,Undecided/No Response,Primary School,Trader
Rural,Kakamega,34.0,Woman,"Post-secondary qualifications, other than university e.g. a diploma or degree from a polytechnic or college",Unemployed (Actively looking),Housewife / homemaker,Going in the right direction,Fairly good,Approve,A lot,Increased somewhat,Fairly well,Fairly well,Never,Every day,Never,Every day,Every day,I voted in the election,United Democratic Alliance (UDA),Certificate/Diploma,Housewife
Urban,Mombasa,54.0,Man,Some primary schooling,Unemployed (Not looking),Agriculture / farming / fishing / forestry,Going in the wrong direction,Fairly bad,Approve,Somewhat,Stayed the same,Fairly well,Very badly,Every day,Every day,A few times a month,A few times a week,A few times a week,I voted in the election,United Democratic Alliance (UDA),Primary School,Agriculture
Urban,Isiolo,20.0,Woman,Secondary school / high school completed,Unemployed (Actively looking),Housewife / homemaker,Going in the right direction,Fairly good,Strongly disapprove,A lot,Decreased somewhat,Fairly well,Fairly well,Every day,Every day,Every day,Every day,Every day,I did not vote,United Democratic Alliance (UDA),Secondary School,Housewife
Rural,Siaya,29.0,Man,"Post-secondary qualifications, other than university e.g. a diploma or degree from a polytechnic or college",Employed (Part-time),"Artisan or skilled manual worker (e.g., trades like electrician, mechanic, machinist or skilled manufacturing worker)",Going in the wrong direction,Very bad,Strongly disapprove,Not at all,Increased somewhat,Very badly,Very badly,Every day,Less than once a month,Never,Every day,Every day,I voted in the election,Orange Democratic Movement (ODM),Certificate/Diploma,Skilled/Unskilled Labor
Urban,Isiolo,22.0,Woman,Intermediate school or Some secondary school / high school,Unemployed (Actively looking),"Unskilled manual worker (e.g., cleaner, laborer, domestic help, unskilled manufacturing worker)",Going in the right direction,Very good,Approve,Just a little,Decreased somewhat,Fairly well,Fairly well,Every day,A few times a week,Never,Never,Never,I did not vote,United Democratic Alliance (UDA),Secondary School,Skilled/Unskilled Labor
Urban,Isiolo,26.0,Man,Some university,Employed (Full-time),"Mid-level professional (e.g., teacher, nurse, mid-level government officer)",Going in the right direction,Fairly good,Disapprove,Just a little,Increased somewhat,Fairly well,Very badly,Every day,A few times a week,A few times a week,Every day,Every day,I did not vote,United Democratic Alliance (UDA),Bachelors Degree,Professional
Urban,Isiolo,20.0,Man,Secondary school / high school completed,Employed (Full-time),"Artisan or skilled manual worker (e.g., trades like electrician, mechanic, machinist or skilled manufacturing worker)",Going in the wrong direction,Neither good nor bad,Approve,Not at all,Increased a lot,Fairly well,Fairly well,A few times a month,Every day,Never,Every day,Every day,I did not vote,Undecided/No Response,Secondary School,Skilled/Unskilled Labor
Rural,Siaya,24.0,Woman,Secondary school / high school completed,Unemployed (Actively looking),"Unskilled manual worker (e.g., cleaner, laborer, domestic help, unskilled manufacturing worker)",Going in the wrong direction,Very bad,Strongly approve,Just a little,Increased a lot,Fairly badly,Fairly badly,A few times a month,Every day,Never,A few times a week,A few times a week,I voted in the election,Orange Democratic Movement (ODM),Secondary School,Skilled/Unskilled Labor
Rural,Siaya,64.0,Man,Some primary schooling,Unemployed (Actively looking),"Artisan or skilled manual worker (e.g., trades like electrician, mechanic, machinist or skilled manufacturing worker)",Going in the wrong direction,Very bad,Strongly disapprove,Not at all,Decreased somewhat,Very badly,Very badly,Every day,Every day,Never,Never,Never,I voted in the election,Orange Democratic Movement (ODM),Primary School,Skilled/Unskilled Labor
Rural,Kiambu,40.0,Woman,Primary school completed,Employed (Full-time),Agriculture / farming / fishing / forestry,Going in the right direction,Neither good nor bad,Strongly approve,Somewhat,Increased somewhat,Fairly well,Fairly badly,Every day,Every day,Less than once a month,Every day,Every day,I voted in the election,United Democratic Alliance (UDA),Primary School,Agriculture
Rural,Siaya,26.0,Woman,Primary school completed,Unemployed (Not looking),Housewife / homemaker,Going in the right direction,Neither good nor bad,Strongly disapprove,Not at all,Increased a lot,Very badly,Very badly,Every day,Never,Never,Never,Never,I did not vote,Orange Democratic Movement (ODM),Primary School,Housewife
Rural,Kiambu,43.0,Man,Secondary school / high school completed,Employed (Full-time),Agriculture / farming / fishing / forestry,Going in the right direction,Fairly good,Approve,Somewhat,Decreased somewhat,Fairly well,Very badly,Less than once a month,A few times a week,A few times a month,A few times a week,A few times a week,I did not vote,Would not vote,Secondary School,Agriculture
Rural,Machakos,53.0,Woman,Primary school completed,Unemployed (Actively looking),Agriculture / farming / fishing / forestry,Going in the wrong direction,Very bad,Strongly disapprove,A lot,Stayed the same,Fairly well,Fairly well,Every day,Every day,Never,Never,Never,I voted in the election,Orange Democratic Movement (ODM),Primary School,Agriculture
Rural,Homa Bay,18.0,Woman,Intermediate school or Some secondary school / high school,Unemployed (Not looking),Student,Going in the right direction,Fairly good,Strongly disapprove,Just a little,Increased a lot,Fairly well,Fairly well,Never,Every day,Never,Never,Never,I did not vote,Orange Democratic Movement (ODM),Secondary School,Student
Rural,Kiambu,48.0,Woman,Primary school completed,Unemployed (Not looking),Agriculture / farming / fishing / forestry,Going in the right direction,Very bad,Approve,A lot,Decreased somewhat,Fairly badly,Fairly well,Every day,Every day,Never,Never,Never,I voted in the election,United Democratic Alliance (UDA),Primary School,Agriculture
Urban,Kajiado,22.0,Man,Post-graduate,Undecided/No Response,Undecided/No Response,Going in the wrong direction,Fairly good,Disapprove,Not at all,Increased somewhat,Fairly well,Fairly badly,A few times a week,Every day,Every day,Every day,Every day,I voted in the election,Orange Democratic Movement (ODM),Masters/PhD,Undecided/No Response
Urban,Kajiado,60.0,Man,Intermediate school or Some secondary school / high school,Unemployed (Not looking),"Unskilled manual worker (e.g., cleaner, laborer, domestic help, unskilled manufacturing worker)",Going in the right direction,Fairly good,Approve,Somewhat,Increased somewhat,Fairly well,Fairly well,Every day,Every day,Less than once a month,A few times a week,A few times a week,I voted in the election,United Democratic Alliance (UDA),Secondary School,Skilled/Unskilled Labor
Urban,Kajiado,35.0,Woman,"Post-secondary qualifications, other than university e.g. a diploma or degree from a polytechnic or college",Employed (Full-time),Trader / hawker / vendor,Going in the right direction,Fairly good,Approve,Somewhat,Stayed the same,Fairly well,Fairly well,Every day,A few times a week,Never,Never,A few times a month,I voted in the election,United Democratic Alliance (UDA),Certificate/Diploma,Trader
Urban,Kajiado,30.0,Woman,"Post-secondary qualifications, other than university e.g. a diploma or degree from a polytechnic or college",Employed (Full-time),Retail / Shop,Going in the wrong direction,Fairly good,Approve,Just a little,Increased a lot,Fairly well,Very badly,Never,Every day,Never,Every day,A few times a week,I did not vote,Would not vote,Certificate/Diploma,Trader
Urban,Mombasa,36.0,Man,Some primary schooling,Employed (Full-time),"Security services (police, army, private security)",Going in the right direction,Fairly good,Strongly approve,A lot,Decreased a lot,Very well,Fairly well,Every day,Every day,Less than once a month,Every day,Every day,I voted in the election,United Democratic Alliance (UDA),Primary School,Security Services
Rural,Kiambu,35.0,Man,Primary school completed,Unemployed (Actively looking),Agriculture / farming / fishing / forestry,Going in the wrong direction,Very bad,Strongly disapprove,Not at all,Increased a lot,Fairly badly,Fairly badly,Every day,Every day,A few times a month,A few times a week,A few times a week,I voted in the election,United Democratic Alliance (UDA),Primary School,Agriculture
Urban,Mombasa,23.0,Man,Secondary school / high school completed,Employed (Full-time),"Artisan or skilled manual worker (e.g., trades like electrician, mechanic, machinist or skilled manufacturing worker)",Going in the wrong direction,Very bad,Disapprove,Not at all,Increased somewhat,Fairly badly,Very badly,A few times a week,Every day,A few times a week,Every day,Every day,I voted in the election,Orange Democratic Movement (ODM),Secondary School,Skilled/Unskilled Labor
Urban,Mombasa,20.0,Woman,Primary school completed,Unemployed (Actively looking),Student,Going in the wrong direction,Very bad,Approve,Not at all,Stayed the same,Very badly,Very badly,A few times a week,A few times a week,Never,Never,Never,I was too young to vote,Would not vote,Primary School,Student
Rural,Garissa,32.0,Woman,Informal schooling only (including Koranic schooling),Unemployed (Not looking),Housewife / homemaker,Going in the right direction,Fairly bad,Disapprove,Just a little,Stayed the same,Very badly,Fairly badly,Every day,Never,Never,Never,Never,I voted in the election,Orange Democratic Movement (ODM),Informal Schooling,Housewife
Urban,Mombasa,25.0,Woman,Secondary school / high school completed,Unemployed (Actively looking),Housewife / homemaker,Going in the right direction,Fairly good,Approve,Somewhat,Decreased somewhat,Fairly well,Fairly well,A few times a week,Every day,Never,A few times a month,Never,I did not vote,United Democratic Alliance (UDA),Secondary School,Housewife
Rural,Machakos,34.0,Man,Primary school completed,Employed (Full-time),"Unskilled manual worker (e.g., cleaner, laborer, domestic help, unskilled manufacturing worker)",Going in the right direction,Neither good nor bad,Approve,Not at all,Increased a lot,Fairly well,Fairly well,Every day,Every day,Never,Never,Never,I voted in the election,Undecided/No Response,Primary School,Skilled/Unskilled Labor
Rural,Garissa,24.0,Woman,No formal schooling,Unemployed (Actively looking),Housewife / homemaker,Going in the right direction,Fairly good,Disapprove,A lot,Increased a lot,Fairly well,Fairly well,Every day,Never,Never,Never,Never,I did not vote,United Democratic Alliance (UDA),Informal Schooling,Housewife
Rural,Garissa,20.0,Woman,No formal schooling,Unemployed (Not looking),Agriculture / farming / fishing / forestry,Going in the right direction,Fairly bad,Approve,Somewhat,Undecided/No Response,Fairly well,Undecided/No Response,Never,Never,Never,Never,Never,I voted in the election,United Democratic Alliance (UDA),Informal Schooling,Agriculture
Rural,Homa Bay,18.0,Man,Secondary school / high school completed,Unemployed (Actively looking),Agriculture / farming / fishing / forestry,Going in the wrong direction,Very bad,Strongly approve,A lot,Decreased somewhat,Fairly well,Fairly well,Every day,Every day,A few times a month,Every day,Never,I was too young to vote,United Democratic Alliance (UDA),Secondary School,Agriculture
Rural,Kakamega,36.0,Woman,Intermediate school or Some secondary school / high school,Unemployed (Not looking),Trader / hawker / vendor,Going in the wrong direction,Very bad,Disapprove,Not at all,Increased somewhat,Very badly,Very badly,A few times a week,Every day,Never,Never,Never,I voted in the election,Would not vote,Secondary School,Trader
Rural,Garissa,37.0,Man,Informal schooling only (including Koranic schooling),Employed (Part-time),Agriculture / farming / fishing / forestry,Going in the right direction,Fairly good,Disapprove,Not at all,Increased somewhat,Fairly badly,Fairly badly,Never,Never,Never,A few times a week,A few times a week,I did not vote,Orange Democratic Movement (ODM),Informal Schooling,Agriculture
Urban,Isiolo,33.0,Woman,Undecided/No Response,Employed (Full-time),Retail / Shop,Going in the wrong direction,Very bad,Undecided/No Response,Just a little,Decreased somewhat,Fairly well,Fairly badly,Never,Every day,Never,A few times a month,A few times a month,I voted in the election,Undecided/No Response,Undecided/No Response,Trader
Urban,Isiolo,40.0,Man,Some primary schooling,Employed (Part-time),Trader / hawker / vendor,Going in the wrong direction,Very bad,Strongly disapprove,Just a little,Increased a lot,Fairly badly,Fairly badly,Every day,Never,Every day,A few times a week,A few times a week,I voted in the election,Undecided/No Response,Primary School,Trader
Urban,Kajiado,55.0,Woman,"Post-secondary qualifications, other than university e.g. a diploma or degree from a polytechnic or college",Employed (Full-time),"Artisan or skilled manual worker (e.g., trades like electrician, mechanic, machinist or skilled manufacturing worker)",Going in the wrong direction,Fairly bad,Approve,Somewhat,Decreased somewhat,Fairly badly,Fairly well,Every day,Every day,Never,Every day,A few times a month,I voted in the election,United Democratic Alliance (UDA),Certificate/Diploma,Skilled/Unskilled Labor
Rural,Siaya,71.0,Man,Primary school completed,Unemployed (Not looking),"Unskilled manual worker (e.g., cleaner, laborer, domestic help, unskilled manufacturing worker)",Going in the wrong direction,Very bad,Strongly approve,Not at all,Increased a lot,Very badly,Fairly badly,Every day,Every day,Every day,Never,Every day,I voted in the election,Orange Democratic Movement (ODM),Primary School,Skilled/Unskilled Labor
Rural,Kakamega,27.0,Woman,Primary school completed,Employed (Part-time),Trader / hawker / vendor,Going in the wrong direction,Fairly bad,Approve,Just a little,Increased a lot,Fairly well,Fairly well,Every day,Every day,Never,Every day,Every day,I did not vote,Orange Democratic Movement (ODM),Primary School,Trader
Urban,Isiolo,24.0,Woman,Some university,Unemployed (Not looking),Housewife / homemaker,Going in the wrong direction,Fairly bad,Approve,Not at all,Decreased somewhat,Fairly well,Fairly badly,A few times a month,A few times a month,A few times a month,A few times a week,A few times a week,I did not vote,Would not vote,Bachelors Degree,Housewife
Rural,Homa Bay,27.0,Man,Intermediate school or Some secondary school / high school,Unemployed (Actively looking),Agriculture / farming / fishing / forestry,Going in the wrong direction,Very bad,Approve,Just a little,Increased a lot,Very badly,Very badly,Every day,A few times a month,Never,Never,Never,I voted in the election,Roots Party of Kenya (RPK),Secondary School,Agriculture
Rural,Kakamega,41.0,Man,Secondary school / high school completed,Unemployed (Actively looking),Retail / Shop,Going in the wrong direction,Fairly bad,Strongly disapprove,Somewhat,Increased a lot,Very badly,Fairly badly,Every day,Every day,Less than once a month,A few times a week,A few times a week,I did not vote,Orange Democratic Movement (ODM),Secondary School,Trader
Rural,Laikipia,76.0,Man,Intermediate school or Some secondary school / high school,Unemployed (Not looking),Clerical or secretarial,Going in the right direction,Fairly good,Strongly approve,A lot,Increased a lot,Fairly well,Fairly well,Every day,Every day,Never,Never,Never,I voted in the election,United Democratic Alliance (UDA),Secondary School,Professional
Urban,Isiolo,32.0,Man,Secondary school / high school completed,Unemployed (Actively looking),"Unskilled manual worker (e.g., cleaner, laborer, domestic help, unskilled manufacturing worker)",Going in the wrong direction,Very bad,Disapprove,Somewhat,Increased somewhat,Very badly,Very badly,Every day,A few times a week,Never,Never,Never,I did not vote,Would not vote,Secondary School,Skilled/Unskilled Labor
Rural,Machakos,60.0,Woman,Primary school completed,Unemployed (Not looking),Agriculture / farming / fishing / forestry,Going in the wrong direction,Fairly bad,Strongly disapprove,Just a little,Increased a lot,Very badly,Very badly,Every day,Never,Never,Never,A few times a month,I voted in the election,Undecided/No Response,Primary School,Agriculture
Rural,Machakos,26.0,Man,Intermediate school or Some secondary school / high school,Unemployed (Actively looking),Agriculture / farming / fishing / forestry,Going in the right direction,Fairly good,Approve,A lot,Undecided/No Response,Fairly well,Undecided/No Response,Every day,Every day,Never,Every day,A few times a week,I did not vote,Would not vote,Secondary School,Agriculture
Rural,Laikipia,22.0,Woman,Secondary school / high school completed,Unemployed (Not looking),Housewife / homemaker,Going in the right direction,Fairly bad,Disapprove,Not at all,Increased somewhat,Fairly badly,Fairly badly,Every day,Every day,Never,A few times a week,A few times a month,I did not vote,United Democratic Alliance (UDA),Secondary School,Housewife
Rural,Kiambu,35.0,Man,Primary school completed,Employed (Part-time),"Unskilled manual worker (e.g., cleaner, laborer, domestic help, unskilled manufacturing worker)",Going in the wrong direction,Very bad,Strongly disapprove,A lot,Increased a lot,Fairly badly,Fairly badly,Every day,Every day,A few times a week,A few times a week,A few times a week,I voted in the election,Orange Democratic Movement (ODM),Primary School,Skilled/Unskilled Labor
Urban,Kajiado,19.0,Man,Some university,Employed (Part-time),Trader / hawker / vendor,Going in the wrong direction,Very bad,Strongly disapprove,Not at all,Stayed the same,Very well,Undecided/No Response,Never,Every day,A few times a week,Every day,Every day,I did not vote,Maendeleo Chap Chap,Bachelors Degree,Trader
Rural,Laikipia,30.0,Man,"Post-secondary qualifications, other than university e.g. a diploma or degree from a polytechnic or college",Unemployed (Not looking),"Unskilled manual worker (e.g., cleaner, laborer, domestic help, unskilled manufacturing worker)",Going in the wrong direction,Neither good nor bad,Strongly disapprove,Somewhat,Increased a lot,Very badly,Fairly well,Every day,A few times a week,Never,Every day,Every day,I did not vote,Roots Party of Kenya (RPK),Certificate/Diploma,Skilled/Unskilled Labor
Rural,Laikipia,33.0,Woman,Primary school completed,Unemployed (Not looking),Agriculture / farming / fishing / forestry,Going in the wrong direction,Fairly bad,Disapprove,Just a little,Stayed the same,Fairly well,Fairly badly,Every day,Never,Never,Never,Never,I voted in the election,Undecided/No Response,Primary School,Agriculture
Urban,Kajiado,38.0,Woman,"Post-secondary qualifications, other than university e.g. a diploma or degree from a polytechnic or college",Employed (Full-time),"Mid-level professional (e.g., teacher, nurse, mid-level government officer)",Going in the right direction,Fairly bad,Approve,Not at all,Increased a lot,Very badly,Very badly,Every day,Every day,Less than once a month,Every day,Every day,I voted in the election,Orange Democratic Movement (ODM),Certificate/Diploma,Professional
Rural,Baringo,32.0,Man,Secondary school / high school completed,Unemployed (Actively looking),Agriculture / farming / fishing / forestry,Going in the right direction,Fairly good,Approve,A lot,Decreased a lot,Fairly well,Very badly,Every day,A few times a week,Never,A few times a week,Never,I voted in the election,United Democratic Alliance (UDA),Secondary School,Agriculture
Rural,Siaya,25.0,Woman,Secondary school / high school completed,Unemployed (Actively looking),Housewife / homemaker,Going in the right direction,Fairly bad,Approve,Somewhat,Increased somewhat,Fairly badly,Fairly well,Never,Every day,Never,A few times a week,Never,I voted in the election,Undecided/No Response,Secondary School,Housewife
Urban,Kajiado,56.0,Man,"Post-secondary qualifications, other than university e.g. a diploma or degree from a polytechnic or college",Employed (Part-time),"Artisan or skilled manual worker (e.g., trades like electrician, mechanic, machinist or skilled manufacturing worker)",Going in the right direction,Fairly good,Strongly approve,A lot,Decreased somewhat,Fairly well,Fairly badly,Every day,Every day,Every day,Every day,Never,I did not vote,Would not vote,Certificate/Diploma,Skilled/Unskilled Labor
Rural,Trans-Zoia,34.0,Man,Secondary school / high school completed,Employed (Full-time),Trader / hawker / vendor,Going in the wrong direction,Fairly bad,Strongly disapprove,Somewhat,Increased a lot,Fairly badly,Very badly,A few times a week,A few times a week,A few times a month,Every day,Every day,I voted in the election,Other,Secondary School,Trader
Rural,Trans-Zoia,28.0,Woman,Secondary school / high school completed,Unemployed (Actively looking),"Security services (police, army, private security)",Going in the right direction,Fairly good,Approve,A lot,Decreased a lot,Fairly well,Fairly well,Every day,Every day,A few times a month,Never,Never,I voted in the election,United Democratic Alliance (UDA),Secondary School,Security Services
Rural,Trans-Zoia,26.0,Man,Intermediate school or Some secondary school / high school,Unemployed (Actively looking),"Artisan or skilled manual worker (e.g., trades like electrician, mechanic, machinist or skilled manufacturing worker)",Going in the wrong direction,Very bad,Approve,Just a little,Increased a lot,Very badly,Fairly well,Every day,Never,Never,Never,Never,I did not vote,Wiper Democratic Movement (WDM–K),Secondary School,Skilled/Unskilled Labor
Rural,Baringo,65.0,Woman,No formal schooling,Unemployed (Not looking),Agriculture / farming / fishing / forestry,Going in the right direction,Fairly bad,Strongly approve,A lot,Decreased somewhat,Fairly well,Fairly well,Every day,Less than once a month,Never,Never,Never,I voted in the election,United Democratic Alliance (UDA),Informal Schooling,Agriculture
Rural,Homa Bay,25.0,Man,Primary school completed,Unemployed (Actively looking),"Artisan or skilled manual worker (e.g., trades like electrician, mechanic, machinist or skilled manufacturing worker)",Going in the right direction,Fairly good,Approve,Somewhat,Stayed the same,Very badly,Very badly,Every day,Never,Never,Never,Never,I voted in the election,Orange Democratic Movement (ODM),Primary School,Skilled/Unskilled Labor
Rural,Baringo,34.0,Woman,Intermediate school or Some secondary school / high school,Unemployed (Not looking),Never had a job,Going in the right direction,Very bad,Strongly approve,A lot,Decreased somewhat,Fairly well,Fairly well,Every day,Never,Never,Never,Never,I voted in the election,United Democratic Alliance (UDA),Secondary School,Undecided/No Response
Rural,Siaya,36.0,Man,Secondary school / high school completed,Employed (Full-time),"Artisan or skilled manual worker (e.g., trades like electrician, mechanic, machinist or skilled manufacturing worker)",Going in the wrong direction,Very bad,Strongly disapprove,Just a little,Increased a lot,Very badly,Very badly,Every day,Every day,Never,Never,Never,I voted in the election,Orange Democratic Movement (ODM),Secondary School,Skilled/Unskilled Labor
Rural,Homa Bay,35.0,Man,University completed,Employed (Part-time),"Upper-level professional (e.g., banker/finance, doctor, lawyer, engineer, accountant, professor, senior-level government",Going in the right direction,Fairly good,Approve,A lot,Increased somewhat,Fairly well,Fairly well,Every day,Every day,A few times a week,Every day,Every day,I voted in the election,United Democratic Alliance (UDA),Bachelors Degree,Professional
Rural,Trans-Zoia,40.0,Woman,Some primary schooling,Unemployed (Actively looking),"Unskilled manual worker (e.g., cleaner, laborer, domestic help, unskilled manufacturing worker)",Going in the wrong direction,Fairly bad,Disapprove,Just a little,Increased a lot,Very badly,Very badly,A few times a week,Never,Never,Never,Never,I voted in the election,Would not vote,Primary School,Skilled/Unskilled Labor
Rural,Bomet,30.0,Woman,Primary school completed,Employed (Full-time),Agriculture / farming / fishing / forestry,Going in the right direction,Fairly good,Strongly approve,Somewhat,Increased a lot,Fairly well,Fairly well,Every day,A few times a week,Never,Never,Never,I voted in the election,Other,Primary School,Agriculture
Rural,Bomet,19.0,Man,Intermediate school or Some secondary school / high school,Unemployed (Actively looking),Student,Going in the right direction,Very good,Approve,A lot,Stayed the same,Fairly well,Fairly well,A few times a week,Never,Never,Never,Never,I did not vote,United Democratic Alliance (UDA),Secondary School,Student
Rural,Siaya,43.0,Woman,Some primary schooling,Unemployed (Actively looking),Housewife / homemaker,Going in the wrong direction,Very bad,Approve,Just a little,Undecided/No Response,Fairly well,Very well,A few times a month,A few times a week,A few times a month,Never,Never,I voted in the election,Orange Democratic Movement (ODM),Primary School,Housewife
Rural,Garissa,27.0,Man,Some primary schooling,Unemployed (Actively looking),Trader / hawker / vendor,Going in the right direction,Fairly bad,Disapprove,Not at all,Increased a lot,Fairly badly,Fairly badly,Every day,Never,Never,Never,Never,I voted in the election,United Democratic Alliance (UDA),Primary School,Trader
Rural,Garissa,50.0,Man,No formal schooling,Unemployed (Not looking),Agriculture / farming / fishing / forestry,Going in the wrong direction,Very bad,Strongly approve,Somewhat,Decreased somewhat,Fairly well,Fairly well,A few times a week,Never,Never,Never,Never,I voted in the election,United Democratic Alliance (UDA),Informal Schooling,Agriculture
Rural,Bomet,71.0,Man,Primary school completed,Unemployed (Not looking),Agriculture / farming / fishing / forestry,Going in the wrong direction,Fairly good,Approve,Just a little,Increased a lot,Fairly badly,Fairly badly,Every day,A few times a week,Never,Never,Never,I voted in the election,United Democratic Alliance (UDA),Primary School,Agriculture
Rural,Bomet,30.0,Woman,Some primary schooling,Unemployed (Not looking),Agriculture / farming / fishing / forestry,Going in the right direction,Very bad,Disapprove,Just a little,Undecided/No Response,Fairly well,Fairly badly,Every day,Never,Never,A few times a week,Never,I voted in the election,Other,Primary School,Agriculture
Rural,Kiambu,42.0,Man,Secondary school / high school completed,Employed (Full-time),"Unskilled manual worker (e.g., cleaner, laborer, domestic help, unskilled manufacturing worker)",Going in the wrong direction,Very bad,Strongly disapprove,A lot,Stayed the same,Very badly,Fairly well,Every day,A few times a week,A few times a week,Never,Never,I voted in the election,Orange Democratic Movement (ODM),Secondary School,Skilled/Unskilled Labor
Rural,Kiambu,30.0,Woman,Secondary school / high school completed,Unemployed (Actively looking),Trader / hawker / vendor,Going in the right direction,Fairly bad,Approve,A lot,Decreased somewhat,Fairly badly,Very badly,Every day,Every day,A few times a month,Never,Never,I voted in the election,United Democratic Alliance (UDA),Secondary School,Trader
Rural,Kakamega,33.0,Man,Primary school completed,Unemployed (Actively looking),"Unskilled manual worker (e.g., cleaner, laborer, domestic help, unskilled manufacturing worker)",Going in the wrong direction,Very bad,Strongly disapprove,Not at all,Stayed the same,Fairly badly,Very badly,A few times a week,Never,Never,A few times a week,A few times a week,I voted in the election,Would not vote,Primary School,Skilled/Unskilled Labor
Urban,Mombasa,23.0,Man,Primary school completed,Unemployed (Actively looking),"Artisan or skilled manual worker (e.g., trades like electrician, mechanic, machinist or skilled manufacturing worker)",Going in the right direction,Very bad,Strongly disapprove,Not at all,Increased a lot,Very badly,Very badly,Every day,A few times a week,A few times a week,Every day,Every day,I voted in the election,Orange Democratic Movement (ODM),Primary School,Skilled/Unskilled Labor
Urban,Mombasa,67.0,Man,Primary school completed,Unemployed (Actively looking),"Artisan or skilled manual worker (e.g., trades like electrician, mechanic, machinist or skilled manufacturing worker)",Going in the wrong direction,Very bad,Disapprove,Not at all,Increased a lot,Fairly badly,Very badly,Every day,Never,Never,Never,Never,I voted in the election,Orange Democratic Movement (ODM),Primary School,Skilled/Unskilled Labor
Rural,Kiambu,45.0,Woman,"Post-secondary qualifications, other than university e.g. a diploma or degree from a polytechnic or college",Employed (Full-time),"Mid-level professional (e.g., teacher, nurse, mid-level government officer)",Going in the right direction,Neither good nor bad,Disapprove,Just a little,Decreased somewhat,Fairly well,Fairly badly,Every day,Every day,Never,Every day,Every day,I voted in the election,Other,Certificate/Diploma,Professional
Rural,Garissa,40.0,Man,Some primary schooling,Unemployed (Not looking),Agriculture / farming / fishing / forestry,Going in the wrong direction,Fairly bad,Approve,Somewhat,Increased a lot,Fairly badly,Very badly,A few times a week,Never,Never,Never,Never,I voted in the election,United Democratic Alliance (UDA),Primary School,Agriculture
Rural,Garissa,20.0,Woman,Informal schooling only (including Koranic schooling),Unemployed (Not looking),Housewife / homemaker,Going in the right direction,Fairly bad,Disapprove,Somewhat,Increased a lot,Fairly well,Fairly badly,A few times a week,Never,Never,A few times a week,A few times a week,I did not vote,Would not vote,Informal Schooling,Housewife
Urban,Mombasa,20.0,Woman,Primary school completed,Unemployed (Actively looking),Housewife / homemaker,Going in the right direction,Fairly good,Disapprove,Just a little,Decreased a lot,Fairly well,Fairly well,A few times a week,Never,Never,A few times a week,Never,I did not vote,Undecided/No Response,Primary School,Housewife
Rural,Laikipia,25.0,Man,"Post-secondary qualifications, other than university e.g. a diploma or degree from a polytechnic or college",Unemployed (Actively looking),"Artisan or skilled manual worker (e.g., trades like electrician, mechanic, machinist or skilled manufacturing worker)",Going in the wrong direction,Fairly good,Strongly disapprove,Not at all,Stayed the same,Fairly badly,Very badly,A few times a month,Every day,Less than once a month,Every day,A few times a month,I voted in the election,United Democratic Alliance (UDA),Certificate/Diploma,Skilled/Unskilled Labor
Rural,Trans-Zoia,47.0,Man,Some primary schooling,Employed (Full-time),Agriculture / farming / fishing / forestry,Going in the wrong direction,Very bad,Strongly disapprove,A lot,Increased a lot,Very badly,Very badly,Every day,A few times a month,Never,Never,Never,I voted in the election,Other,Primary School,Agriculture
Urban,Mombasa,25.0,Woman,Secondary school / high school completed,Employed (Part-time),Trader / hawker / vendor,Going in the wrong direction,Fairly bad,Approve,A lot,Stayed the same,Fairly well,Fairly badly,Every day,Every day,Every day,Every day,Every day,I did not vote,Orange Democratic Movement (ODM),Secondary School,Trader
Rural,Bomet,20.0,Man,Intermediate school or Some secondary school / high school,Unemployed (Actively looking),Student,Going in the right direction,Fairly good,Strongly approve,A lot,Decreased a lot,Fairly well,Fairly well,Every day,A few times a week,A few times a week,Never,Never,I voted in the election,United Democratic Alliance (UDA),Secondary School,Student
Rural,Trans-Zoia,32.0,Woman,Primary school completed,Employed (Full-time),Trader / hawker / vendor,Going in the right direction,Fairly good,Approve,A lot,Increased a lot,Fairly well,Fairly well,Every day,Never,Never,Never,Never,I voted in the election,United Democratic Alliance (UDA),Primary School,Trader
Rural,Trans-Zoia,84.0,Woman,No formal schooling,Unemployed (Not looking),Agriculture / farming / fishing / forestry,Going in the wrong direction,Very bad,Strongly disapprove,Not at all,Increased a lot,Very badly,Very badly,Every day,Every day,Never,Never,Never,I voted in the election,Other,Informal Schooling,Agriculture
Rural,Baringo,35.0,Man,Intermediate school or Some secondary school / high school,Unemployed (Actively looking),Never had a job,Going in the wrong direction,Very bad,Approve,A lot,Increased a lot,Very badly,Fairly badly,A few times a week,Never,Never,Never,Never,I did not vote,United Democratic Alliance (UDA),Secondary School,Undecided/No Response
Rural,Baringo,33.0,Woman,Some primary schooling,Unemployed (Actively looking),Undecided/No Response,Going in the right direction,Fairly bad,Disapprove,A lot,Increased a lot,Fairly badly,Fairly well,Never,Never,Never,Never,Never,I voted in the election,United Democratic Alliance (UDA),Primary School,Undecided/No Response
Urban,Isiolo,27.0,Man,"Post-secondary qualifications, other than university e.g. a diploma or degree from a polytechnic or college",Employed (Full-time),"Artisan or skilled manual worker (e.g., trades like electrician, mechanic, machinist or skilled manufacturing worker)",Going in the wrong direction,Very bad,Strongly disapprove,Just a little,Stayed the same,Fairly well,Fairly well,Every day,Less than once a month,Never,A few times a month,A few times a month,I voted in the election,Orange Democratic Movement (ODM),Certificate/Diploma,Skilled/Unskilled Labor
Urban,Isiolo,26.0,Man,Secondary school / high school completed,Unemployed (Actively looking),Trader / hawker / vendor,Going in the wrong direction,Fairly bad,Strongly disapprove,Not at all,Increased a lot,Very badly,Fairly badly,Every day,Every day,Every day,Every day,Every day,I voted in the election,Orange Democratic Movement (ODM),Secondary School,Trader
Urban,Isiolo,35.0,Woman,Primary school completed,Unemployed (Actively looking),"Unskilled manual worker (e.g., cleaner, laborer, domestic help, unskilled manufacturing worker)",Going in the right direction,Very bad,Strongly approve,A lot,Increased a lot,Very badly,Very badly,Never,Every day,Never,Never,Never,I voted in the election,United Democratic Alliance (UDA),Primary School,Skilled/Unskilled Labor
Rural,Laikipia,43.0,Woman,Secondary school / high school completed,Unemployed (Not looking),Agriculture / farming / fishing / forestry,Going in the right direction,Fairly good,Approve,A lot,Increased a lot,Fairly badly,Very badly,Every day,Every day,Never,Never,Never,I voted in the election,Would not vote,Secondary School,Agriculture
Rural,Laikipia,21.0,Man,Secondary school / high school completed,Unemployed (Actively looking),Agriculture / farming / fishing / forestry,Going in the wrong direction,Fairly bad,Disapprove,Just a little,Increased a lot,Fairly badly,Very badly,Every day,A few times a week,Never,Every day,Every day,I did not vote,Undecided/No Response,Secondary School,Agriculture
Rural,Bomet,40.0,Man,Primary school completed,Unemployed (Not looking),Agriculture / farming / fishing / forestry,Going in the right direction,Neither good nor bad,Approve,A lot,Decreased a lot,Fairly well,Fairly badly,Every day,Every day,Never,A few times a week,Never,I voted in the election,United Democratic Alliance (UDA),Primary School,Agriculture
Rural,Laikipia,23.0,Woman,"Post-secondary qualifications, other than university e.g. a diploma or degree from a polytechnic or college",Unemployed (Actively looking),Never had a job,Going in the wrong direction,Very bad,Strongly disapprove,Not at all,Increased a lot,Very badly,Very badly,A few times a week,A few times a month,Never,Every day,A few times a week,I did not vote,Would not vote,Certificate/Diploma,Undecided/No Response
Rural,Baringo,24.0,Man,Primary school completed,Unemployed (Actively looking),Agriculture / farming / fishing / forestry,Going in the right direction,Neither good nor bad,Strongly approve,A lot,Increased somewhat,Very well,Very badly,Every day,Never,A few times a week,Every day,Every day,I voted in the election,United Democratic Alliance (UDA),Primary School,Agriculture
Rural,Trans-Zoia,30.0,Man,Intermediate school or Some secondary school / high school,Unemployed (Actively looking),"Unskilled manual worker (e.g., cleaner, laborer, domestic help, unskilled manufacturing worker)",Going in the right direction,Fairly bad,Disapprove,Just a little,Increased a lot,Fairly badly,Fairly badly,A few times a week,Every day,Never,Never,Never,I voted in the election,Orange Democratic Movement (ODM),Secondary School,Skilled/Unskilled Labor
Urban,Mombasa,43.0,Woman,Primary school completed,Employed (Part-time),Retail / Shop,Going in the wrong direction,Very bad,Strongly disapprove,Somewhat,Stayed the same,Fairly well,Very badly,A few times a week,Never,Never,Never,Never,I voted in the election,Undecided/No Response,Primary School,Trader
Rural,Bomet,33.0,Woman,"Post-secondary qualifications, other than university e.g. a diploma or degree from a polytechnic or college",Employed (Part-time),"Mid-level professional (e.g., teacher, nurse, mid-level government officer)",Going in the right direction,Fairly good,Disapprove,Just a little,Decreased somewhat,Fairly well,Fairly well,Every day,A few times a month,Never,Less than once a month,Less than once a month,I did not vote,Would not vote,Certificate/Diploma,Professional
Urban,Mombasa,85.0,Man,Secondary school / high school completed,Unemployed (Not looking),"Mid-level professional (e.g., teacher, nurse, mid-level government officer)",Going in the wrong direction,Fairly bad,Approve,A lot,Decreased a lot,Fairly well,Very badly,Less than once a month,Never,A few times a week,Never,Never,I voted in the election,United Democratic Alliance (UDA),Secondary School,Professional
Urban,Mombasa,38.0,Woman,Intermediate school or Some secondary school / high school,Employed (Full-time),"Artisan or skilled manual worker (e.g., trades like electrician, mechanic, machinist or skilled manufacturing worker)",Going in the wrong direction,Fairly bad,Disapprove,Somewhat,Increased somewhat,Fairly badly,Fairly badly,Never,Every day,Never,Less than once a month,Less than once a month,I voted in the election,Orange Democratic Movement (ODM),Secondary School,Skilled/Unskilled Labor
Urban,Isiolo,60.0,Man,Secondary school / high school completed,Employed (Part-time),"Security services (police, army, private security)",Going in the right direction,Fairly bad,Disapprove,Just a little,Stayed the same,Fairly badly,Very badly,A few times a week,A few times a week,A few times a week,Every day,Every day,I did not vote,United Democratic Alliance (UDA),Secondary School,Security Services
Urban,Mombasa,34.0,Man,Intermediate school or Some secondary school / high school,Unemployed (Actively looking),Retail / Shop,Going in the right direction,Fairly good,Disapprove,Somewhat,Stayed the same,Very badly,Fairly badly,A few times a month,Every day,A few times a month,Every day,A few times a week,I did not vote,Roots Party of Kenya (RPK),Secondary School,Trader
Urban,Isiolo,26.0,Woman,University completed,Employed (Full-time),Trader / hawker / vendor,Going in the right direction,Fairly good,Approve,Somewhat,Increased a lot,Fairly well,Fairly badly,Every day,Every day,A few times a week,Every day,Every day,I voted in the election,Would not vote,Bachelors Degree,Trader
Urban,Isiolo,32.0,Man,Primary school completed,Unemployed (Actively looking),"Mid-level professional (e.g., teacher, nurse, mid-level government officer)",Going in the wrong direction,Very bad,Strongly approve,Somewhat,Increased somewhat,Very badly,Very badly,Every day,Every day,Never,Every day,Never,I voted in the election,Orange Democratic Movement (ODM),Primary School,Professional
Urban,Isiolo,21.0,Woman,Some university,Unemployed (Not looking),Student,Going in the wrong direction,Neither good nor bad,Strongly disapprove,Just a little,Increased somewhat,Fairly badly,Fairly badly,A few times a week,Every day,Never,Every day,Every day,I was too young to vote,United Democratic Alliance (UDA),Bachelors Degree,Student
Rural,Kitui,65.0,Man,Secondary school / high school completed,Unemployed (Not looking),Agriculture / farming / fishing / forestry,Going in the wrong direction,Very bad,Strongly approve,A lot,Increased somewhat,Very badly,Fairly well,Every day,Every day,Less than once a month,Every day,Every day,I voted in the election,United Democratic Alliance (UDA),Secondary School,Agriculture
Rural,Kitui,26.0,Woman,Intermediate school or Some secondary school / high school,Unemployed (Actively looking),"Unskilled manual worker (e.g., cleaner, laborer, domestic help, unskilled manufacturing worker)",Undecided/No Response,Very bad,Approve,Just a little,Increased somewhat,Fairly badly,Fairly badly,A few times a week,A few times a week,A few times a month,Every day,Every day,I did not vote,Undecided/No Response,Secondary School,Skilled/Unskilled Labor
Rural,Baringo,45.0,Man,Primary school completed,Unemployed (Actively looking),"Unskilled manual worker (e.g., cleaner, laborer, domestic help, unskilled manufacturing worker)",Going in the right direction,Fairly bad,Approve,A lot,Decreased somewhat,Fairly well,Fairly well,A few times a month,Less than once a month,Never,Never,Never,I voted in the election,United Democratic Alliance (UDA),Primary School,Skilled/Unskilled Labor
Rural,Kitui,30.0,Woman,"Post-secondary qualifications, other than university e.g. a diploma or degree from a polytechnic or college",Employed (Full-time),"Artisan or skilled manual worker (e.g., trades like electrician, mechanic, machinist or skilled manufacturing worker)",Going in the wrong direction,Very bad,Disapprove,Just a little,Increased a lot,Very badly,Very badly,Every day,Every day,A few times a month,Every day,Every day,I voted in the election,Would not vote,Certificate/Diploma,Skilled/Unskilled Labor
Rural,Kitui,30.0,Man,Intermediate school or Some secondary school / high school,Unemployed (Actively looking),"Unskilled manual worker (e.g., cleaner, laborer, domestic help, unskilled manufacturing worker)",Going in the wrong direction,Very bad,Strongly disapprove,Just a little,Increased a lot,Very badly,Fairly badly,Every day,Never,Never,Never,Never,I did not vote,Orange Democratic Movement (ODM),Secondary School,Skilled/Unskilled Labor
Urban,Homa Bay,26.0,Woman,Primary school completed,Unemployed (Actively looking),Trader / hawker / vendor,Going in the wrong direction,Fairly bad,Disapprove,Just a little,Increased somewhat,Fairly well,Very badly,A few times a week,Never,Never,Every day,Never,I voted in the election,Orange Democratic Movement (ODM),Primary School,Trader
Urban,Homa Bay,23.0,Man,"Post-secondary qualifications, other than university e.g. a diploma or degree from a polytechnic or college",Employed (Full-time),"Artisan or skilled manual worker (e.g., trades like electrician, mechanic, machinist or skilled manufacturing worker)",Going in the wrong direction,Very bad,Disapprove,Just a little,Decreased a lot,Fairly badly,Fairly well,A few times a week,Never,Never,Never,Never,I voted in the election,Orange Democratic Movement (ODM),Certificate/Diploma,Skilled/Unskilled Labor
Urban,Homa Bay,30.0,Woman,University completed,Employed (Full-time),Trader / hawker / vendor,Going in the wrong direction,Fairly bad,Approve,Somewhat,Increased a lot,Fairly badly,Very badly,A few times a week,Every day,Less than once a month,Every day,Every day,I voted in the election,Orange Democratic Movement (ODM),Bachelors Degree,Trader
Urban,Homa Bay,28.0,Woman,University completed,Unemployed (Actively looking),Never had a job,Going in the wrong direction,Very bad,Strongly disapprove,Not at all,Increased a lot,Fairly badly,Very badly,A few times a month,Every day,A few times a month,Every day,A few times a week,I did not vote,Orange Democratic Movement (ODM),Bachelors Degree,Undecided/No Response
Urban,Kajiado,47.0,Man,Primary school completed,Employed (Part-time),Retail / Shop,Going in the wrong direction,Very bad,Approve,Not at all,Increased somewhat,Fairly badly,Fairly badly,Every day,A few times a week,Never,Never,Never,I voted in the election,United Democratic Alliance (UDA),Primary School,Trader
Urban,Kajiado,32.0,Woman,"Post-secondary qualifications, other than university e.g. a diploma or degree from a polytechnic or college",Employed (Full-time),Trader / hawker / vendor,Going in the right direction,Fairly bad,Disapprove,Just a little,Decreased somewhat,Fairly well,Fairly well,A few times a month,Every day,A few times a month,Every day,Less than once a month,I voted in the election,Orange Democratic Movement (ODM),Certificate/Diploma,Trader
Urban,Kajiado,64.0,Woman,Secondary school / high school completed,Employed (Full-time),Agriculture / farming / fishing / forestry,Going in the wrong direction,Very bad,Strongly disapprove,Just a little,Increased a lot,Very well,Very badly,Every day,Every day,A few times a month,Never,Never,I did not vote,Orange Democratic Movement (ODM),Secondary School,Agriculture
Urban,Kajiado,44.0,Man,Secondary school / high school completed,Employed (Full-time),Trader / hawker / vendor,Going in the right direction,Fairly good,Strongly disapprove,Somewhat,Stayed the same,Very badly,Fairly well,Every day,A few times a week,Never,Every day,Every day,I did not vote,Would not vote,Secondary School,Trader
Urban,Siaya,33.0,Woman,Secondary school / high school completed,Unemployed (Actively looking),Trader / hawker / vendor,Going in the wrong direction,Fairly bad,Strongly disapprove,Not at all,Increased a lot,Fairly badly,Fairly well,Every day,Every day,Never,Every day,Every day,I voted in the election,Undecided/No Response,Secondary School,Trader
Urban,Siaya,19.0,Man,Secondary school / high school completed,Unemployed (Actively looking),Student,Going in the wrong direction,Very bad,Strongly disapprove,Just a little,Increased a lot,Fairly badly,Very badly,Every day,Every day,A few times a month,Every day,Every day,I did not vote,Would not vote,Secondary School,Student
Urban,Siaya,23.0,Man,Secondary school / high school completed,Unemployed (Actively looking),Agriculture / farming / fishing / forestry,Going in the wrong direction,Very bad,Strongly disapprove,Not at all,Increased a lot,Very badly,Very badly,Every day,Every day,Every day,Every day,Every day,I voted in the election,Orange Democratic Movement (ODM),Secondary School,Agriculture
Urban,Siaya,26.0,Woman,University completed,Employed (Part-time),Retail / Shop,Going in the right direction,Fairly good,Strongly disapprove,Just a little,Increased somewhat,Fairly well,Very badly,A few times a month,Every day,Less than once a month,Every day,Every day,I voted in the election,Orange Democratic Movement (ODM),Bachelors Degree,Trader
Rural,Bomet,30.0,Woman,Secondary school / high school completed,Unemployed (Actively looking),"Mid-level professional (e.g., teacher, nurse, mid-level government officer)",Going in the right direction,Fairly good,Strongly disapprove,Just a little,Increased a lot,Fairly well,Fairly badly,A few times a month,Never,Never,Never,Never,I voted in the election,United Democratic Alliance (UDA),Secondary School,Professional
Urban,Isiolo,30.0,Woman,Some primary schooling,Unemployed (Actively looking),Housewife / homemaker,Going in the right direction,Fairly good,Approve,Just a little,Increased somewhat,Very badly,Very badly,A few times a month,Never,Never,Never,Never,I voted in the election,United Democratic Alliance (UDA),Primary School,Housewife
Rural,Baringo,20.0,Woman,Primary school completed,Unemployed (Not looking),Housewife / homemaker,Going in the right direction,Fairly good,Strongly approve,A lot,Decreased somewhat,Very well,Very well,Every day,Never,Never,A few times a month,A few times a month,I was too young to vote,United Democratic Alliance (UDA),Primary School,Housewife
Rural,Kitui,40.0,Woman,Secondary school / high school completed,Employed (Full-time),Retail / Shop,Going in the wrong direction,Very bad,Approve,Somewhat,Increased somewhat,Very badly,Very badly,Every day,Never,Never,Every day,Every day,I voted in the election,Wiper Democratic Movement (WDM–K),Secondary School,Trader
Rural,Kitui,19.0,Man,Some primary schooling,Unemployed (Actively looking),"Unskilled manual worker (e.g., cleaner, laborer, domestic help, unskilled manufacturing worker)",Going in the right direction,Fairly good,Approve,Somewhat,Stayed the same,Fairly well,Fairly well,Never,Never,Never,Never,Never,I did not vote,Would not vote,Primary School,Skilled/Unskilled Labor
Urban,Siaya,26.0,Man,University completed,Unemployed (Actively looking),"Artisan or skilled manual worker (e.g., trades like electrician, mechanic, machinist or skilled manufacturing worker)",Going in the right direction,Fairly good,Disapprove,Somewhat,Stayed the same,Fairly badly,Very badly,Every day,A few times a week,Never,Every day,Every day,I voted in the election,Other,Bachelors Degree,Skilled/Unskilled Labor
Urban,Homa Bay,43.0,Woman,Intermediate school or Some secondary school / high school,Employed (Part-time),Trader / hawker / vendor,Going in the wrong direction,Very bad,Disapprove,Just a little,Increased a lot,Fairly badly,Very badly,A few times a month,A few times a month,Never,Never,Never,I voted in the election,Undecided/No Response,Secondary School,Trader
Urban,Siaya,25.0,Woman,Secondary school / high school completed,Unemployed (Not looking),Housewife / homemaker,Going in the wrong direction,Very bad,Strongly disapprove,Not at all,Increased a lot,Very badly,Very well,Every day,Every day,Never,Every day,Every day,I voted in the election,Undecided/No Response,Secondary School,Housewife
Urban,Kajiado,46.0,Woman,Secondary school / high school completed,Employed (Part-time),Trader / hawker / vendor,Going in the wrong direction,Neither good nor bad,Approve,Just a little,Increased a lot,Very badly,Very badly,Every day,A few times a month,Never,Never,Never,I voted in the election,Wiper Democratic Movement (WDM–K),Secondary School,Trader
Urban,Kajiado,18.0,Man,Secondary school / high school completed,Unemployed (Actively looking),"Artisan or skilled manual worker (e.g., trades like electrician, mechanic, machinist or skilled manufacturing worker)",Going in the wrong direction,Very good,Strongly disapprove,Not at all,Increased a lot,Very badly,Very badly,Every day,Every day,Never,Every day,Never,I voted in the election,Orange Democratic Movement (ODM),Secondary School,Skilled/Unskilled Labor
Rural,Kitui,26.0,Man,Secondary school / high school completed,Unemployed (Actively looking),Agriculture / farming / fishing / forestry,Going in the wrong direction,Fairly bad,Strongly disapprove,Not at all,Increased a lot,Very badly,Very badly,A few times a week,Never,Never,Never,Never,I voted in the election,Orange Democratic Movement (ODM),Secondary School,Agriculture
Urban,Homa Bay,36.0,Man,University completed,Employed (Full-time),"Mid-level professional (e.g., teacher, nurse, mid-level government officer)",Going in the right direction,Very bad,Disapprove,Not at all,Decreased somewhat,Fairly badly,Very badly,A few times a month,Every day,A few times a month,Every day,A few times a week,I voted in the election,Orange Democratic Movement (ODM),Bachelors Degree,Professional
Urban,Homa Bay,34.0,Man,Secondary school / high school completed,Employed (Full-time),"Unskilled manual worker (e.g., cleaner, laborer, domestic help, unskilled manufacturing worker)",Going in the wrong direction,Very good,Approve,Somewhat,Increased a lot,Fairly well,Very well,Every day,Every day,Never,Every day,Every day,I voted in the election,Orange Democratic Movement (ODM),Secondary School,Skilled/Unskilled Labor
Urban,Kajiado,73.0,Woman,Some primary schooling,Unemployed (Not looking),Trader / hawker / vendor,Going in the wrong direction,Fairly bad,Disapprove,Just a little,Increased a lot,Fairly badly,Fairly badly,A few times a month,Every day,Never,Never,Never,I did not vote,Would not vote,Primary School,Trader
Rural,Kitui,57.0,Woman,Secondary school / high school completed,Unemployed (Not looking),Agriculture / farming / fishing / forestry,Going in the wrong direction,Fairly bad,Strongly disapprove,Just a little,Increased a lot,Fairly badly,Fairly badly,Every day,A few times a week,Never,A few times a month,Never,I voted in the election,United Democratic Alliance (UDA),Secondary School,Agriculture
Urban,Kajiado,49.0,Man,Secondary school / high school completed,Employed (Full-time),"Artisan or skilled manual worker (e.g., trades like electrician, mechanic, machinist or skilled manufacturing worker)",Going in the wrong direction,Very bad,Approve,Somewhat,Increased a lot,Fairly badly,Fairly well,Every day,Every day,A few times a week,Every day,Every day,I voted in the election,United Democratic Alliance (UDA),Secondary School,Skilled/Unskilled Labor
Urban,Siaya,26.0,Man,"Post-secondary qualifications, other than university e.g. a diploma or degree from a polytechnic or college",Employed (Full-time),Trader / hawker / vendor,Going in the wrong direction,Neither good nor bad,Disapprove,Just a little,Stayed the same,Fairly badly,Very badly,A few times a week,A few times a week,Never,Every day,Every day,I voted in the election,Orange Democratic Movement (ODM),Certificate/Diploma,Trader
Rural,Trans-Zoia,67.0,Man,Some primary schooling,Unemployed (Not looking),"Unskilled manual worker (e.g., cleaner, laborer, domestic help, unskilled manufacturing worker)",Going in the wrong direction,Very bad,Approve,Just a little,Increased a lot,Very badly,Fairly badly,Never,Never,Never,Never,Never,I voted in the election,Undecided/No Response,Primary School,Skilled/Unskilled Labor
Rural,Trans-Zoia,72.0,Woman,No formal schooling,Unemployed (Not looking),Agriculture / farming / fishing / forestry,Going in the wrong direction,Very bad,Disapprove,Just a little,Increased a lot,Very badly,Fairly badly,Every day,Never,Never,Never,Never,I voted in the election,Other,Informal Schooling,Agriculture
Rural,Trans-Zoia,40.0,Man,"Post-secondary qualifications, other than university e.g. a diploma or degree from a polytechnic or college",Employed (Full-time),"Artisan or skilled manual worker (e.g., trades like electrician, mechanic, machinist or skilled manufacturing worker)",Going in the wrong direction,Very bad,Approve,Just a little,Increased a lot,Very badly,Very badly,Less than once a month,Every day,Never,A few times a week,Every day,I did not vote,Would not vote,Certificate/Diploma,Skilled/Unskilled Labor
Urban,Homa Bay,29.0,Man,University completed,Employed (Full-time),"Mid-level professional (e.g., teacher, nurse, mid-level government officer)",Going in the wrong direction,Fairly bad,Disapprove,Just a little,Increased a lot,Fairly badly,Very badly,Never,A few times a week,Never,Every day,Every day,I voted in the election,Orange Democratic Movement (ODM),Bachelors Degree,Professional
Urban,Siaya,24.0,Woman,"Post-secondary qualifications, other than university e.g. a diploma or degree from a polytechnic or college",Unemployed (Actively looking),Trader / hawker / vendor,Going in the wrong direction,Very bad,Strongly disapprove,Just a little,Increased a lot,Very badly,Very badly,A few times a week,Every day,A few times a week,Every day,A few times a week,I voted in the election,Orange Democratic Movement (ODM),Certificate/Diploma,Trader
Rural,Trans-Zoia,70.0,Woman,Some primary schooling,Unemployed (Not looking),Trader / hawker / vendor,Going in the right direction,Neither good nor bad,Strongly approve,A lot,Decreased somewhat,Fairly badly,Fairly badly,Every day,Never,Never,Never,Never,I voted in the election,United Democratic Alliance (UDA),Primary School,Trader
Rural,Trans-Zoia,65.0,Woman,Primary school completed,Unemployed (Not looking),Agriculture / farming / fishing / forestry,Going in the wrong direction,Fairly good,Strongly disapprove,Somewhat,Increased a lot,Fairly well,Very badly,Every day,Never,Never,Never,Never,I voted in the election,Orange Democratic Movement (ODM),Primary School,Agriculture
Rural,Homa Bay,35.0,Woman,Primary school completed,Unemployed (Not looking),Agriculture / farming / fishing / forestry,Going in the wrong direction,Very bad,Approve,Just a little,Increased a lot,Fairly badly,Very badly,A few times a week,Never,Never,Never,Never,I voted in the election,Orange Democratic Movement (ODM),Primary School,Agriculture
Urban,Baringo,25.0,Woman,Secondary school / high school completed,Unemployed (Actively looking),Never had a job,Going in the right direction,Very bad,Approve,Somewhat,Decreased somewhat,Fairly well,Fairly well,A few times a week,Every day,Never,Every day,Every day,I voted in the election,United Democratic Alliance (UDA),Secondary School,Undecided/No Response
Urban,Baringo,36.0,Woman,Primary school completed,Unemployed (Not looking),Trader / hawker / vendor,Going in the wrong direction,Fairly bad,Approve,A lot,Decreased somewhat,Fairly well,Fairly well,Less than once a month,Every day,Never,Never,Never,I voted in the election,United Democratic Alliance (UDA),Primary School,Trader
Rural,Homa Bay,18.0,Man,Secondary school / high school completed,Unemployed (Not looking),Student,Going in the wrong direction,Fairly good,Approve,Just a little,Increased somewhat,Fairly well,Very badly,A few times a week,Every day,A few times a month,Every day,Never,I did not vote,Orange Democratic Movement (ODM),Secondary School,Student
Rural,Homa Bay,26.0,Woman,"Post-secondary qualifications, other than university e.g. a diploma or degree from a polytechnic or college",Unemployed (Not looking),"Mid-level professional (e.g., teacher, nurse, mid-level government officer)",Going in the right direction,Fairly bad,Disapprove,Not at all,Increased a lot,Fairly well,Very badly,Every day,Every day,A few times a month,Never,Never,I voted in the election,Orange Democratic Movement (ODM),Certificate/Diploma,Professional
Rural,Homa Bay,67.0,Woman,Primary school completed,Unemployed (Not looking),Agriculture / farming / fishing / forestry,Going in the wrong direction,Very bad,Approve,Just a little,Increased a lot,Fairly badly,Very badly,A few times a week,A few times a week,Never,Never,Never,I voted in the election,Orange Democratic Movement (ODM),Primary School,Agriculture
Urban,Baringo,34.0,Man,University completed,Unemployed (Actively looking),Trader / hawker / vendor,Going in the right direction,Fairly bad,Approve,Just a little,Stayed the same,Fairly well,Fairly badly,Never,Never,Never,Every day,Every day,I did not vote,United Democratic Alliance (UDA),Bachelors Degree,Trader
Rural,Bomet,33.0,Woman,"Post-secondary qualifications, other than university e.g. a diploma or degree from a polytechnic or college",Employed (Full-time),"Mid-level professional (e.g., teacher, nurse, mid-level government officer)",Going in the right direction,Very bad,Approve,A lot,Decreased somewhat,Fairly well,Fairly badly,A few times a week,Every day,A few times a month,Every day,Every day,I voted in the election,United Democratic Alliance (UDA),Certificate/Diploma,Professional
Rural,Bomet,29.0,Woman,Secondary school / high school completed,Employed (Full-time),"Mid-level professional (e.g., teacher, nurse, mid-level government officer)",Going in the right direction,Neither good nor bad,Approve,Just a little,Increased a lot,Fairly well,Fairly well,Every day,Never,Never,Every day,Every day,I voted in the election,United Democratic Alliance (UDA),Secondary School,Professional
Rural,Bomet,36.0,Man,Secondary school / high school completed,Unemployed (Not looking),Agriculture / farming / fishing / forestry,Going in the right direction,Fairly good,Approve,A lot,Decreased somewhat,Fairly well,Fairly well,Every day,Never,Never,A few times a week,A few times a month,I voted in the election,United Democratic Alliance (UDA),Secondary School,Agriculture
Rural,Bomet,72.0,Man,Secondary school / high school completed,Unemployed (Not looking),Agriculture / farming / fishing / forestry,Going in the right direction,Fairly good,Approve,A lot,Stayed the same,Fairly well,Very badly,Every day,A few times a week,Never,Less than once a month,Never,I voted in the election,United Democratic Alliance (UDA),Secondary School,Agriculture
Rural,Kakamega,50.0,Woman,Some primary schooling,Unemployed (Not looking),Agriculture / farming / fishing / forestry,Going in the wrong direction,Very bad,Strongly disapprove,Not at all,Stayed the same,Fairly badly,Very badly,A few times a week,Never,Never,Never,Never,I did not vote,Orange Democratic Movement (ODM),Primary School,Agriculture
Rural,Siaya,44.0,Man,No formal schooling,Unemployed (Not looking),Agriculture / farming / fishing / forestry,Going in the wrong direction,Neither good nor bad,Strongly disapprove,Somewhat,Increased a lot,Very badly,Very badly,Every day,A few times a week,Never,Never,Never,I voted in the election,Orange Democratic Movement (ODM),Informal Schooling,Agriculture
Rural,Kakamega,44.0,Man,"Post-secondary qualifications, other than university e.g. a diploma or degree from a polytechnic or college",Unemployed (Actively looking),"Artisan or skilled manual worker (e.g., trades like electrician, mechanic, machinist or skilled manufacturing worker)",Going in the right direction,Fairly good,Approve,Just a little,Increased a lot,Fairly badly,Fairly badly,Every day,A few times a week,Never,A few times a week,A few times a week,I voted in the election,United Democratic Alliance (UDA),Certificate/Diploma,Skilled/Unskilled Labor
Rural,Siaya,34.0,Woman,"Post-secondary qualifications, other than university e.g. a diploma or degree from a polytechnic or college",Employed (Full-time),"Mid-level professional (e.g., teacher, nurse, mid-level government officer)",Going in the wrong direction,Very bad,Disapprove,Just a little,Increased a lot,Very badly,Fairly badly,Every day,Every day,Less than once a month,Every day,Every day,I voted in the election,Orange Democratic Movement (ODM),Certificate/Diploma,Professional
Rural,Kakamega,64.0,Woman,Primary school completed,Employed (Full-time),Retail / Shop,Going in the right direction,Neither good nor bad,Approve,Somewhat,Stayed the same,Fairly well,Very badly,Every day,Every day,Less than once a month,Never,Never,I voted in the election,United Democratic Alliance (UDA),Primary School,Trader
Urban,Baringo,18.0,Woman,Secondary school / high school completed,Unemployed (Not looking),Student,Going in the wrong direction,Very bad,Disapprove,Somewhat,Increased somewhat,Fairly badly,Very badly,A few times a week,A few times a month,Never,Every day,Every day,I was too young to vote,Would not vote,Secondary School,Student
Urban,Garissa,22.0,Man,Secondary school / high school completed,Employed (Full-time),Retail / Shop,Going in the right direction,Fairly bad,Disapprove,Just a little,Increased a lot,Fairly badly,Fairly badly,Never,A few times a week,A few times a week,Every day,Every day,I voted in the election,Orange Democratic Movement (ODM),Secondary School,Trader
Urban,Garissa,35.0,Woman,"Post-secondary qualifications, other than university e.g. a diploma or degree from a polytechnic or college",Unemployed (Actively looking),Retail / Shop,Going in the wrong direction,Fairly good,Approve,Somewhat,Stayed the same,Fairly well,Fairly badly,A few times a week,Every day,Never,Every day,Never,I voted in the election,United Democratic Alliance (UDA),Certificate/Diploma,Trader
Rural,Trans-Zoia,72.0,Man,Secondary school / high school completed,Unemployed (Not looking),Agriculture / farming / fishing / forestry,Going in the right direction,Neither good nor bad,Disapprove,Just a little,Increased a lot,Fairly badly,Very badly,Every day,Every day,Less than once a month,Never,Never,I did not vote,Other,Secondary School,Agriculture
Urban,Garissa,35.0,Woman,Some primary schooling,Employed (Part-time),"Unskilled manual worker (e.g., cleaner, laborer, domestic help, unskilled manufacturing worker)",Going in the wrong direction,Fairly bad,Approve,Just a little,Stayed the same,Fairly badly,Fairly badly,Never,A few times a week,Never,Every day,A few times a week,I voted in the election,Orange Democratic Movement (ODM),Primary School,Skilled/Unskilled Labor
Rural,Trans-Zoia,32.0,Woman,Intermediate school or Some secondary school / high school,Unemployed (Actively looking),Housewife / homemaker,Going in the wrong direction,Very bad,Approve,Just a little,Stayed the same,Fairly well,Fairly badly,Every day,Never,Never,Never,Never,I voted in the election,Would not vote,Secondary School,Housewife
Rural,Siaya,70.0,Man,No formal schooling,Unemployed (Actively looking),Agriculture / farming / fishing / forestry,Going in the wrong direction,Very bad,Strongly disapprove,Just a little,Increased a lot,Very badly,Very badly,Every day,Never,Never,Never,Never,I voted in the election,Undecided/No Response,Informal Schooling,Agriculture
Rural,Trans-Zoia,62.0,Man,Some primary schooling,Unemployed (Actively looking),Agriculture / farming / fishing / forestry,Going in the right direction,Very bad,Strongly approve,A lot,Increased a lot,Very badly,Fairly well,Every day,Never,Never,Never,Never,I voted in the election,United Democratic Alliance (UDA),Primary School,Agriculture
Urban,Garissa,48.0,Man,University completed,Employed (Full-time),"Upper-level professional (e.g., banker/finance, doctor, lawyer, engineer, accountant, professor, senior-level government",Going in the wrong direction,Very bad,Disapprove,Not at all,Increased a lot,Fairly badly,Very badly,A few times a week,Every day,A few times a week,Every day,Never,I voted in the election,Orange Democratic Movement (ODM),Bachelors Degree,Professional
Rural,Siaya,65.0,Woman,Secondary school / high school completed,Unemployed (Not looking),Housewife / homemaker,Going in the right direction,Very bad,Strongly disapprove,Not at all,Increased a lot,Very badly,Very badly,Every day,A few times a month,Never,Never,Never,I voted in the election,Orange Democratic Movement (ODM),Secondary School,Housewife
Rural,Meru,54.0,Man,"Post-secondary qualifications, other than university e.g. a diploma or degree from a polytechnic or college",Employed (Part-time),Agriculture / farming / fishing / forestry,Going in the right direction,Very bad,Approve,Somewhat,Increased a lot,Fairly badly,Very badly,A few times a week,A few times a month,Never,Never,Never,I voted in the election,Undecided/No Response,Certificate/Diploma,Agriculture
Rural,Meru,55.0,Woman,Primary school completed,Employed (Part-time),Agriculture / farming / fishing / forestry,Going in the right direction,Very bad,Strongly approve,A lot,Decreased a lot,Fairly well,Fairly well,A few times a week,Every day,Never,Every day,Never,I voted in the election,United Democratic Alliance (UDA),Primary School,Agriculture
Rural,Meru,30.0,Man,"Post-secondary qualifications, other than university e.g. a diploma or degree from a polytechnic or college",Employed (Full-time),Trader / hawker / vendor,Going in the right direction,Fairly bad,Approve,Somewhat,Decreased somewhat,Fairly badly,Fairly well,Every day,Every day,A few times a month,Every day,Every day,I voted in the election,Undecided/No Response,Certificate/Diploma,Trader
Rural,Meru,35.0,Man,Primary school completed,Unemployed (Actively looking),Trader / hawker / vendor,Going in the right direction,Fairly good,Strongly approve,A lot,Decreased somewhat,Very well,Very well,Every day,Every day,Every day,Never,A few times a week,I voted in the election,United Democratic Alliance (UDA),Primary School,Trader
Rural,Kakamega,66.0,Man,Some primary schooling,Unemployed (Not looking),"Unskilled manual worker (e.g., cleaner, laborer, domestic help, unskilled manufacturing worker)",Going in the wrong direction,Very bad,Disapprove,Somewhat,Increased a lot,Fairly well,Fairly badly,A few times a month,Never,Less than once a month,Never,Never,I voted in the election,Undecided/No Response,Primary School,Skilled/Unskilled Labor
Urban,Kiambu,50.0,Man,"Post-secondary qualifications, other than university e.g. a diploma or degree from a polytechnic or college",Employed (Part-time),Agriculture / farming / fishing / forestry,Going in the right direction,Fairly good,Approve,Somewhat,Decreased somewhat,Fairly well,Fairly well,Every day,A few times a week,Never,Every day,Every day,I voted in the election,United Democratic Alliance (UDA),Certificate/Diploma,Agriculture
Rural,Bomet,30.0,Man,Intermediate school or Some secondary school / high school,Unemployed (Actively looking),"Artisan or skilled manual worker (e.g., trades like electrician, mechanic, machinist or skilled manufacturing worker)",Going in the right direction,Very bad,Approve,Not at all,Increased a lot,Fairly well,Fairly badly,Every day,Less than once a month,Less than once a month,Every day,A few times a week,I voted in the election,Roots Party of Kenya (RPK),Secondary School,Skilled/Unskilled Labor
Rural,Homa Bay,70.0,Woman,Some primary schooling,Employed (Full-time),Trader / hawker / vendor,Going in the wrong direction,Very bad,Disapprove,Not at all,Increased a lot,Very badly,Fairly badly,Every day,Every day,Never,Never,Never,I voted in the election,Orange Democratic Movement (ODM),Primary School,Trader
Urban,Kiambu,21.0,Woman,Secondary school / high school completed,Unemployed (Actively looking),Student,Going in the right direction,Fairly bad,Strongly approve,Just a little,Increased a lot,Fairly badly,Fairly badly,Every day,Less than once a month,Never,Every day,Every day,I did not vote,Would not vote,Secondary School,Student
Urban,Kiambu,50.0,Woman,Secondary school / high school completed,Employed (Full-time),Trader / hawker / vendor,Going in the wrong direction,Fairly bad,Approve,Somewhat,Stayed the same,Fairly badly,Fairly badly,Every day,Every day,Never,A few times a week,A few times a week,I voted in the election,Undecided/No Response,Secondary School,Trader
Urban,Kiambu,57.0,Man,Secondary school / high school completed,Unemployed (Not looking),"Artisan or skilled manual worker (e.g., trades like electrician, mechanic, machinist or skilled manufacturing worker)",Going in the right direction,Fairly good,Approve,Somewhat,Stayed the same,Fairly badly,Fairly badly,A few times a week,Every day,A few times a week,Every day,Every day,I voted in the election,Undecided/No Response,Secondary School,Skilled/Unskilled Labor
Rural,Kitui,23.0,Man,Primary school completed,Unemployed (Actively looking),Agriculture / farming / fishing / forestry,Going in the wrong direction,Very good,Strongly disapprove,A lot,Increased somewhat,Very badly,Very well,Every day,Never,A few times a week,Never,Never,I voted in the election,Wiper Democratic Movement (WDM–K),Primary School,Agriculture
Rural,Bomet,19.0,Woman,Secondary school / high school completed,Unemployed (Actively looking),Student,Going in the right direction,Fairly good,Approve,Somewhat,Increased somewhat,Fairly well,Fairly well,Every day,Less than once a month,Never,Every day,A few times a week,I was too young to vote,Undecided/No Response,Secondary School,Student
Rural,Kitui,31.0,Woman,Some primary schooling,Unemployed (Not looking),"Unskilled manual worker (e.g., cleaner, laborer, domestic help, unskilled manufacturing worker)",Going in the wrong direction,Fairly bad,Approve,Somewhat,Increased a lot,Fairly badly,Fairly well,Every day,Never,Never,Never,Never,I voted in the election,Would not vote,Primary School,Skilled/Unskilled Labor
Rural,Bomet,31.0,Woman,"Post-secondary qualifications, other than university e.g. a diploma or degree from a polytechnic or college",Unemployed (Actively looking),Agriculture / farming / fishing / forestry,Going in the right direction,Very good,Approve,Somewhat,Stayed the same,Very well,Fairly well,Every day,Never,Never,Every day,A few times a month,I voted in the election,United Democratic Alliance (UDA),Certificate/Diploma,Agriculture
Rural,Kitui,27.0,Man,Secondary school / high school completed,Unemployed (Actively looking),"Unskilled manual worker (e.g., cleaner, laborer, domestic help, unskilled manufacturing worker)",Going in the wrong direction,Fairly bad,Strongly approve,A lot,Increased a lot,Fairly badly,Fairly badly,Never,Never,Never,Never,Never,I voted in the election,United Democratic Alliance (UDA),Secondary School,Skilled/Unskilled Labor
Rural,Kitui,30.0,Woman,"Post-secondary qualifications, other than university e.g. a diploma or degree from a polytechnic or college",Unemployed (Actively looking),"Artisan or skilled manual worker (e.g., trades like electrician, mechanic, machinist or skilled manufacturing worker)",Going in the wrong direction,Very bad,Disapprove,Just a little,Increased a lot,Very badly,Fairly badly,A few times a week,Never,Never,Never,Never,I voted in the election,Wiper Democratic Movement (WDM–K),Certificate/Diploma,Skilled/Unskilled Labor
Rural,Bomet,33.0,Man,"Post-secondary qualifications, other than university e.g. a diploma or degree from a polytechnic or college",Unemployed (Not looking),Agriculture / farming / fishing / forestry,Going in the right direction,Fairly bad,Strongly approve,A lot,Decreased somewhat,Fairly well,Fairly well,Never,Every day,Never,Every day,Every day,I voted in the election,United Democratic Alliance (UDA),Certificate/Diploma,Agriculture
Rural,Meru,35.0,Woman,Primary school completed,Employed (Full-time),Retail / Shop,Going in the right direction,Fairly bad,Disapprove,Somewhat,Decreased somewhat,Fairly well,Fairly well,Every day,Every day,A few times a month,Every day,Every day,I voted in the election,Would not vote,Primary School,Trader
Urban,Baringo,27.0,Man,"Post-secondary qualifications, other than university e.g. a diploma or degree from a polytechnic or college",Unemployed (Actively looking),Never had a job,Going in the right direction,Very bad,Approve,Somewhat,Increased somewhat,Fairly well,Very badly,Every day,Every day,Never,Every day,Every day,I voted in the election,United Democratic Alliance (UDA),Certificate/Diploma,Undecided/No Response
Rural,Homa Bay,36.0,Man,Primary school completed,Unemployed (Actively looking),Agriculture / farming / fishing / forestry,Going in the wrong direction,Fairly good,Strongly disapprove,Just a little,Increased a lot,Very badly,Very badly,Every day,Never,Never,Never,Never,I voted in the election,Orange Democratic Movement (ODM),Primary School,Agriculture
Urban,Garissa,35.0,Woman,University completed,Employed (Full-time),"Mid-level professional (e.g., teacher, nurse, mid-level government officer)",Going in the wrong direction,Very bad,Strongly disapprove,Not at all,Increased a lot,Very badly,Very badly,Never,Every day,A few times a week,Every day,A few times a month,I voted in the election,Wiper Democratic Movement (WDM–K),Bachelors Degree,Professional
Urban,Baringo,19.0,Woman,"Post-secondary qualifications, other than university e.g. a diploma or degree from a polytechnic or college",Unemployed (Actively looking),Housewife / homemaker,Going in the right direction,Fairly bad,Approve,Just a little,Stayed the same,Fairly well,Fairly badly,Every day,Every day,Never,Every day,Every day,I voted in the election,United Democratic Alliance (UDA),Certificate/Diploma,Housewife
Rural,Homa Bay,86.0,Man,Primary school completed,Unemployed (Not looking),"Unskilled manual worker (e.g., cleaner, laborer, domestic help, unskilled manufacturing worker)",Going in the right direction,Very bad,Undecided/No Response,Somewhat,Increased a lot,Fairly badly,Fairly well,A few times a week,Never,Never,Never,Never,I voted in the election,Orange Democratic Movement (ODM),Primary School,Skilled/Unskilled Labor
Urban,Baringo,25.0,Man,University completed,Unemployed (Actively looking),Student,Going in the right direction,Fairly good,Approve,A lot,Increased somewhat,Very well,Fairly well,A few times a month,Every day,Never,Every day,Every day,I voted in the election,United Democratic Alliance (UDA),Bachelors Degree,Student
Rural,Homa Bay,19.0,Man,Primary school completed,Unemployed (Actively looking),Agriculture / farming / fishing / forestry,Going in the wrong direction,Neither good nor bad,Disapprove,Somewhat,Increased a lot,Very badly,Fairly well,Every day,Never,A few times a week,A few times a month,Never,I voted in the election,Orange Democratic Movement (ODM),Primary School,Agriculture
Urban,Garissa,21.0,Woman,Secondary school / high school completed,Employed (Full-time),Trader / hawker / vendor,Going in the wrong direction,Fairly bad,Strongly disapprove,Not at all,Increased a lot,Very badly,Very badly,Never,Every day,Less than once a month,Every day,Every day,I did not vote,Wiper Democratic Movement (WDM–K),Secondary School,Trader
Rural,Meru,43.0,Woman,Primary school completed,Employed (Part-time),Agriculture / farming / fishing / forestry,Going in the right direction,Neither good nor bad,Approve,Somewhat,Decreased somewhat,Fairly badly,Fairly badly,Every day,Every day,Never,Every day,Less than once a month,I voted in the election,Other,Primary School,Agriculture
Rural,Siaya,19.0,Man,Secondary school / high school completed,Unemployed (Actively looking),"Unskilled manual worker (e.g., cleaner, laborer, domestic help, unskilled manufacturing worker)",Going in the wrong direction,Fairly bad,Disapprove,A lot,Decreased somewhat,Fairly badly,Fairly well,Less than once a month,A few times a week,Never,Never,Never,I did not vote,Orange Democratic Movement (ODM),Secondary School,Skilled/Unskilled Labor
Rural,Siaya,48.0,Woman,Primary school completed,Unemployed (Actively looking),Agriculture / farming / fishing / forestry,Going in the wrong direction,Very bad,Strongly approve,Somewhat,Decreased somewhat,Fairly well,Very well,Every day,Every day,A few times a month,A few times a month,Less than once a month,I voted in the election,United Democratic Alliance (UDA),Primary School,Agriculture
Rural,Meru,21.0,Man,Intermediate school or Some secondary school / high school,Employed (Part-time),Trader / hawker / vendor,Going in the right direction,Very bad,Strongly disapprove,Not at all,Increased somewhat,Fairly badly,Very badly,A few times a week,Every day,Never,Every day,A few times a week,I voted in the election,Orange Democratic Movement (ODM),Secondary School,Trader
Rural,Meru,24.0,Woman,Secondary school / high school completed,Employed (Part-time),"Unskilled manual worker (e.g., cleaner, laborer, domestic help, unskilled manufacturing worker)",Going in the right direction,Neither good nor bad,Approve,A lot,Stayed the same,Fairly badly,Very badly,Never,Every day,Never,Every day,Every day,I voted in the election,United Democratic Alliance (UDA),Secondary School,Skilled/Unskilled Labor
Urban,Garissa,24.0,Man,"Post-secondary qualifications, other than university e.g. a diploma or degree from a polytechnic or college",Unemployed (Actively looking),Retail / Shop,Going in the wrong direction,Fairly good,Approve,Not at all,Increased a lot,Fairly badly,Fairly badly,Never,Every day,Never,Every day,Every day,I voted in the election,United Democratic Alliance (UDA),Certificate/Diploma,Trader
Urban,Kiambu,55.0,Man,"Post-secondary qualifications, other than university e.g. a diploma or degree from a polytechnic or college",Unemployed (Actively looking),"Mid-level professional (e.g., teacher, nurse, mid-level government officer)",Going in the right direction,Neither good nor bad,Approve,Somewhat,Stayed the same,Fairly well,Very badly,Less than once a month,Every day,Less than once a month,Every day,Every day,I voted in the election,United Democratic Alliance (UDA),Certificate/Diploma,Professional
Urban,Baringo,28.0,Man,Intermediate school or Some secondary school / high school,Unemployed (Actively looking),Agriculture / farming / fishing / forestry,Going in the right direction,Fairly good,Strongly approve,Somewhat,Increased a lot,Fairly well,Very badly,Every day,Every day,Never,Every day,Undecided/No Response,I voted in the election,United Democratic Alliance (UDA),Secondary School,Agriculture
Rural,Kakamega,55.0,Man,Primary school completed,Unemployed (Not looking),Agriculture / farming / fishing / forestry,Going in the right direction,Fairly bad,Strongly approve,Somewhat,Stayed the same,Very well,Fairly badly,A few times a week,Every day,Never,A few times a week,A few times a week,I voted in the election,United Democratic Alliance (UDA),Primary School,Agriculture
Rural,Kakamega,54.0,Woman,Primary school completed,Employed (Part-time),Trader / hawker / vendor,Going in the wrong direction,Fairly bad,Strongly disapprove,Not at all,Increased a lot,Fairly badly,Very badly,Every day,A few times a week,Never,Never,Never,I voted in the election,Orange Democratic Movement (ODM),Primary School,Trader
Urban,Mombasa,46.0,Man,"Post-secondary qualifications, other than university e.g. a diploma or degree from a polytechnic or college",Unemployed (Actively looking),"Mid-level professional (e.g., teacher, nurse, mid-level government officer)",Going in the right direction,Fairly bad,Strongly disapprove,Somewhat,Increased a lot,Very badly,Fairly well,Every day,Every day,Less than once a month,Every day,Every day,I voted in the election,Orange Democratic Movement (ODM),Certificate/Diploma,Professional
Rural,Siaya,34.0,Man,"Post-secondary qualifications, other than university e.g. a diploma or degree from a polytechnic or college",Unemployed (Actively looking),Trader / hawker / vendor,Going in the right direction,Neither good nor bad,Disapprove,Not at all,Stayed the same,Fairly well,Very badly,Every day,Never,Never,A few times a week,A few times a week,I voted in the election,Orange Democratic Movement (ODM),Certificate/Diploma,Trader
Urban,Mombasa,32.0,Woman,University completed,Employed (Part-time),Trader / hawker / vendor,Going in the wrong direction,Neither good nor bad,Disapprove,Just a little,Increased a lot,Fairly badly,Fairly badly,Never,Every day,A few times a month,Every day,Every day,I voted in the election,Would not vote,Bachelors Degree,Trader
Rural,Kakamega,46.0,Man,Secondary school / high school completed,Employed (Full-time),"Artisan or skilled manual worker (e.g., trades like electrician, mechanic, machinist or skilled manufacturing worker)",Going in the right direction,Fairly good,Approve,Somewhat,Stayed the same,Fairly well,Fairly badly,Every day,Every day,Less than once a month,Every day,Less than once a month,I voted in the election,United Democratic Alliance (UDA),Secondary School,Skilled/Unskilled Labor
Urban,Kajiado,34.0,Man,"Post-secondary qualifications, other than university e.g. a diploma or degree from a polytechnic or college",Employed (Full-time),Retail / Shop,Going in the wrong direction,Very bad,Strongly disapprove,Just a little,Increased a lot,Fairly badly,Very badly,Every day,A few times a month,Never,Every day,Every day,I did not vote,Wiper Democratic Movement (WDM–K),Certificate/Diploma,Trader
Rural,Siaya,63.0,Woman,Some primary schooling,Unemployed (Not looking),Agriculture / farming / fishing / forestry,Going in the wrong direction,Very bad,Approve,Just a little,Increased somewhat,Very badly,Very well,A few times a week,Never,Never,Never,Never,I voted in the election,Orange Democratic Movement (ODM),Primary School,Agriculture
Urban,Mombasa,60.0,Man,Primary school completed,Unemployed (Not looking),"Artisan or skilled manual worker (e.g., trades like electrician, mechanic, machinist or skilled manufacturing worker)",Going in the wrong direction,Fairly bad,Approve,Not at all,Stayed the same,Very badly,Very badly,A few times a week,Every day,Never,Less than once a month,Never,I voted in the election,United Democratic Alliance (UDA),Primary School,Skilled/Unskilled Labor
Urban,Kajiado,38.0,Man,Primary school completed,Employed (Full-time),"Artisan or skilled manual worker (e.g., trades like electrician, mechanic, machinist or skilled manufacturing worker)",Going in the wrong direction,Neither good nor bad,Strongly disapprove,Not at all,Increased a lot,Fairly badly,Very badly,Every day,A few times a week,A few times a month,Every day,Every day,I voted in the election,Would not vote,Primary School,Skilled/Unskilled Labor
Urban,Mombasa,47.0,Woman,Secondary school / high school completed,Employed (Full-time),Trader / hawker / vendor,Going in the wrong direction,Very bad,Strongly approve,A lot,Increased a lot,Fairly well,Fairly well,Every day,Every day,Never,Every day,Every day,I voted in the election,United Democratic Alliance (UDA),Secondary School,Trader
Urban,Kiambu,24.0,Man,"Post-secondary qualifications, other than university e.g. a diploma or degree from a polytechnic or college",Employed (Part-time),"Unskilled manual worker (e.g., cleaner, laborer, domestic help, unskilled manufacturing worker)",Going in the wrong direction,Very bad,Approve,Somewhat,Decreased somewhat,Fairly badly,Fairly well,Every day,Every day,A few times a week,Every day,Every day,I voted in the election,Orange Democratic Movement (ODM),Certificate/Diploma,Skilled/Unskilled Labor
Rural,Kakamega,30.0,Woman,Intermediate school or Some secondary school / high school,Unemployed (Actively looking),Agriculture / farming / fishing / forestry,Going in the right direction,Fairly good,Approve,A lot,Increased a lot,Fairly well,Fairly well,A few times a week,Never,Never,Never,Never,I voted in the election,United Democratic Alliance (UDA),Secondary School,Agriculture
Urban,Kajiado,32.0,Woman,Intermediate school or Some secondary school / high school,Employed (Part-time),Trader / hawker / vendor,Going in the right direction,Neither good nor bad,Approve,Just a little,Increased somewhat,Fairly well,Fairly well,Every day,Every day,Never,Less than once a month,Less than once a month,I voted in the election,Wiper Democratic Movement (WDM–K),Secondary School,Trader
Urban,Kiambu,30.0,Woman,"Post-secondary qualifications, other than university e.g. a diploma or degree from a polytechnic or college",Employed (Part-time),"Upper-level professional (e.g., banker/finance, doctor, lawyer, engineer, accountant, professor, senior-level government",Going in the right direction,Fairly bad,Approve,Somewhat,Stayed the same,Fairly well,Fairly badly,Never,Never,Never,Every day,Every day,I did not vote,Would not vote,Certificate/Diploma,Professional
Urban,Garissa,26.0,Man,"Post-secondary qualifications, other than university e.g. a diploma or degree from a polytechnic or college",Employed (Full-time),Retail / Shop,Going in the wrong direction,Fairly good,Approve,Just a little,Increased a lot,Fairly badly,Very badly,Never,A few times a week,Less than once a month,Every day,Every day,I voted in the election,United Democratic Alliance (UDA),Certificate/Diploma,Trader
Rural,Kitui,60.0,Man,Some primary schooling,Unemployed (Not looking),Never had a job,Going in the wrong direction,Very bad,Approve,Somewhat,Decreased somewhat,Very badly,Very badly,Every day,Never,Never,Never,Never,I voted in the election,Wiper Democratic Movement (WDM–K),Primary School,Undecided/No Response
Rural,Kitui,22.0,Woman,Secondary school / high school completed,Unemployed (Actively looking),Agriculture / farming / fishing / forestry,Going in the wrong direction,Very bad,Approve,Somewhat,Increased a lot,Fairly badly,Fairly badly,Every day,Never,Never,Never,Never,I voted in the election,Orange Democratic Movement (ODM),Secondary School,Agriculture
Rural,Kitui,32.0,Woman,Some primary schooling,Employed (Full-time),Retail / Shop,Going in the wrong direction,Neither good nor bad,Approve,Somewhat,Increased somewhat,Very badly,Very badly,Every day,Never,Never,Never,Never,I voted in the election,Orange Democratic Movement (ODM),Primary School,Trader
Rural,Kitui,72.0,Man,No formal schooling,Unemployed (Actively looking),Agriculture / farming / fishing / forestry,Going in the wrong direction,Very bad,Disapprove,Just a little,Increased a lot,Very badly,Very badly,Every day,Never,Never,Never,Never,I voted in the election,Wiper Democratic Movement (WDM–K),Informal Schooling,Agriculture
Urban,Kajiado,35.0,Man,Secondary school / high school completed,Employed (Part-time),Trader / hawker / vendor,Going in the wrong direction,Very bad,Strongly disapprove,Just a little,Increased a lot,Very badly,Very badly,Every day,Every day,Never,Every day,Less than once a month,I voted in the election,Wiper Democratic Movement (WDM–K),Secondary School,Trader
Urban,Kiambu,34.0,Woman,University completed,Unemployed (Actively looking),"Mid-level professional (e.g., teacher, nurse, mid-level government officer)",Going in the wrong direction,Fairly good,Approve,Somewhat,Increased a lot,Fairly well,Very badly,A few times a month,A few times a month,Never,Every day,Every day,I voted in the election,Other,Bachelors Degree,Professional
Urban,Mombasa,52.0,Man,Secondary school / high school completed,Unemployed (Actively looking),"Unskilled manual worker (e.g., cleaner, laborer, domestic help, unskilled manufacturing worker)",Going in the right direction,Fairly good,Disapprove,Somewhat,Increased somewhat,Fairly badly,Fairly badly,A few times a month,Every day,Less than once a month,Never,A few times a week,I voted in the election,KANU,Secondary School,Skilled/Unskilled Labor
Urban,Mombasa,27.0,Man,Primary school completed,Unemployed (Actively looking),"Unskilled manual worker (e.g., cleaner, laborer, domestic help, unskilled manufacturing worker)",Going in the right direction,Fairly bad,Strongly disapprove,Not at all,Increased a lot,Very badly,Very badly,Never,A few times a week,A few times a week,Never,Never,I did not vote,Orange Democratic Movement (ODM),Primary School,Skilled/Unskilled Labor
Urban,Mombasa,33.0,Woman,"Post-secondary qualifications, other than university e.g. a diploma or degree from a polytechnic or college",Unemployed (Actively looking),Retail / Shop,Going in the right direction,Neither good nor bad,Approve,Somewhat,Increased somewhat,Very badly,Fairly well,A few times a month,Every day,Less than once a month,Every day,Every day,I did not vote,Would not vote,Certificate/Diploma,Trader
Rural,Trans-Zoia,40.0,Woman,Some primary schooling,Unemployed (Actively looking),"Unskilled manual worker (e.g., cleaner, laborer, domestic help, unskilled manufacturing worker)",Going in the wrong direction,Very bad,Strongly approve,A lot,Decreased a lot,Very badly,Fairly well,Every day,Never,Less than once a month,Never,Never,I voted in the election,United Democratic Alliance (UDA),Primary School,Skilled/Unskilled Labor
Urban,Kajiado,31.0,Woman,Secondary school / high school completed,Unemployed (Not looking),Trader / hawker / vendor,Going in the wrong direction,Neither good nor bad,Strongly disapprove,Just a little,Increased a lot,Very badly,Very badly,Every day,A few times a week,Never,Every day,Every day,I did not vote,Would not vote,Secondary School,Trader
Urban,Kajiado,34.0,Woman,Primary school completed,Unemployed (Actively looking),Never had a job,Going in the wrong direction,Very bad,Strongly disapprove,Just a little,Increased a lot,Very badly,Very badly,Every day,Never,Never,Every day,Every day,I voted in the election,Wiper Democratic Movement (WDM–K),Primary School,Undecided/No Response
Urban,Samburu,66.0,Man,Primary school completed,Unemployed (Not looking),"Security services (police, army, private security)",Going in the wrong direction,Fairly bad,Strongly disapprove,Not at all,Increased a lot,Very badly,Very badly,Every day,Never,Never,Never,Never,I voted in the election,Would not vote,Primary School,Security Services
Urban,Samburu,49.0,Man,Some primary schooling,Unemployed (Actively looking),"Artisan or skilled manual worker (e.g., trades like electrician, mechanic, machinist or skilled manufacturing worker)",Going in the wrong direction,Fairly bad,Strongly approve,Not at all,Increased somewhat,Very well,Fairly well,Never,Every day,Never,Never,A few times a week,I voted in the election,United Democratic Alliance (UDA),Primary School,Skilled/Unskilled Labor
Rural,Trans-Zoia,27.0,Man,Intermediate school or Some secondary school / high school,Unemployed (Actively looking),Agriculture / farming / fishing / forestry,Going in the right direction,Very bad,Disapprove,Somewhat,Increased a lot,Fairly badly,Very badly,Every day,A few times a week,Never,Less than once a month,Less than once a month,I did not vote,Orange Democratic Movement (ODM),Secondary School,Agriculture
Urban,Samburu,32.0,Woman,Intermediate school or Some secondary school / high school,Unemployed (Actively looking),Retail / Shop,Going in the wrong direction,Fairly bad,Strongly disapprove,Somewhat,Increased somewhat,Fairly badly,Fairly well,A few times a week,Never,Never,A few times a week,Never,I voted in the election,Would not vote,Secondary School,Trader
Urban,Samburu,25.0,Woman,Secondary school / high school completed,Employed (Full-time),Trader / hawker / vendor,Going in the wrong direction,Fairly bad,Strongly disapprove,Not at all,Increased a lot,Very badly,Fairly badly,Every day,A few times a week,Never,Every day,Every day,I did not vote,Orange Democratic Movement (ODM),Secondary School,Trader
Rural,Trans-Zoia,42.0,Woman,Secondary school / high school completed,Employed (Part-time),"Unskilled manual worker (e.g., cleaner, laborer, domestic help, unskilled manufacturing worker)",Going in the wrong direction,Fairly bad,Approve,Just a little,Stayed the same,Fairly well,Fairly badly,Every day,Every day,Never,Every day,Undecided/No Response,I voted in the election,Undecided/No Response,Secondary School,Skilled/Unskilled Labor
Urban,Mombasa,38.0,Woman,Primary school completed,Employed (Full-time),"Unskilled manual worker (e.g., cleaner, laborer, domestic help, unskilled manufacturing worker)",Going in the wrong direction,Fairly bad,Approve,Not at all,Decreased somewhat,Fairly well,Fairly well,Every day,Every day,Never,Never,Never,I voted in the election,United Democratic Alliance (UDA),Primary School,Skilled/Unskilled Labor
Rural,Trans-Zoia,23.0,Man,Secondary school / high school completed,Unemployed (Actively looking),"Artisan or skilled manual worker (e.g., trades like electrician, mechanic, machinist or skilled manufacturing worker)",Going in the wrong direction,Fairly bad,Strongly approve,A lot,Increased somewhat,Fairly badly,Very well,A few times a week,Never,Never,A few times a week,A few times a week,I voted in the election,United Democratic Alliance (UDA),Secondary School,Skilled/Unskilled Labor
Urban,Kajiado,24.0,Man,University completed,Employed (Full-time),Trader / hawker / vendor,Going in the right direction,Fairly good,Disapprove,Just a little,Increased somewhat,Very badly,Very badly,A few times a week,Every day,Less than once a month,Every day,A few times a month,I voted in the election,Wiper Democratic Movement (WDM–K),Bachelors Degree,Trader
Urban,Kajiado,44.0,Woman,Secondary school / high school completed,Employed (Part-time),Retail / Shop,Going in the wrong direction,Very bad,Disapprove,Just a little,Increased a lot,Very badly,Very badly,Every day,Every day,Never,Every day,A few times a week,I voted in the election,Would not vote,Secondary School,Trader
Rural,Bomet,19.0,Man,Secondary school / high school completed,Unemployed (Actively looking),Never had a job,Going in the right direction,Fairly good,Strongly approve,A lot,Stayed the same,Fairly well,Fairly badly,Every day,Every day,Never,Every day,A few times a week,I did not vote,United Democratic Alliance (UDA),Secondary School,Undecided/No Response
Rural,Bomet,28.0,Woman,Some primary schooling,Employed (Full-time),Trader / hawker / vendor,Going in the right direction,Very bad,Strongly approve,A lot,Decreased a lot,Fairly well,Fairly well,A few times a week,A few times a month,Never,Every day,Every day,I voted in the election,United Democratic Alliance (UDA),Primary School,Trader
Rural,Isiolo,19.0,Man,Intermediate school or Some secondary school / high school,Unemployed (Actively looking),Student,Going in the wrong direction,Fairly bad,Disapprove,A lot,Increased somewhat,Fairly well,Fairly badly,Every day,Every day,A few times a month,A few times a week,A few times a week,I was too young to vote,United Democratic Alliance (UDA),Secondary School,Student
Rural,Isiolo,18.0,Man,Secondary school / high school completed,Employed (Part-time),Trader / hawker / vendor,Going in the wrong direction,Neither good nor bad,Disapprove,Just a little,Increased somewhat,Fairly badly,Fairly well,Never,Every day,Never,Every day,Every day,I was too young to vote,Roots Party of Kenya (RPK),Secondary School,Trader
Rural,Isiolo,44.0,Woman,Some primary schooling,Unemployed (Actively looking),Agriculture / farming / fishing / forestry,Going in the wrong direction,Fairly bad,Strongly disapprove,Not at all,Increased a lot,Very badly,Very badly,Every day,Every day,Never,Never,Never,I voted in the election,Would not vote,Primary School,Agriculture
Rural,Bomet,28.0,Woman,Secondary school / high school completed,Unemployed (Actively looking),Housewife / homemaker,Going in the wrong direction,Very bad,Approve,Just a little,Increased somewhat,Fairly badly,Fairly badly,Every day,Less than once a month,Never,Never,Never,I voted in the election,Undecided/No Response,Secondary School,Housewife
Rural,Bomet,30.0,Man,University completed,Employed (Full-time),"Mid-level professional (e.g., teacher, nurse, mid-level government officer)",Going in the right direction,Fairly good,Approve,Just a little,Stayed the same,Very well,Fairly well,Every day,Every day,Less than once a month,Every day,Every day,I voted in the election,United Democratic Alliance (UDA),Bachelors Degree,Professional
Rural,Trans-Zoia,40.0,Man,Secondary school / high school completed,Unemployed (Actively looking),Never had a job,Going in the wrong direction,Neither good nor bad,Strongly disapprove,Somewhat,Increased a lot,Very badly,Very badly,Every day,A few times a month,A few times a month,Never,Never,I voted in the election,Would not vote,Secondary School,Undecided/No Response
Urban,Samburu,40.0,Man,"Post-secondary qualifications, other than university e.g. a diploma or degree from a polytechnic or college",Employed (Full-time),Agriculture / farming / fishing / forestry,Going in the wrong direction,Neither good nor bad,Strongly approve,Just a little,Increased somewhat,Fairly well,Fairly well,A few times a week,Every day,A few times a month,Every day,Never,I voted in the election,Undecided/No Response,Certificate/Diploma,Agriculture
Rural,Isiolo,25.0,Woman,Secondary school / high school completed,Unemployed (Actively looking),Trader / hawker / vendor,Going in the right direction,Fairly good,Approve,Not at all,Decreased somewhat,Fairly well,Very well,Every day,Every day,Never,A few times a month,A few times a week,I voted in the election,United Democratic Alliance (UDA),Secondary School,Trader
Rural,Trans-Zoia,60.0,Woman,Primary school completed,Unemployed (Not looking),Agriculture / farming / fishing / forestry,Going in the wrong direction,Very bad,Disapprove,Just a little,Increased a lot,Very badly,Very badly,Every day,Never,Never,Never,Never,I voted in the election,Undecided/No Response,Primary School,Agriculture
Urban,Samburu,45.0,Woman,Secondary school / high school completed,Employed (Full-time),Trader / hawker / vendor,Going in the wrong direction,Fairly bad,Approve,Somewhat,Stayed the same,Very well,Fairly badly,Never,Never,Never,Never,Never,I did not vote,United Democratic Alliance (UDA),Secondary School,Trader
Rural,Trans-Zoia,44.0,Woman,Intermediate school or Some secondary school / high school,Employed (Part-time),"Unskilled manual worker (e.g., cleaner, laborer, domestic help, unskilled manufacturing worker)",Going in the wrong direction,Very bad,Approve,Just a little,Increased a lot,Very badly,Very badly,Every day,Never,Never,Every day,A few times a week,I voted in the election,Would not vote,Secondary School,Skilled/Unskilled Labor
Rural,Trans-Zoia,18.0,Man,Intermediate school or Some secondary school / high school,Unemployed (Not looking),Student,Going in the wrong direction,Very bad,Disapprove,Just a little,Increased a lot,Fairly badly,Very badly,A few times a week,Every day,A few times a month,A few times a month,Undecided/No Response,I was too young to vote,Orange Democratic Movement (ODM),Secondary School,Student
Urban,Baringo,21.0,Woman,"Post-secondary qualifications, other than university e.g. a diploma or degree from a polytechnic or college",Employed (Part-time),"Artisan or skilled manual worker (e.g., trades like electrician, mechanic, machinist or skilled manufacturing worker)",Going in the right direction,Fairly good,Strongly disapprove,Not at all,Stayed the same,Very well,Very badly,Never,Never,A few times a month,Every day,Every day,I did not vote,Orange Democratic Movement (ODM),Certificate/Diploma,Skilled/Unskilled Labor
Urban,Baringo,25.0,Woman,"Post-secondary qualifications, other than university e.g. a diploma or degree from a polytechnic or college",Unemployed (Actively looking),"Unskilled manual worker (e.g., cleaner, laborer, domestic help, unskilled manufacturing worker)",Going in the right direction,Fairly bad,Approve,Just a little,Increased somewhat,Fairly well,Very well,A few times a month,Every day,Never,Every day,A few times a week,I voted in the election,United Democratic Alliance (UDA),Certificate/Diploma,Skilled/Unskilled Labor
Urban,Samburu,19.0,Woman,Secondary school / high school completed,Unemployed (Not looking),Student,Going in the wrong direction,Fairly bad,Strongly disapprove,Not at all,Increased a lot,Very badly,Very badly,Every day,A few times a week,Never,Every day,Every day,I voted in the election,NARC – Kenya,Secondary School,Student
Rural,Bomet,37.0,Man,Intermediate school or Some secondary school / high school,Employed (Full-time),Other,Going in the right direction,Very good,Strongly approve,A lot,Decreased a lot,Fairly well,Fairly well,Every day,A few times a week,Never,Never,Never,I voted in the election,United Democratic Alliance (UDA),Secondary School,Undecided/No Response
Urban,Baringo,40.0,Man,Some primary schooling,Unemployed (Not looking),"Unskilled manual worker (e.g., cleaner, laborer, domestic help, unskilled manufacturing worker)",Going in the right direction,Neither good nor bad,Disapprove,A lot,Increased a lot,Fairly badly,Fairly badly,Every day,Never,Never,Never,Never,I voted in the election,United Democratic Alliance (UDA),Primary School,Skilled/Unskilled Labor
Rural,Isiolo,29.0,Woman,Intermediate school or Some secondary school / high school,Unemployed (Actively looking),Agriculture / farming / fishing / forestry,Going in the wrong direction,Fairly bad,Strongly disapprove,Not at all,Increased somewhat,Fairly badly,Fairly well,A few times a week,Every day,A few times a month,Every day,Every day,I voted in the election,Orange Democratic Movement (ODM),Secondary School,Agriculture
Urban,Baringo,31.0,Man,"Post-secondary qualifications, other than university e.g. a diploma or degree from a polytechnic or college",Employed (Full-time),"Upper-level professional (e.g., banker/finance, doctor, lawyer, engineer, accountant, professor, senior-level government",Going in the wrong direction,Fairly good,Disapprove,Somewhat,Stayed the same,Fairly badly,Fairly well,Every day,Every day,A few times a week,Every day,Every day,I voted in the election,Undecided/No Response,Certificate/Diploma,Professional
Urban,Samburu,30.0,Man,Primary school completed,Employed (Full-time),"Unskilled manual worker (e.g., cleaner, laborer, domestic help, unskilled manufacturing worker)",Going in the wrong direction,Fairly bad,Approve,Just a little,Increased a lot,Fairly badly,Fairly badly,Every day,A few times a week,A few times a week,A few times a week,A few times a week,I voted in the election,Undecided/No Response,Primary School,Skilled/Unskilled Labor
Rural,Isiolo,55.0,Man,Primary school completed,Employed (Full-time),"Security services (police, army, private security)",Going in the right direction,Fairly good,Strongly approve,Somewhat,Stayed the same,Very well,Fairly well,Every day,Every day,A few times a week,Every day,Never,I voted in the election,United Democratic Alliance (UDA),Primary School,Security Services
Rural,Isiolo,21.0,Woman,Intermediate school or Some secondary school / high school,Employed (Full-time),Trader / hawker / vendor,Going in the wrong direction,Neither good nor bad,Strongly disapprove,Just a little,Increased a lot,Very badly,Fairly well,Every day,Every day,Never,Every day,Every day,I was too young to vote,Undecided/No Response,Secondary School,Trader
Rural,Isiolo,45.0,Man,Primary school completed,Unemployed (Actively looking),Agriculture / farming / fishing / forestry,Going in the wrong direction,Very bad,Approve,Not at all,Increased a lot,Very badly,Very badly,Less than once a month,Less than once a month,Never,Never,Never,I voted in the election,Jubilee Alliance Party (JAP),Primary School,Agriculture
Urban,Kiambu,40.0,Woman,Secondary school / high school completed,Unemployed (Actively looking),"Mid-level professional (e.g., teacher, nurse, mid-level government officer)",Going in the right direction,Fairly good,Disapprove,Somewhat,Increased somewhat,Fairly well,Fairly badly,A few times a week,A few times a week,Less than once a month,Every day,Every day,I voted in the election,United Democratic Alliance (UDA),Secondary School,Professional
Urban,Kiambu,50.0,Woman,Secondary school / high school completed,Employed (Full-time),Trader / hawker / vendor,Going in the wrong direction,Very bad,Approve,Not at all,Increased a lot,Very badly,Very badly,Every day,Never,Never,Never,Never,I voted in the election,Would not vote,Secondary School,Trader
Urban,Homa Bay,44.0,Woman,Secondary school / high school completed,Employed (Part-time),Trader / hawker / vendor,Going in the wrong direction,Fairly bad,Disapprove,Somewhat,Increased somewhat,Fairly badly,Fairly badly,Every day,Every day,A few times a month,A few times a week,A few times a week,I voted in the election,Orange Democratic Movement (ODM),Secondary School,Trader
Urban,Kiambu,19.0,Man,Secondary school / high school completed,Employed (Part-time),Clerical or secretarial,Going in the right direction,Fairly good,Disapprove,Somewhat,Increased somewhat,Fairly badly,Fairly well,Never,A few times a week,Never,Every day,Every day,I did not vote,United Democratic Alliance (UDA),Secondary School,Professional
Urban,Homa Bay,60.0,Woman,Intermediate school or Some secondary school / high school,Unemployed (Not looking),Undecided/No Response,Going in the wrong direction,Very bad,Strongly disapprove,Just a little,Decreased somewhat,Very badly,Fairly well,Every day,Every day,Less than once a month,Never,Never,I voted in the election,Undecided/No Response,Secondary School,Undecided/No Response
Urban,Siaya,61.0,Man,Secondary school / high school completed,Unemployed (Not looking),Clerical or secretarial,Going in the wrong direction,Very bad,Strongly disapprove,Just a little,Increased a lot,Very badly,Very badly,Every day,Every day,A few times a month,A few times a month,A few times a week,I voted in the election,Orange Democratic Movement (ODM),Secondary School,Professional
Rural,Bomet,23.0,Man,Secondary school / high school completed,Unemployed (Actively looking),Agriculture / farming / fishing / forestry,Going in the right direction,Fairly good,Approve,A lot,Stayed the same,Fairly well,Fairly badly,A few times a week,A few times a week,Never,Every day,A few times a week,I did not vote,United Democratic Alliance (UDA),Secondary School,Agriculture
Urban,Homa Bay,22.0,Woman,Some university,Unemployed (Actively looking),Student,Going in the right direction,Fairly bad,Approve,Just a little,Increased a lot,Fairly well,Fairly badly,A few times a week,Every day,Never,Every day,Every day,I did not vote,Would not vote,Bachelors Degree,Student
Urban,Kiambu,34.0,Man,"Post-secondary qualifications, other than university e.g. a diploma or degree from a polytechnic or college",Employed (Full-time),Trader / hawker / vendor,Going in the right direction,Fairly good,Disapprove,Somewhat,Decreased somewhat,Fairly well,Fairly badly,Every day,Every day,A few times a week,Every day,Every day,I did not vote,Other,Certificate/Diploma,Trader
Urban,Siaya,19.0,Woman,Secondary school / high school completed,Unemployed (Actively looking),Trader / hawker / vendor,Going in the wrong direction,Neither good nor bad,Disapprove,Just a little,Decreased somewhat,Fairly well,Fairly badly,Every day,Every day,Never,Never,Never,I did not vote,Orange Democratic Movement (ODM),Secondary School,Trader
Urban,Homa Bay,22.0,Man,Some university,Unemployed (Not looking),Student,Going in the wrong direction,Fairly bad,Disapprove,Not at all,Increased somewhat,Fairly badly,Fairly badly,A few times a week,Never,Never,Every day,Every day,I did not vote,Undecided/No Response,Bachelors Degree,Student
Urban,Siaya,63.0,Man,Some primary schooling,Employed (Full-time),"Artisan or skilled manual worker (e.g., trades like electrician, mechanic, machinist or skilled manufacturing worker)",Going in the wrong direction,Very bad,Strongly approve,Just a little,Increased a lot,Fairly badly,Very well,Never,Never,Never,A few times a month,Never,I voted in the election,Undecided/No Response,Primary School,Skilled/Unskilled Labor
Rural,Bomet,32.0,Woman,"Post-secondary qualifications, other than university e.g. a diploma or degree from a polytechnic or college",Employed (Part-time),"Mid-level professional (e.g., teacher, nurse, mid-level government officer)",Going in the right direction,Fairly good,Approve,Somewhat,Decreased somewhat,Fairly well,Fairly well,Less than once a month,A few times a week,Never,A few times a week,A few times a month,I voted in the election,United Democratic Alliance (UDA),Certificate/Diploma,Professional
Rural,Bomet,21.0,Woman,University completed,Unemployed (Actively looking),"Upper-level professional (e.g., banker/finance, doctor, lawyer, engineer, accountant, professor, senior-level government",Going in the wrong direction,Very bad,Strongly disapprove,Not at all,Increased a lot,Very badly,Fairly badly,A few times a week,Every day,A few times a week,Every day,Every day,I voted in the election,Orange Democratic Movement (ODM),Bachelors Degree,Professional
Urban,Baringo,40.0,Man,Secondary school / high school completed,Employed (Full-time),Retail / Shop,Going in the wrong direction,Fairly bad,Approve,Somewhat,Stayed the same,Fairly badly,Fairly badly,Every day,Every day,Never,Never,Never,I did not vote,United Democratic Alliance (UDA),Secondary School,Trader
Urban,Siaya,21.0,Woman,"Post-secondary qualifications, other than university e.g. a diploma or degree from a polytechnic or college",Employed (Full-time),Trader / hawker / vendor,Going in the wrong direction,Neither good nor bad,Strongly disapprove,Not at all,Increased somewhat,Very badly,Very badly,Every day,Every day,Never,A few times a week,Every day,I voted in the election,Orange Democratic Movement (ODM),Certificate/Diploma,Trader
Urban,Kiambu,34.0,Man,Primary school completed,Employed (Full-time),"Security services (police, army, private security)",Going in the wrong direction,Fairly good,Approve,Somewhat,Decreased somewhat,Fairly badly,Fairly well,Every day,Every day,Never,A few times a week,A few times a week,I voted in the election,United Democratic Alliance (UDA),Primary School,Security Services
Urban,Baringo,37.0,Man,University completed,Employed (Full-time),"Mid-level professional (e.g., teacher, nurse, mid-level government officer)",Going in the right direction,Fairly good,Approve,Not at all,Increased a lot,Fairly well,Fairly badly,Less than once a month,Every day,Never,Every day,Every day,I voted in the election,United Democratic Alliance (UDA),Bachelors Degree,Professional
Urban,Baringo,42.0,Woman,Secondary school / high school completed,Unemployed (Not looking),Housewife / homemaker,Going in the right direction,Neither good nor bad,Undecided/No Response,Undecided/No Response,Stayed the same,Fairly well,Fairly well,Every day,Every day,Less than once a month,A few times a week,A few times a month,I voted in the election,Undecided/No Response,Secondary School,Housewife
Urban,Kiambu,38.0,Woman,Intermediate school or Some secondary school / high school,Unemployed (Actively looking),"Unskilled manual worker (e.g., cleaner, laborer, domestic help, unskilled manufacturing worker)",Going in the right direction,Fairly good,Strongly approve,Just a little,Decreased somewhat,Fairly well,Fairly well,A few times a week,A few times a week,Never,Never,Never,I voted in the election,United Democratic Alliance (UDA),Secondary School,Skilled/Unskilled Labor
Urban,Siaya,27.0,Man,"Post-secondary qualifications, other than university e.g. a diploma or degree from a polytechnic or college",Employed (Full-time),Agriculture / farming / fishing / forestry,Going in the wrong direction,Very bad,Strongly disapprove,Somewhat,Increased a lot,Very badly,Very badly,Every day,Every day,Every day,A few times a week,A few times a week,I voted in the election,Orange Democratic Movement (ODM),Certificate/Diploma,Agriculture
Urban,Kiambu,35.0,Man,University completed,Employed (Part-time),Trader / hawker / vendor,Going in the wrong direction,Very bad,Disapprove,Just a little,Increased a lot,Very badly,Very badly,Never,Never,Never,Every day,Every day,I did not vote,Would not vote,Bachelors Degree,Trader
Urban,Baringo,25.0,Woman,Secondary school / high school completed,Unemployed (Actively looking),Housewife / homemaker,Going in the right direction,Fairly good,Strongly approve,Somewhat,Increased somewhat,Fairly well,Fairly well,Every day,Every day,Never,A few times a week,A few times a week,I voted in the election,Other,Secondary School,Housewife
Urban,Siaya,22.0,Woman,"Post-secondary qualifications, other than university e.g. a diploma or degree from a polytechnic or college",Unemployed (Actively looking),Student,Going in the right direction,Fairly good,Strongly disapprove,Just a little,Stayed the same,Fairly well,Very badly,A few times a week,Never,A few times a week,Every day,A few times a week,I voted in the election,Orange Democratic Movement (ODM),Certificate/Diploma,Student
Urban,Siaya,35.0,Woman,Secondary school / high school completed,Unemployed (Actively looking),Trader / hawker / vendor,Going in the wrong direction,Very bad,Strongly disapprove,Just a little,Increased a lot,Very badly,Undecided/No Response,Never,Never,Never,Never,Never,I voted in the election,Would not vote,Secondary School,Trader
Urban,Kiambu,30.0,Woman,Secondary school / high school completed,Employed (Part-time),"Artisan or skilled manual worker (e.g., trades like electrician, mechanic, machinist or skilled manufacturing worker)",Going in the right direction,Very bad,Approve,Somewhat,Increased a lot,Very badly,Very badly,Never,Every day,Never,Every day,A few times a week,I voted in the election,United Democratic Alliance (UDA),Secondary School,Skilled/Unskilled Labor
Urban,Siaya,34.0,Man,University completed,Employed (Full-time),"Mid-level professional (e.g., teacher, nurse, mid-level government officer)",Going in the wrong direction,Neither good nor bad,Strongly disapprove,Not at all,Increased a lot,Very badly,Very badly,Every day,Every day,Every day,Every day,Every day,I voted in the election,Orange Democratic Movement (ODM),Bachelors Degree,Professional
Urban,Kericho,22.0,Woman,Secondary school / high school completed,Unemployed (Actively looking),Housewife / homemaker,Going in the right direction,Fairly good,Strongly approve,A lot,Decreased somewhat,Very well,Fairly well,Every day,Every day,Every day,Every day,Every day,I did not vote,Undecided/No Response,Secondary School,Housewife
Urban,Kericho,48.0,Woman,Secondary school / high school completed,Employed (Full-time),Agriculture / farming / fishing / forestry,Going in the wrong direction,Very bad,Approve,A lot,Increased somewhat,Fairly well,Very badly,Every day,Every day,Every day,A few times a month,A few times a month,I voted in the election,United Democratic Alliance (UDA),Secondary School,Agriculture
Rural,Kakamega,35.0,Woman,Secondary school / high school completed,Unemployed (Actively looking),Housewife / homemaker,Going in the wrong direction,Very bad,Disapprove,Just a little,Increased a lot,Fairly badly,Very badly,A few times a month,Every day,Never,Never,Never,I voted in the election,Orange Democratic Movement (ODM),Secondary School,Housewife
Urban,Kericho,56.0,Man,Secondary school / high school completed,Unemployed (Not looking),Agriculture / farming / fishing / forestry,Going in the right direction,Fairly good,Strongly approve,Somewhat,Stayed the same,Very well,Fairly well,Every day,Every day,Less than once a month,A few times a week,Less than once a month,I voted in the election,United Democratic Alliance (UDA),Secondary School,Agriculture
Urban,Kericho,24.0,Man,"Post-secondary qualifications, other than university e.g. a diploma or degree from a polytechnic or college",Employed (Part-time),Trader / hawker / vendor,Going in the right direction,Fairly good,Strongly approve,A lot,Stayed the same,Fairly well,Fairly well,A few times a week,Every day,Never,Every day,Every day,I voted in the election,United Democratic Alliance (UDA),Certificate/Diploma,Trader
Rural,Kakamega,52.0,Man,Intermediate school or Some secondary school / high school,Unemployed (Not looking),Other,Going in the wrong direction,Very bad,Disapprove,Somewhat,Increased somewhat,Fairly well,Fairly badly,Every day,A few times a month,Never,A few times a week,A few times a week,I voted in the election,Orange Democratic Movement (ODM),Secondary School,Undecided/No Response
Urban,Homa Bay,24.0,Man,Some university,Employed (Part-time),Student,Going in the wrong direction,Fairly good,Approve,Just a little,Decreased somewhat,Fairly well,Fairly well,Every day,Every day,Never,Every day,Every day,I voted in the election,United Democratic Alliance (UDA),Bachelors Degree,Student
Urban,Homa Bay,24.0,Man,Secondary school / high school completed,Employed (Full-time),"Artisan or skilled manual worker (e.g., trades like electrician, mechanic, machinist or skilled manufacturing worker)",Going in the right direction,Fairly bad,Disapprove,A lot,Increased somewhat,Fairly badly,Fairly well,A few times a week,A few times a week,Never,Every day,Never,I did not vote,Orange Democratic Movement (ODM),Secondary School,Skilled/Unskilled Labor
Urban,Homa Bay,32.0,Woman,Some primary schooling,Unemployed (Actively looking),Trader / hawker / vendor,Going in the wrong direction,Very bad,Strongly disapprove,Just a little,Increased a lot,Fairly badly,Very badly,A few times a week,A few times a week,Never,A few times a week,A few times a week,I voted in the election,Would not vote,Primary School,Trader
Rural,Siaya,64.0,Man,Primary school completed,Unemployed (Actively looking),Agriculture / farming / fishing / forestry,Going in the wrong direction,Very bad,Strongly disapprove,Just a little,Increased a lot,Very badly,Very badly,Every day,Never,Never,Never,Never,I voted in the election,Undecided/No Response,Primary School,Agriculture
Rural,Kakamega,82.0,Woman,No formal schooling,Unemployed (Not looking),Agriculture / farming / fishing / forestry,Going in the wrong direction,Fairly bad,Disapprove,Just a little,Increased a lot,Fairly well,Fairly badly,Every day,Never,Never,Never,Never,I voted in the election,Would not vote,Informal Schooling,Agriculture
Rural,Kitui,63.0,Man,University completed,Unemployed (Actively looking),Agriculture / farming / fishing / forestry,Going in the wrong direction,Neither good nor bad,Strongly approve,Not at all,Increased a lot,Very badly,Very badly,A few times a week,Every day,Never,Every day,Every day,I voted in the election,Wiper Democratic Movement (WDM–K),Bachelors Degree,Agriculture
Urban,Homa Bay,60.0,Man,Post-graduate,Unemployed (Not looking),"Upper-level professional (e.g., banker/finance, doctor, lawyer, engineer, accountant, professor, senior-level government",Undecided/No Response,Fairly good,Disapprove,Just a little,Increased somewhat,Fairly badly,Very badly,Every day,Every day,A few times a week,Every day,Every day,I voted in the election,Orange Democratic Movement (ODM),Masters/PhD,Professional
Rural,Kitui,56.0,Woman,Primary school completed,Employed (Full-time),Retail / Shop,Going in the wrong direction,Neither good nor bad,Approve,A lot,Increased a lot,Very badly,Very badly,Every day,Never,Never,Never,Never,I voted in the election,Wiper Democratic Movement (WDM–K),Primary School,Trader
Rural,Siaya,30.0,Woman,"Post-secondary qualifications, other than university e.g. a diploma or degree from a polytechnic or college",Unemployed (Actively looking),Trader / hawker / vendor,Undecided/No Response,Very bad,Approve,Just a little,Increased a lot,Fairly badly,Fairly badly,A few times a month,Every day,Less than once a month,A few times a week,A few times a week,I voted in the election,Undecided/No Response,Certificate/Diploma,Trader
Rural,Siaya,25.0,Man,Secondary school / high school completed,Unemployed (Not looking),Agriculture / farming / fishing / forestry,Going in the wrong direction,Fairly bad,Strongly disapprove,Somewhat,Increased a lot,Very badly,Very badly,Every day,Every day,Never,Every day,Every day,I voted in the election,Other,Secondary School,Agriculture
Rural,Siaya,42.0,Woman,"Post-secondary qualifications, other than university e.g. a diploma or degree from a polytechnic or college",Employed (Full-time),Trader / hawker / vendor,Going in the wrong direction,Neither good nor bad,Disapprove,Not at all,Increased somewhat,Very badly,Very badly,Every day,Every day,Less than once a month,Never,A few times a week,I voted in the election,Orange Democratic Movement (ODM),Certificate/Diploma,Trader
Rural,Kitui,75.0,Man,Primary school completed,Unemployed (Not looking),Agriculture / farming / fishing / forestry,Going in the wrong direction,Very bad,Approve,Not at all,Increased a lot,Fairly badly,Fairly badly,Every day,Never,Never,Never,Never,I voted in the election,Wiper Democratic Movement (WDM–K),Primary School,Agriculture
Rural,Kakamega,70.0,Man,Intermediate school or Some secondary school / high school,Unemployed (Not looking),Agriculture / farming / fishing / forestry,Going in the wrong direction,Very bad,Approve,Not at all,Increased a lot,Fairly badly,Very badly,Every day,Never,Never,Never,Never,I voted in the election,Orange Democratic Movement (ODM),Secondary School,Agriculture
Rural,Kitui,69.0,Man,Intermediate school or Some secondary school / high school,Employed (Full-time),Agriculture / farming / fishing / forestry,Going in the wrong direction,Very bad,Approve,Just a little,Increased a lot,Fairly badly,Fairly badly,Every day,Every day,Less than once a month,A few times a week,A few times a month,I voted in the election,Wiper Democratic Movement (WDM–K),Secondary School,Agriculture
Rural,Kiambu,22.0,Woman,Secondary school / high school completed,Unemployed (Actively looking),Student,Going in the right direction,Neither good nor bad,Approve,Somewhat,Decreased somewhat,Fairly well,Fairly well,Every day,Every day,Never,Every day,Every day,I did not vote,Undecided/No Response,Secondary School,Student
Rural,Kiambu,60.0,Man,Primary school completed,Employed (Part-time),Agriculture / farming / fishing / forestry,Going in the wrong direction,Very bad,Approve,Somewhat,Stayed the same,Very badly,Fairly badly,A few times a week,Every day,Never,Never,Never,I voted in the election,United Democratic Alliance (UDA),Primary School,Agriculture
Rural,Kiambu,25.0,Woman,Secondary school / high school completed,Employed (Full-time),Trader / hawker / vendor,Going in the right direction,Neither good nor bad,Approve,Just a little,Decreased somewhat,Fairly badly,Fairly well,A few times a week,Every day,Never,Every day,Every day,I did not vote,Would not vote,Secondary School,Trader
Rural,Kiambu,40.0,Man,Secondary school / high school completed,Employed (Full-time),Retail / Shop,Going in the wrong direction,Very bad,Strongly disapprove,Just a little,Stayed the same,Fairly badly,Very badly,Every day,Every day,A few times a month,Every day,A few times a week,I voted in the election,Orange Democratic Movement (ODM),Secondary School,Trader
Urban,Kericho,28.0,Woman,University completed,Unemployed (Actively looking),"Mid-level professional (e.g., teacher, nurse, mid-level government officer)",Going in the right direction,Neither good nor bad,Approve,A lot,Increased a lot,Fairly well,Very badly,Every day,Never,Never,Every day,Every day,I voted in the election,Undecided/No Response,Bachelors Degree,Professional
Urban,Kericho,45.0,Man,Some university,Employed (Part-time),Trader / hawker / vendor,Going in the wrong direction,Fairly good,Strongly approve,Somewhat,Decreased somewhat,Fairly well,Fairly well,Every day,Every day,Never,Every day,Every day,I voted in the election,United Democratic Alliance (UDA),Bachelors Degree,Trader
Urban,Kericho,26.0,Man,"Post-secondary qualifications, other than university e.g. a diploma or degree from a polytechnic or college",Employed (Full-time),"Artisan or skilled manual worker (e.g., trades like electrician, mechanic, machinist or skilled manufacturing worker)",Going in the right direction,Fairly good,Approve,Somewhat,Decreased somewhat,Fairly well,Very badly,Every day,Every day,Never,Every day,Every day,I voted in the election,United Democratic Alliance (UDA),Certificate/Diploma,Skilled/Unskilled Labor
Urban,Kericho,32.0,Woman,Secondary school / high school completed,Employed (Full-time),"Unskilled manual worker (e.g., cleaner, laborer, domestic help, unskilled manufacturing worker)",Going in the wrong direction,Fairly bad,Approve,Just a little,Increased somewhat,Fairly badly,Fairly well,Never,A few times a week,Never,Less than once a month,Never,I voted in the election,Orange Democratic Movement (ODM),Secondary School,Skilled/Unskilled Labor
Urban,Mombasa,29.0,Woman,Secondary school / high school completed,Employed (Part-time),"Artisan or skilled manual worker (e.g., trades like electrician, mechanic, machinist or skilled manufacturing worker)",Going in the wrong direction,Fairly good,Approve,Just a little,Stayed the same,Fairly badly,Fairly badly,A few times a month,Every day,A few times a month,Every day,Every day,I did not vote,Jubilee Alliance Party (JAP),Secondary School,Skilled/Unskilled Labor
Urban,Mombasa,42.0,Man,Primary school completed,Employed (Full-time),"Artisan or skilled manual worker (e.g., trades like electrician, mechanic, machinist or skilled manufacturing worker)",Going in the right direction,Fairly good,Approve,Not at all,Increased a lot,Fairly well,Fairly badly,Every day,Every day,Never,Every day,A few times a week,I voted in the election,Orange Democratic Movement (ODM),Primary School,Skilled/Unskilled Labor
Urban,Kajiado,37.0,Woman,Secondary school / high school completed,Unemployed (Not looking),Trader / hawker / vendor,Going in the wrong direction,Fairly good,Approve,Just a little,Undecided/No Response,Fairly badly,Fairly badly,A few times a week,Never,Never,Never,Never,I did not vote,United Democratic Alliance (UDA),Secondary School,Trader
Urban,Kajiado,30.0,Man,"Post-secondary qualifications, other than university e.g. a diploma or degree from a polytechnic or college",Employed (Full-time),Agriculture / farming / fishing / forestry,Going in the right direction,Neither good nor bad,Approve,Somewhat,Decreased a lot,Very well,Fairly well,A few times a week,A few times a week,A few times a week,A few times a week,A few times a week,I voted in the election,Undecided/No Response,Certificate/Diploma,Agriculture
Rural,Kakamega,70.0,Man,Intermediate school or Some secondary school / high school,Unemployed (Not looking),"Artisan or skilled manual worker (e.g., trades like electrician, mechanic, machinist or skilled manufacturing worker)",Going in the wrong direction,Very bad,Strongly disapprove,Just a little,Increased somewhat,Very badly,Very badly,Every day,A few times a month,Never,Never,Never,I voted in the election,Orange Democratic Movement (ODM),Secondary School,Skilled/Unskilled Labor
Urban,Kajiado,23.0,Man,Intermediate school or Some secondary school / high school,Employed (Part-time),"Unskilled manual worker (e.g., cleaner, laborer, domestic help, unskilled manufacturing worker)",Going in the wrong direction,Fairly bad,Strongly approve,A lot,Increased a lot,Very badly,Very badly,Every day,Never,Never,A few times a week,A few times a week,I voted in the election,Roots Party of Kenya (RPK),Secondary School,Skilled/Unskilled Labor
Urban,Kajiado,22.0,Man,Secondary school / high school completed,Employed (Part-time),"Artisan or skilled manual worker (e.g., trades like electrician, mechanic, machinist or skilled manufacturing worker)",Going in the wrong direction,Fairly good,Approve,Just a little,Increased somewhat,Fairly well,Fairly badly,A few times a week,A few times a week,Never,A few times a week,Never,I voted in the election,Orange Democratic Movement (ODM),Secondary School,Skilled/Unskilled Labor
Urban,Mombasa,29.0,Woman,Primary school completed,Employed (Full-time),Trader / hawker / vendor,Going in the wrong direction,Very bad,Strongly disapprove,Not at all,Increased a lot,Very badly,Very badly,A few times a month,Every day,Less than once a month,Every day,A few times a week,I did not vote,Orange Democratic Movement (ODM),Primary School,Trader
Urban,Mombasa,35.0,Man,University completed,Employed (Part-time),"Unskilled manual worker (e.g., cleaner, laborer, domestic help, unskilled manufacturing worker)",Going in the wrong direction,Very bad,Disapprove,Just a little,Increased a lot,Fairly badly,Very badly,Every day,Every day,A few times a month,Every day,Every day,I voted in the election,Wiper Democratic Movement (WDM–K),Bachelors Degree,Skilled/Unskilled Labor
Rural,Kakamega,60.0,Man,Post-graduate,Employed (Full-time),"Upper-level professional (e.g., banker/finance, doctor, lawyer, engineer, accountant, professor, senior-level government",Going in the right direction,Fairly good,Approve,Somewhat,Stayed the same,Fairly well,Fairly badly,Every day,Every day,Every day,Every day,Every day,I voted in the election,Would not vote,Masters/PhD,Professional
Rural,Kakamega,46.0,Woman,Secondary school / high school completed,Unemployed (Not looking),Agriculture / farming / fishing / forestry,Going in the wrong direction,Fairly bad,Approve,Not at all,Increased a lot,Fairly badly,Fairly badly,Never,Every day,Never,A few times a week,Never,I did not vote,Orange Democratic Movement (ODM),Secondary School,Agriculture
Rural,Siaya,60.0,Woman,No formal schooling,Unemployed (Not looking),Agriculture / farming / fishing / forestry,Going in the wrong direction,Very bad,Strongly disapprove,Somewhat,Increased somewhat,Very badly,Undecided/No Response,A few times a week,A few times a week,Never,Never,Never,I voted in the election,Orange Democratic Movement (ODM),Informal Schooling,Agriculture
Rural,Siaya,18.0,Woman,Primary school completed,Unemployed (Not looking),"Unskilled manual worker (e.g., cleaner, laborer, domestic help, unskilled manufacturing worker)",Going in the wrong direction,Very bad,Disapprove,A lot,Increased somewhat,Fairly badly,Very well,A few times a week,A few times a week,Never,Never,Never,I did not vote,Would not vote,Primary School,Skilled/Unskilled Labor
Rural,Siaya,18.0,Man,Secondary school / high school completed,Unemployed (Actively looking),"Artisan or skilled manual worker (e.g., trades like electrician, mechanic, machinist or skilled manufacturing worker)",Going in the right direction,Fairly good,Approve,Somewhat,Decreased somewhat,Fairly well,Fairly well,Every day,Every day,Never,Every day,Every day,I did not vote,Orange Democratic Movement (ODM),Secondary School,Skilled/Unskilled Labor
Rural,Tana River,22.0,Woman,No formal schooling,Unemployed (Actively looking),Housewife / homemaker,Going in the wrong direction,Neither good nor bad,Approve,Somewhat,Increased somewhat,Fairly badly,Fairly badly,A few times a week,Never,Never,Never,Never,I did not vote,Orange Democratic Movement (ODM),Informal Schooling,Housewife
Rural,Tana River,41.0,Woman,Informal schooling only (including Koranic schooling),Unemployed (Actively looking),Housewife / homemaker,Going in the wrong direction,Fairly bad,Disapprove,Just a little,Stayed the same,Fairly badly,Very badly,A few times a week,Never,Never,Never,Never,I voted in the election,United Democratic Alliance (UDA),Informal Schooling,Housewife
Rural,Siaya,45.0,Man,Primary school completed,Unemployed (Not looking),Agriculture / farming / fishing / forestry,Going in the wrong direction,Very bad,Strongly disapprove,Not at all,Increased a lot,Very badly,Very badly,Every day,Never,Never,Never,Never,I voted in the election,Orange Democratic Movement (ODM),Primary School,Agriculture
Rural,Tana River,39.0,Man,No formal schooling,Unemployed (Actively looking),Agriculture / farming / fishing / forestry,Going in the wrong direction,Very bad,Strongly approve,Just a little,Increased a lot,Fairly badly,Fairly badly,Every day,Never,Never,Never,Never,I voted in the election,United Democratic Alliance (UDA),Informal Schooling,Agriculture
Rural,Kakamega,70.0,Woman,Primary school completed,Unemployed (Not looking),Trader / hawker / vendor,Going in the wrong direction,Very bad,Strongly disapprove,Just a little,Increased a lot,Very badly,Very badly,Every day,Never,Never,Never,Never,I voted in the election,Orange Democratic Movement (ODM),Primary School,Trader
Rural,Tana River,24.0,Man,Secondary school / high school completed,Employed (Full-time),"Artisan or skilled manual worker (e.g., trades like electrician, mechanic, machinist or skilled manufacturing worker)",Going in the wrong direction,Fairly bad,Disapprove,Somewhat,Increased a lot,Very badly,Fairly badly,Every day,Every day,Never,Every day,Never,I voted in the election,Orange Democratic Movement (ODM),Secondary School,Skilled/Unskilled Labor
Rural,Isiolo,23.0,Woman,Primary school completed,Unemployed (Actively looking),Housewife / homemaker,Going in the wrong direction,Very bad,Disapprove,Just a little,Stayed the same,Very badly,Very badly,Every day,A few times a week,Never,A few times a week,Never,I voted in the election,Orange Democratic Movement (ODM),Primary School,Housewife
Rural,Isiolo,66.0,Man,Some primary schooling,Unemployed (Not looking),"Artisan or skilled manual worker (e.g., trades like electrician, mechanic, machinist or skilled manufacturing worker)",Going in the right direction,Very bad,Approve,A lot,Decreased somewhat,Fairly well,Very well,Every day,A few times a week,Never,Never,Never,I voted in the election,United Democratic Alliance (UDA),Primary School,Skilled/Unskilled Labor
Rural,Kitui,55.0,Woman,Primary school completed,Unemployed (Actively looking),Agriculture / farming / fishing / forestry,Going in the wrong direction,Very bad,Approve,Just a little,Increased a lot,Fairly well,Very badly,Every day,Never,Never,Never,Never,I voted in the election,Wiper Democratic Movement (WDM–K),Primary School,Agriculture
Rural,Kiambu,46.0,Woman,Secondary school / high school completed,Employed (Part-time),Agriculture / farming / fishing / forestry,Going in the right direction,Fairly good,Strongly disapprove,A lot,Stayed the same,Fairly badly,Very badly,A few times a week,Every day,A few times a month,Never,Never,I voted in the election,Other,Secondary School,Agriculture
Rural,Kiambu,19.0,Man,Secondary school / high school completed,Employed (Part-time),Student,Going in the right direction,Fairly bad,Disapprove,Not at all,Increased a lot,Fairly badly,Fairly well,Every day,A few times a week,Never,Never,Never,I was too young to vote,United Democratic Alliance (UDA),Secondary School,Student
Rural,Isiolo,35.0,Woman,Primary school completed,Employed (Full-time),"Artisan or skilled manual worker (e.g., trades like electrician, mechanic, machinist or skilled manufacturing worker)",Going in the right direction,Fairly bad,Approve,A lot,Decreased somewhat,Fairly well,Very well,Every day,Every day,Never,Every day,Every day,I voted in the election,Undecided/No Response,Primary School,Skilled/Unskilled Labor
Rural,Isiolo,21.0,Man,Some university,Unemployed (Actively looking),Student,Going in the right direction,Neither good nor bad,Approve,Somewhat,Decreased somewhat,Fairly well,Fairly well,Never,Every day,Never,Every day,Every day,I did not vote,Would not vote,Bachelors Degree,Student
Rural,Kitui,43.0,Man,"Post-secondary qualifications, other than university e.g. a diploma or degree from a polytechnic or college",Employed (Full-time),"Mid-level professional (e.g., teacher, nurse, mid-level government officer)",Going in the right direction,Fairly good,Approve,Somewhat,Stayed the same,Fairly well,Fairly badly,A few times a week,Every day,A few times a month,Every day,Every day,I voted in the election,United Democratic Alliance (UDA),Certificate/Diploma,Professional
Rural,Samburu,27.0,Woman,Primary school completed,Employed (Full-time),Retail / Shop,Going in the right direction,Fairly bad,Approve,A lot,Increased a lot,Fairly badly,Fairly badly,A few times a week,Never,Never,Never,Never,I voted in the election,Undecided/No Response,Primary School,Trader
Rural,Samburu,24.0,Man,Some university,Employed (Part-time),Retail / Shop,Going in the wrong direction,Fairly bad,Approve,Not at all,Increased somewhat,Very badly,Very badly,Every day,Never,Never,Every day,Every day,I did not vote,United Democratic Alliance (UDA),Bachelors Degree,Trader
Rural,Kitui,20.0,Woman,Primary school completed,Unemployed (Actively looking),Agriculture / farming / fishing / forestry,Going in the right direction,Fairly good,Undecided/No Response,A lot,Decreased somewhat,Fairly well,Fairly well,Never,Never,A few times a week,Never,Never,I did not vote,Undecided/No Response,Primary School,Agriculture
Rural,Samburu,70.0,Man,Primary school completed,Unemployed (Not looking),"Artisan or skilled manual worker (e.g., trades like electrician, mechanic, machinist or skilled manufacturing worker)",Going in the right direction,Fairly bad,Approve,A lot,Decreased a lot,Fairly badly,Fairly well,Every day,Every day,Never,Never,Never,I voted in the election,United Democratic Alliance (UDA),Primary School,Skilled/Unskilled Labor
Rural,Samburu,38.0,Woman,Primary school completed,Employed (Full-time),Trader / hawker / vendor,Going in the right direction,Neither good nor bad,Strongly approve,Not at all,Decreased somewhat,Fairly badly,Fairly well,Never,Every day,Never,Never,Never,I voted in the election,United Democratic Alliance (UDA),Primary School,Trader
Rural,Elgeyo Marakwet,24.0,Woman,Intermediate school or Some secondary school / high school,Employed (Full-time),"Artisan or skilled manual worker (e.g., trades like electrician, mechanic, machinist or skilled manufacturing worker)",Going in the wrong direction,Fairly bad,Strongly approve,Just a little,Decreased somewhat,Fairly well,Fairly well,Every day,Never,Never,Never,Never,I voted in the election,Undecided/No Response,Secondary School,Skilled/Unskilled Labor
Urban,Kajiado,40.0,Man,Secondary school / high school completed,Unemployed (Actively looking),Trader / hawker / vendor,Going in the wrong direction,Fairly bad,Approve,Somewhat,Increased somewhat,Very badly,Very badly,Every day,A few times a week,Less than once a month,Never,Never,I voted in the election,Orange Democratic Movement (ODM),Secondary School,Trader
Urban,Mombasa,45.0,Man,Secondary school / high school completed,Employed (Full-time),Trader / hawker / vendor,Going in the wrong direction,Neither good nor bad,Approve,Somewhat,Decreased a lot,Fairly well,Fairly badly,A few times a week,Every day,Never,Every day,Every day,I did not vote,United Democratic Alliance (UDA),Secondary School,Trader
Rural,Kiambu,48.0,Man,"Post-secondary qualifications, other than university e.g. a diploma or degree from a polytechnic or college",Unemployed (Actively looking),Agriculture / farming / fishing / forestry,Going in the right direction,Fairly bad,Approve,A lot,Stayed the same,Fairly well,Fairly well,A few times a week,A few times a week,A few times a month,Every day,Every day,I voted in the election,United Democratic Alliance (UDA),Certificate/Diploma,Agriculture
Rural,Kitui,52.0,Woman,Some primary schooling,Unemployed (Actively looking),Agriculture / farming / fishing / forestry,Going in the wrong direction,Very bad,Disapprove,Just a little,Undecided/No Response,Fairly badly,Fairly badly,Every day,Never,Undecided/No Response,Undecided/No Response,Never,I voted in the election,Wiper Democratic Movement (WDM–K),Primary School,Agriculture
Urban,Kajiado,31.0,Woman,Secondary school / high school completed,Employed (Full-time),Trader / hawker / vendor,Going in the wrong direction,Very bad,Strongly disapprove,Not at all,Increased a lot,Very badly,Very badly,A few times a week,A few times a month,Never,Never,Never,I voted in the election,United Democratic Alliance (UDA),Secondary School,Trader
Rural,Elgeyo Marakwet,55.0,Woman,Primary school completed,Unemployed (Not looking),Agriculture / farming / fishing / forestry,Going in the wrong direction,Fairly bad,Approve,A lot,Increased a lot,Very well,Fairly well,Every day,Every day,Never,A few times a month,Less than once a month,I voted in the election,United Democratic Alliance (UDA),Primary School,Agriculture
Rural,Kiambu,18.0,Woman,Secondary school / high school completed,Unemployed (Actively looking),Student,Going in the wrong direction,Fairly good,Approve,Just a little,Increased a lot,Very badly,Very badly,Every day,A few times a week,A few times a month,A few times a month,A few times a week,I did not vote,Orange Democratic Movement (ODM),Secondary School,Student
Urban,Kajiado,33.0,Woman,"Post-secondary qualifications, other than university e.g. a diploma or degree from a polytechnic or college",Unemployed (Actively looking),"Mid-level professional (e.g., teacher, nurse, mid-level government officer)",Going in the right direction,Fairly bad,Approve,Just a little,Increased a lot,Fairly well,Very badly,A few times a week,Never,Never,A few times a month,Never,I did not vote,United Democratic Alliance (UDA),Certificate/Diploma,Professional
Urban,Kajiado,30.0,Woman,Secondary school / high school completed,Employed (Part-time),Agriculture / farming / fishing / forestry,Going in the wrong direction,Fairly bad,Approve,Somewhat,Increased a lot,Fairly well,Fairly badly,Every day,Every day,A few times a month,Never,Never,I voted in the election,Undecided/No Response,Secondary School,Agriculture
Rural,Elgeyo Marakwet,54.0,Woman,Primary school completed,Employed (Full-time),Agriculture / farming / fishing / forestry,Going in the right direction,Fairly good,Strongly approve,A lot,Decreased somewhat,Very well,Fairly badly,Every day,A few times a month,Never,Never,Never,I voted in the election,Other,Primary School,Agriculture
Urban,Trans-Zoia,63.0,Man,Some primary schooling,Unemployed (Actively looking),Agriculture / farming / fishing / forestry,Going in the right direction,Very good,Approve,Just a little,Decreased somewhat,Fairly well,Fairly well,Every day,Never,Never,Never,Never,I voted in the election,KANU,Primary School,Agriculture
Rural,Elgeyo Marakwet,27.0,Woman,"Post-secondary qualifications, other than university e.g. a diploma or degree from a polytechnic or college",Unemployed (Actively looking),Undecided/No Response,Going in the right direction,Fairly bad,Approve,Somewhat,Stayed the same,Fairly well,Fairly badly,Every day,Never,Never,A few times a month,A few times a month,I did not vote,United Democratic Alliance (UDA),Certificate/Diploma,Undecided/No Response
Urban,Trans-Zoia,34.0,Man,Secondary school / high school completed,Employed (Full-time),Agriculture / farming / fishing / forestry,Going in the right direction,Very good,Strongly approve,A lot,Decreased a lot,Very well,Very well,A few times a week,A few times a month,A few times a week,Every day,Every day,I voted in the election,United Democratic Alliance (UDA),Secondary School,Agriculture
Urban,Trans-Zoia,35.0,Woman,No formal schooling,Unemployed (Actively looking),Trader / hawker / vendor,Going in the wrong direction,Very bad,Undecided/No Response,Undecided/No Response,Increased a lot,Undecided/No Response,Undecided/No Response,Every day,Never,Never,Never,Undecided/No Response,I did not vote,Would not vote,Informal Schooling,Trader
Urban,Mombasa,53.0,Man,University completed,Employed (Full-time),Supervisor / Foreman / Senior Manager,Going in the wrong direction,Very good,Strongly disapprove,Not at all,Increased a lot,Very badly,Very badly,Never,Every day,Every day,A few times a week,A few times a month,I voted in the election,Would not vote,Bachelors Degree,Professional
Urban,Mombasa,45.0,Woman,"Post-secondary qualifications, other than university e.g. a diploma or degree from a polytechnic or college",Unemployed (Actively looking),"Upper-level professional (e.g., banker/finance, doctor, lawyer, engineer, accountant, professor, senior-level government",Going in the wrong direction,Very good,Strongly disapprove,Not at all,Increased a lot,Very badly,Very badly,Every day,Every day,Never,Every day,Never,I voted in the election,Would not vote,Certificate/Diploma,Professional
Urban,Trans-Zoia,24.0,Woman,"Post-secondary qualifications, other than university e.g. a diploma or degree from a polytechnic or college",Unemployed (Actively looking),Retail / Shop,Going in the right direction,Neither good nor bad,Strongly approve,Somewhat,Stayed the same,Fairly well,Fairly well,A few times a week,Never,Never,A few times a week,A few times a week,I voted in the election,Undecided/No Response,Certificate/Diploma,Trader
Urban,Mombasa,33.0,Woman,University completed,Employed (Full-time),"Mid-level professional (e.g., teacher, nurse, mid-level government officer)",Going in the wrong direction,Fairly good,Undecided/No Response,Not at all,Increased a lot,Fairly badly,Very badly,Less than once a month,Never,Never,Every day,Every day,I did not vote,Would not vote,Bachelors Degree,Professional
Rural,Isiolo,27.0,Woman,Primary school completed,Unemployed (Not looking),Housewife / homemaker,Going in the right direction,Fairly bad,Approve,Somewhat,Increased a lot,Fairly badly,Fairly badly,Every day,Every day,A few times a month,Every day,Every day,I voted in the election,United Democratic Alliance (UDA),Primary School,Housewife
Rural,Isiolo,46.0,Woman,Secondary school / high school completed,Unemployed (Not looking),"Unskilled manual worker (e.g., cleaner, laborer, domestic help, unskilled manufacturing worker)",Going in the right direction,Neither good nor bad,Approve,A lot,Stayed the same,Fairly well,Very well,Never,Every day,Never,Every day,Every day,I voted in the election,United Democratic Alliance (UDA),Secondary School,Skilled/Unskilled Labor
Rural,Isiolo,28.0,Man,Secondary school / high school completed,Unemployed (Actively looking),"Artisan or skilled manual worker (e.g., trades like electrician, mechanic, machinist or skilled manufacturing worker)",Going in the right direction,Fairly bad,Strongly disapprove,Somewhat,Decreased somewhat,Very badly,Very badly,Every day,Every day,Every day,Every day,Every day,I voted in the election,United Democratic Alliance (UDA),Secondary School,Skilled/Unskilled Labor
Rural,Tana River,50.0,Man,Some primary schooling,Employed (Part-time),Retail / Shop,Going in the wrong direction,Very bad,Approve,Just a little,Stayed the same,Fairly badly,Very badly,A few times a week,Never,Never,A few times a month,Never,I voted in the election,United Democratic Alliance (UDA),Primary School,Trader
Rural,Samburu,21.0,Man,Some university,Unemployed (Not looking),Student,Going in the wrong direction,Very good,Disapprove,Not at all,Stayed the same,Fairly badly,Fairly badly,Less than once a month,Every day,Never,Every day,Every day,I did not vote,Orange Democratic Movement (ODM),Bachelors Degree,Student
Rural,Samburu,35.0,Man,Primary school completed,Employed (Full-time),"Artisan or skilled manual worker (e.g., trades like electrician, mechanic, machinist or skilled manufacturing worker)",Going in the right direction,Fairly good,Strongly disapprove,Just a little,Increased a lot,Fairly badly,Fairly badly,Every day,Every day,Never,A few times a month,A few times a month,I voted in the election,Undecided/No Response,Primary School,Skilled/Unskilled Labor
Rural,Tana River,42.0,Man,No formal schooling,Unemployed (Actively looking),Agriculture / farming / fishing / forestry,Going in the right direction,Fairly bad,Disapprove,Not at all,Stayed the same,Fairly badly,Fairly well,A few times a week,Never,Never,A few times a week,A few times a week,I voted in the election,United Democratic Alliance (UDA),Informal Schooling,Agriculture
Rural,Tana River,18.0,Woman,Intermediate school or Some secondary school / high school,Unemployed (Not looking),Student,Going in the right direction,Fairly bad,Strongly disapprove,Not at all,Increased a lot,Fairly badly,Fairly badly,A few times a month,Never,Never,A few times a week,A few times a month,I did not vote,Orange Democratic Movement (ODM),Secondary School,Student
Rural,Tana River,22.0,Woman,Primary school completed,Unemployed (Not looking),Never had a job,Going in the right direction,Neither good nor bad,Undecided/No Response,Somewhat,Decreased somewhat,Undecided/No Response,Fairly badly,A few times a week,Never,Never,Never,Never,I voted in the election,United Democratic Alliance (UDA),Primary School,Undecided/No Response
Rural,Kericho,20.0,Woman,Secondary school / high school completed,Unemployed (Actively looking),"Unskilled manual worker (e.g., cleaner, laborer, domestic help, unskilled manufacturing worker)",Going in the wrong direction,Very bad,Strongly disapprove,Not at all,Increased somewhat,Very badly,Fairly badly,A few times a week,Less than once a month,Never,A few times a week,A few times a month,I did not vote,United Democratic Alliance (UDA),Secondary School,Skilled/Unskilled Labor
Rural,Kericho,36.0,Woman,"Post-secondary qualifications, other than university e.g. a diploma or degree from a polytechnic or college",Employed (Full-time),Agriculture / farming / fishing / forestry,Going in the wrong direction,Very bad,Strongly disapprove,Not at all,Increased somewhat,Very badly,Very badly,Never,Every day,Never,A few times a week,A few times a week,I voted in the election,Orange Democratic Movement (ODM),Certificate/Diploma,Agriculture
Rural,Isiolo,18.0,Man,Secondary school / high school completed,Unemployed (Not looking),Student,Going in the wrong direction,Very bad,Strongly disapprove,Not at all,Increased a lot,Very badly,Very badly,Every day,Every day,Never,Every day,Never,I did not vote,United Democratic Alliance (UDA),Secondary School,Student
Rural,Kericho,42.0,Man,"Post-secondary qualifications, other than university e.g. a diploma or degree from a polytechnic or college",Unemployed (Actively looking),"Mid-level professional (e.g., teacher, nurse, mid-level government officer)",Going in the wrong direction,Fairly good,Strongly approve,Just a little,Decreased somewhat,Fairly well,Fairly well,Every day,A few times a week,Never,A few times a month,A few times a month,I voted in the election,United Democratic Alliance (UDA),Certificate/Diploma,Professional
Rural,Elgeyo Marakwet,28.0,Man,Secondary school / high school completed,Unemployed (Not looking),Never had a job,Going in the wrong direction,Neither good nor bad,Disapprove,Somewhat,Decreased somewhat,Fairly well,Fairly well,Every day,A few times a week,Never,Every day,Never,I voted in the election,United Democratic Alliance (UDA),Secondary School,Undecided/No Response
Rural,Kericho,25.0,Man,University completed,Employed (Full-time),"Mid-level professional (e.g., teacher, nurse, mid-level government officer)",Going in the wrong direction,Fairly bad,Disapprove,Just a little,Stayed the same,Very badly,Very badly,Every day,A few times a week,A few times a week,Every day,Every day,I voted in the election,United Democratic Alliance (UDA),Bachelors Degree,Professional
Rural,Samburu,25.0,Woman,Secondary school / high school completed,Employed (Full-time),Trader / hawker / vendor,Going in the wrong direction,Very bad,Approve,A lot,Increased a lot,Very badly,Fairly well,Every day,A few times a month,Never,Never,Never,I voted in the election,Would not vote,Secondary School,Trader
Rural,Kakamega,50.0,Man,Intermediate school or Some secondary school / high school,Unemployed (Actively looking),"Artisan or skilled manual worker (e.g., trades like electrician, mechanic, machinist or skilled manufacturing worker)",Going in the right direction,Fairly bad,Approve,Not at all,Increased a lot,Fairly well,Fairly badly,Every day,Every day,Never,Never,Never,I voted in the election,United Democratic Alliance (UDA),Secondary School,Skilled/Unskilled Labor
Urban,Trans-Zoia,45.0,Woman,"Post-secondary qualifications, other than university e.g. a diploma or degree from a polytechnic or college",Employed (Part-time),"Mid-level professional (e.g., teacher, nurse, mid-level government officer)",Going in the right direction,Fairly good,Disapprove,Somewhat,Increased a lot,Fairly well,Very badly,Every day,Less than once a month,Less than once a month,Every day,Every day,I did not vote,Undecided/No Response,Certificate/Diploma,Professional
Rural,Samburu,28.0,Woman,Secondary school / high school completed,Employed (Full-time),Trader / hawker / vendor,Going in the wrong direction,Neither good nor bad,Approve,A lot,Increased a lot,Fairly badly,Very badly,A few times a week,A few times a week,Never,Every day,A few times a week,I did not vote,United Democratic Alliance (UDA),Secondary School,Trader
Rural,Kakamega,22.0,Woman,Intermediate school or Some secondary school / high school,Unemployed (Actively looking),Housewife / homemaker,Going in the right direction,Neither good nor bad,Approve,Just a little,Increased somewhat,Fairly badly,Fairly badly,A few times a week,Every day,Never,Never,Never,I did not vote,Orange Democratic Movement (ODM),Secondary School,Housewife
Rural,Kakamega,56.0,Woman,Secondary school / high school completed,Unemployed (Not looking),Housewife / homemaker,Going in the right direction,Fairly good,Approve,A lot,Decreased somewhat,Fairly well,Fairly badly,Every day,Never,Less than once a month,Never,Never,I voted in the election,United Democratic Alliance (UDA),Secondary School,Housewife
Rural,Kakamega,49.0,Man,"Post-secondary qualifications, other than university e.g. a diploma or degree from a polytechnic or college",Employed (Part-time),"Artisan or skilled manual worker (e.g., trades like electrician, mechanic, machinist or skilled manufacturing worker)",Going in the wrong direction,Fairly bad,Approve,Not at all,Undecided/No Response,Fairly badly,Very badly,Every day,Every day,A few times a week,Never,Never,I voted in the election,Orange Democratic Movement (ODM),Certificate/Diploma,Skilled/Unskilled Labor
Rural,Kericho,30.0,Man,Secondary school / high school completed,Unemployed (Not looking),"Unskilled manual worker (e.g., cleaner, laborer, domestic help, unskilled manufacturing worker)",Going in the right direction,Fairly good,Approve,A lot,Decreased somewhat,Fairly well,Fairly well,Every day,A few times a week,Less than once a month,Every day,Every day,I voted in the election,United Democratic Alliance (UDA),Secondary School,Skilled/Unskilled Labor
Urban,Trans-Zoia,32.0,Man,No formal schooling,Employed (Full-time),"Unskilled manual worker (e.g., cleaner, laborer, domestic help, unskilled manufacturing worker)",Going in the wrong direction,Fairly bad,Approve,Just a little,Decreased somewhat,Fairly badly,Fairly badly,Every day,Never,Never,Never,Never,I did not vote,Would not vote,Informal Schooling,Skilled/Unskilled Labor
Urban,Trans-Zoia,30.0,Woman,"Post-secondary qualifications, other than university e.g. a diploma or degree from a polytechnic or college",Employed (Full-time),"Mid-level professional (e.g., teacher, nurse, mid-level government officer)",Going in the right direction,Fairly good,Approve,Somewhat,Increased a lot,Fairly well,Fairly well,Every day,Less than once a month,Less than once a month,Every day,A few times a week,I did not vote,United Democratic Alliance (UDA),Certificate/Diploma,Professional
Rural,Elgeyo Marakwet,43.0,Man,"Post-secondary qualifications, other than university e.g. a diploma or degree from a polytechnic or college",Employed (Full-time),"Artisan or skilled manual worker (e.g., trades like electrician, mechanic, machinist or skilled manufacturing worker)",Going in the right direction,Fairly good,Strongly approve,Somewhat,Increased somewhat,Fairly well,Very badly,Every day,Every day,Never,Every day,A few times a week,I voted in the election,Undecided/No Response,Certificate/Diploma,Skilled/Unskilled Labor
Rural,Kericho,18.0,Man,Secondary school / high school completed,Unemployed (Actively looking),Never had a job,Going in the right direction,Very bad,Strongly approve,Just a little,Increased somewhat,Fairly well,Fairly well,Every day,Every day,Every day,Every day,Every day,I was too young to vote,United Democratic Alliance (UDA),Secondary School,Undecided/No Response
Rural,Elgeyo Marakwet,52.0,Man,Secondary school / high school completed,Unemployed (Not looking),Agriculture / farming / fishing / forestry,Going in the right direction,Very bad,Strongly approve,Somewhat,Decreased somewhat,Fairly well,Fairly well,Every day,Every day,Never,A few times a month,Undecided/No Response,I voted in the election,United Democratic Alliance (UDA),Secondary School,Agriculture
Rural,Kericho,24.0,Woman,"Post-secondary qualifications, other than university e.g. a diploma or degree from a polytechnic or college",Unemployed (Actively looking),Agriculture / farming / fishing / forestry,Going in the right direction,Fairly good,Approve,Somewhat,Undecided/No Response,Fairly badly,Fairly badly,Every day,Less than once a month,Never,Every day,A few times a week,I did not vote,United Democratic Alliance (UDA),Certificate/Diploma,Agriculture
Urban,Vihiga,23.0,Man,University completed,Unemployed (Actively looking),"Artisan or skilled manual worker (e.g., trades like electrician, mechanic, machinist or skilled manufacturing worker)",Going in the wrong direction,Fairly bad,Strongly disapprove,Somewhat,Increased somewhat,Fairly badly,Very badly,A few times a month,A few times a week,Never,Every day,A few times a week,I voted in the election,Orange Democratic Movement (ODM),Bachelors Degree,Skilled/Unskilled Labor
Rural,Kericho,35.0,Woman,Intermediate school or Some secondary school / high school,Employed (Part-time),Trader / hawker / vendor,Going in the right direction,Neither good nor bad,Strongly approve,A lot,Decreased somewhat,Fairly well,Fairly well,Every day,Never,Never,Never,Never,I voted in the election,United Democratic Alliance (UDA),Secondary School,Trader
Urban,Vihiga,62.0,Man,Some primary schooling,Unemployed (Actively looking),Agriculture / farming / fishing / forestry,Going in the wrong direction,Very bad,Strongly disapprove,Not at all,Increased somewhat,Fairly badly,Fairly badly,A few times a week,Every day,Never,Every day,Every day,I voted in the election,Wiper Democratic Movement (WDM–K),Primary School,Agriculture
Urban,Vihiga,34.0,Woman,"Post-secondary qualifications, other than university e.g. a diploma or degree from a polytechnic or college",Unemployed (Actively looking),"Security services (police, army, private security)",Going in the wrong direction,Fairly bad,Strongly disapprove,Not at all,Stayed the same,Very badly,Fairly badly,Every day,Every day,Never,Every day,Every day,I voted in the election,Orange Democratic Movement (ODM),Certificate/Diploma,Security Services
Rural,Homa Bay,20.0,Woman,"Post-secondary qualifications, other than university e.g. a diploma or degree from a polytechnic or college",Unemployed (Actively looking),Trader / hawker / vendor,Going in the right direction,Fairly good,Approve,Somewhat,Increased somewhat,Fairly well,Fairly well,Never,Every day,A few times a month,Every day,Never,I did not vote,Wiper Democratic Movement (WDM–K),Certificate/Diploma,Trader
Rural,Homa Bay,21.0,Woman,Primary school completed,Unemployed (Not looking),Housewife / homemaker,Going in the wrong direction,Fairly good,Strongly disapprove,Not at all,Stayed the same,Fairly badly,Fairly badly,Never,A few times a month,Never,Never,A few times a month,I did not vote,Orange Democratic Movement (ODM),Primary School,Housewife
Urban,Vihiga,76.0,Woman,"Post-secondary qualifications, other than university e.g. a diploma or degree from a polytechnic or college",Unemployed (Not looking),"Mid-level professional (e.g., teacher, nurse, mid-level government officer)",Going in the wrong direction,Neither good nor bad,Undecided/No Response,Undecided/No Response,Stayed the same,Fairly well,Fairly badly,Every day,Never,Never,Never,Never,I voted in the election,Orange Democratic Movement (ODM),Certificate/Diploma,Professional
Rural,Homa Bay,18.0,Woman,"Post-secondary qualifications, other than university e.g. a diploma or degree from a polytechnic or college",Unemployed (Not looking),Student,Going in the wrong direction,Fairly bad,Strongly disapprove,Somewhat,Stayed the same,Very badly,Very badly,Every day,Every day,Never,Never,Never,I did not vote,Orange Democratic Movement (ODM),Certificate/Diploma,Student
Urban,Trans-Zoia,65.0,Man,Some primary schooling,Unemployed (Not looking),"Artisan or skilled manual worker (e.g., trades like electrician, mechanic, machinist or skilled manufacturing worker)",Going in the wrong direction,Very bad,Strongly disapprove,Just a little,Increased a lot,Very badly,Very badly,Every day,Never,Less than once a month,A few times a week,A few times a week,I voted in the election,Orange Democratic Movement (ODM),Primary School,Skilled/Unskilled Labor
Rural,Homa Bay,19.0,Man,"Post-secondary qualifications, other than university e.g. a diploma or degree from a polytechnic or college",Unemployed (Actively looking),Agriculture / farming / fishing / forestry,Going in the right direction,Fairly bad,Disapprove,Somewhat,Stayed the same,Fairly badly,Very badly,Every day,Every day,A few times a month,A few times a week,A few times a week,I did not vote,Would not vote,Certificate/Diploma,Agriculture
Urban,Kiambu,29.0,Woman,Secondary school / high school completed,Employed (Full-time),Retail / Shop,Going in the wrong direction,Fairly bad,Strongly disapprove,Not at all,Increased a lot,Fairly badly,Fairly badly,Every day,Every day,Every day,Every day,Every day,I did not vote,Would not vote,Secondary School,Trader
Rural,Elgeyo Marakwet,35.0,Man,Secondary school / high school completed,Unemployed (Actively looking),Agriculture / farming / fishing / forestry,Going in the right direction,Fairly good,Approve,Somewhat,Decreased somewhat,Fairly well,Fairly well,Every day,A few times a week,Never,Never,Never,I voted in the election,United Democratic Alliance (UDA),Secondary School,Agriculture
Rural,Kakamega,34.0,Woman,Intermediate school or Some secondary school / high school,Unemployed (Not looking),Trader / hawker / vendor,Going in the wrong direction,Fairly good,Disapprove,Just a little,Increased a lot,Fairly badly,Fairly badly,Less than once a month,A few times a week,Less than once a month,Less than once a month,Less than once a month,I voted in the election,Undecided/No Response,Secondary School,Trader
Urban,Kiambu,35.0,Woman,Intermediate school or Some secondary school / high school,Employed (Full-time),Agriculture / farming / fishing / forestry,Going in the wrong direction,Very bad,Strongly disapprove,Not at all,Increased a lot,Very badly,Very badly,Every day,Every day,Never,Every day,Every day,I voted in the election,Jubilee Alliance Party (JAP),Secondary School,Agriculture
Urban,Kiambu,21.0,Man,"Post-secondary qualifications, other than university e.g. a diploma or degree from a polytechnic or college",Unemployed (Not looking),Student,Going in the right direction,Fairly good,Approve,A lot,Decreased somewhat,Fairly well,Fairly badly,A few times a week,Every day,A few times a week,Every day,Every day,I voted in the election,Would not vote,Certificate/Diploma,Student
Urban,Kiambu,40.0,Man,University completed,Employed (Full-time),"Mid-level professional (e.g., teacher, nurse, mid-level government officer)",Going in the wrong direction,Fairly bad,Disapprove,Somewhat,Stayed the same,Very badly,Very badly,Every day,Every day,Every day,Every day,Every day,I voted in the election,Undecided/No Response,Bachelors Degree,Professional
Rural,Kakamega,59.0,Man,Primary school completed,Unemployed (Not looking),Agriculture / farming / fishing / forestry,Going in the right direction,Fairly good,Strongly approve,A lot,Decreased a lot,Very well,Fairly well,Every day,Every day,Never,Never,Never,I voted in the election,United Democratic Alliance (UDA),Primary School,Agriculture
Urban,Vihiga,21.0,Woman,Undecided/No Response,Unemployed (Actively looking),Never had a job,Going in the wrong direction,Fairly bad,Strongly approve,Just a little,Increased somewhat,Fairly well,Fairly well,A few times a week,A few times a month,A few times a month,Never,Never,I did not vote,Jubilee Alliance Party (JAP),Undecided/No Response,Undecided/No Response
Rural,Kakamega,58.0,Man,Secondary school / high school completed,Unemployed (Not looking),Clerical or secretarial,Going in the right direction,Fairly good,Disapprove,Just a little,Increased somewhat,Fairly badly,Very badly,Every day,A few times a week,A few times a week,Never,Never,I voted in the election,Orange Democratic Movement (ODM),Secondary School,Professional
Urban,Samburu,38.0,Woman,Primary school completed,Employed (Full-time),Retail / Shop,Going in the right direction,Fairly good,Strongly approve,Somewhat,Stayed the same,Fairly badly,Very badly,Every day,Every day,Never,Never,Never,I voted in the election,Would not vote,Primary School,Trader
Urban,Samburu,52.0,Man,"Post-secondary qualifications, other than university e.g. a diploma or degree from a polytechnic or college",Employed (Full-time),"Artisan or skilled manual worker (e.g., trades like electrician, mechanic, machinist or skilled manufacturing worker)",Going in the right direction,Fairly good,Approve,Somewhat,Stayed the same,Fairly badly,Fairly badly,A few times a week,Every day,Less than once a month,A few times a week,A few times a month,I voted in the election,Undecided/No Response,Certificate/Diploma,Skilled/Unskilled Labor
Urban,Samburu,60.0,Man,Some primary schooling,Unemployed (Not looking),"Unskilled manual worker (e.g., cleaner, laborer, domestic help, unskilled manufacturing worker)",Going in the right direction,Fairly good,Approve,A lot,Stayed the same,Fairly well,Very badly,A few times a month,Never,Never,Never,Never,I voted in the election,United Democratic Alliance (UDA),Primary School,Skilled/Unskilled Labor
Urban,Samburu,33.0,Woman,Secondary school / high school completed,Employed (Full-time),Retail / Shop,Going in the wrong direction,Fairly bad,Approve,Somewhat,Increased a lot,Fairly badly,Very badly,Every day,Every day,Never,Every day,Every day,I did not vote,Undecided/No Response,Secondary School,Trader
Urban,Mombasa,32.0,Man,"Post-secondary qualifications, other than university e.g. a diploma or degree from a polytechnic or college",Employed (Part-time),Supervisor / Foreman / Senior Manager,Going in the wrong direction,Fairly good,Approve,Just a little,Stayed the same,Fairly well,Very badly,A few times a week,Every day,Never,Every day,Every day,I voted in the election,United Democratic Alliance (UDA),Certificate/Diploma,Professional
Urban,Vihiga,22.0,Man,Secondary school / high school completed,Unemployed (Actively looking),"Artisan or skilled manual worker (e.g., trades like electrician, mechanic, machinist or skilled manufacturing worker)",Going in the wrong direction,Fairly bad,Approve,Somewhat,Increased a lot,Fairly well,Fairly badly,A few times a month,Every day,Less than once a month,Every day,Every day,I voted in the election,United Democratic Alliance (UDA),Secondary School,Skilled/Unskilled Labor
Urban,Mombasa,23.0,Woman,Intermediate school or Some secondary school / high school,Unemployed (Actively looking),Housewife / homemaker,Going in the right direction,Fairly good,Approve,Somewhat,Decreased a lot,Fairly well,Fairly well,Every day,A few times a week,Less than once a month,Every day,Every day,I did not vote,Orange Democratic Movement (ODM),Secondary School,Housewife
Urban,Mombasa,35.0,Man,Secondary school / high school completed,Unemployed (Actively looking),Trader / hawker / vendor,Going in the right direction,Neither good nor bad,Approve,Somewhat,Decreased somewhat,Fairly well,Fairly well,Every day,Every day,A few times a month,A few times a month,A few times a month,I did not vote,United Democratic Alliance (UDA),Secondary School,Trader
Urban,Vihiga,62.0,Woman,Primary school completed,Employed (Part-time),Agriculture / farming / fishing / forestry,Going in the wrong direction,Very bad,Undecided/No Response,Undecided/No Response,Undecided/No Response,Undecided/No Response,Very well,Never,Never,Never,Undecided/No Response,Undecided/No Response,I voted in the election,Undecided/No Response,Primary School,Agriculture
Rural,Homa Bay,55.0,Man,Primary school completed,Employed (Part-time),Trader / hawker / vendor,Going in the wrong direction,Very good,Approve,Just a little,Stayed the same,Very badly,Fairly badly,Every day,Never,Less than once a month,Never,Never,I voted in the election,Orange Democratic Movement (ODM),Primary School,Trader
Rural,Homa Bay,24.0,Man,Secondary school / high school completed,Unemployed (Actively looking),Trader / hawker / vendor,Going in the right direction,Fairly good,Approve,Somewhat,Stayed the same,Fairly well,Fairly well,Every day,Every day,Never,A few times a week,A few times a week,I voted in the election,Orange Democratic Movement (ODM),Secondary School,Trader
Rural,Homa Bay,60.0,Woman,No formal schooling,Unemployed (Not looking),Agriculture / farming / fishing / forestry,Going in the wrong direction,Very bad,Approve,Just a little,Increased a lot,Very badly,Very well,Every day,Every day,Never,Never,Never,I voted in the election,Orange Democratic Movement (ODM),Informal Schooling,Agriculture
Urban,Vihiga,74.0,Man,"Post-secondary qualifications, other than university e.g. a diploma or degree from a polytechnic or college",Unemployed (Not looking),"Unskilled manual worker (e.g., cleaner, laborer, domestic help, unskilled manufacturing worker)",Going in the wrong direction,Fairly bad,Undecided/No Response,A lot,Increased a lot,Fairly badly,Fairly badly,Every day,Every day,Less than once a month,Never,Never,I voted in the election,Amani National Congress,Certificate/Diploma,Skilled/Unskilled Labor
Rural,Kakamega,32.0,Woman,Secondary school / high school completed,Employed (Full-time),Trader / hawker / vendor,Going in the right direction,Fairly good,Disapprove,Just a little,Decreased somewhat,Fairly badly,Very badly,Every day,A few times a week,Never,A few times a week,Never,I did not vote,Would not vote,Secondary School,Trader
Urban,Mombasa,42.0,Woman,Secondary school / high school completed,Unemployed (Not looking),Trader / hawker / vendor,Going in the wrong direction,Very bad,Strongly disapprove,Not at all,Increased somewhat,Very badly,Very badly,Every day,Every day,Never,A few times a week,A few times a week,I voted in the election,Would not vote,Secondary School,Trader
Urban,Kiambu,60.0,Man,Secondary school / high school completed,Employed (Part-time),"Artisan or skilled manual worker (e.g., trades like electrician, mechanic, machinist or skilled manufacturing worker)",Going in the wrong direction,Fairly bad,Disapprove,Not at all,Increased a lot,Fairly badly,Very badly,Never,Every day,A few times a week,Every day,Every day,I voted in the election,Undecided/No Response,Secondary School,Skilled/Unskilled Labor
Urban,Kiambu,36.0,Man,Intermediate school or Some secondary school / high school,Employed (Part-time),"Mid-level professional (e.g., teacher, nurse, mid-level government officer)",Going in the right direction,Fairly good,Approve,A lot,Stayed the same,Very well,Very badly,Every day,Every day,Every day,Every day,Every day,I voted in the election,Would not vote,Secondary School,Professional
Rural,Homa Bay,75.0,Man,No formal schooling,Unemployed (Not looking),Agriculture / farming / fishing / forestry,Going in the wrong direction,Very bad,Strongly disapprove,Not at all,Increased somewhat,Fairly badly,Very badly,Every day,A few times a week,A few times a month,Every day,Never,I voted in the election,Orange Democratic Movement (ODM),Informal Schooling,Agriculture
Urban,Kiambu,23.0,Woman,University completed,Employed (Part-time),"Mid-level professional (e.g., teacher, nurse, mid-level government officer)",Going in the right direction,Fairly good,Approve,A lot,Stayed the same,Fairly well,Fairly badly,Every day,Every day,Never,Every day,Every day,I voted in the election,United Democratic Alliance (UDA),Bachelors Degree,Professional
Urban,Samburu,24.0,Man,Secondary school / high school completed,Unemployed (Actively looking),"Artisan or skilled manual worker (e.g., trades like electrician, mechanic, machinist or skilled manufacturing worker)",Going in the wrong direction,Fairly bad,Approve,Somewhat,Increased somewhat,Very badly,Very badly,A few times a month,Every day,Never,A few times a week,A few times a week,I did not vote,United Democratic Alliance (UDA),Secondary School,Skilled/Unskilled Labor
Urban,Kiambu,25.0,Woman,Primary school completed,Employed (Part-time),"Artisan or skilled manual worker (e.g., trades like electrician, mechanic, machinist or skilled manufacturing worker)",Going in the right direction,Very bad,Strongly disapprove,Not at all,Increased a lot,Very badly,Very badly,Every day,Every day,Never,Never,Never,I did not vote,Orange Democratic Movement (ODM),Primary School,Skilled/Unskilled Labor
Urban,Samburu,20.0,Woman,Primary school completed,Unemployed (Actively looking),Housewife / homemaker,Going in the wrong direction,Fairly bad,Strongly disapprove,Just a little,Increased a lot,Very badly,Very badly,Every day,Never,Never,Never,Never,I did not vote,Would not vote,Primary School,Housewife
Urban,Mombasa,30.0,Man,Secondary school / high school completed,Employed (Full-time),"Unskilled manual worker (e.g., cleaner, laborer, domestic help, unskilled manufacturing worker)",Going in the right direction,Fairly bad,Strongly approve,Somewhat,Decreased somewhat,Fairly well,Fairly badly,Every day,A few times a week,Less than once a month,Every day,Every day,I voted in the election,Orange Democratic Movement (ODM),Secondary School,Skilled/Unskilled Labor
Urban,Samburu,19.0,Man,Secondary school / high school completed,Unemployed (Actively looking),Student,Going in the right direction,Fairly good,Strongly disapprove,Just a little,Stayed the same,Very badly,Fairly well,A few times a week,Every day,Never,Every day,Every day,I was too young to vote,Orange Democratic Movement (ODM),Secondary School,Student
Urban,Samburu,34.0,Woman,Some primary schooling,Employed (Full-time),Retail / Shop,Going in the right direction,Fairly bad,Strongly disapprove,A lot,Increased a lot,Fairly badly,Fairly badly,Never,A few times a week,Never,Never,Never,I did not vote,United Democratic Alliance (UDA),Primary School,Trader
Urban,Mombasa,30.0,Woman,Primary school completed,Employed (Full-time),Retail / Shop,Going in the wrong direction,Fairly bad,Disapprove,Just a little,Increased somewhat,Fairly badly,Fairly well,Never,A few times a week,Never,Never,Never,I voted in the election,Undecided/No Response,Primary School,Trader
Urban,Mombasa,70.0,Woman,No formal schooling,Unemployed (Not looking),Never had a job,Going in the wrong direction,Very bad,Strongly disapprove,Somewhat,Increased a lot,Very badly,Very badly,Never,Less than once a month,Never,Undecided/No Response,Undecided/No Response,I voted in the election,Orange Democratic Movement (ODM),Informal Schooling,Undecided/No Response
Urban,Mombasa,30.0,Man,Primary school completed,Employed (Full-time),Retail / Shop,Going in the wrong direction,Very bad,Strongly disapprove,Not at all,Increased a lot,Very badly,Very badly,Every day,A few times a week,Never,Every day,Every day,I did not vote,Orange Democratic Movement (ODM),Primary School,Trader
Urban,Vihiga,44.0,Man,Primary school completed,Unemployed (Actively looking),Trader / hawker / vendor,Going in the wrong direction,Very bad,Strongly disapprove,Not at all,Increased a lot,Very badly,Very badly,Every day,Every day,Never,Every day,Every day,I voted in the election,Orange Democratic Movement (ODM),Primary School,Trader
Urban,Vihiga,52.0,Woman,"Post-secondary qualifications, other than university e.g. a diploma or degree from a polytechnic or college",Unemployed (Not looking),"Mid-level professional (e.g., teacher, nurse, mid-level government officer)",Going in the wrong direction,Neither good nor bad,Disapprove,Just a little,Decreased somewhat,Very badly,Very badly,Every day,Every day,Less than once a month,Never,Never,I voted in the election,Amani National Congress,Certificate/Diploma,Professional
Rural,Kajiado,50.0,Woman,No formal schooling,Employed (Part-time),Retail / Shop,Going in the right direction,Fairly good,Approve,A lot,Increased a lot,Very badly,Very badly,Every day,Never,Never,Never,Never,I voted in the election,Orange Democratic Movement (ODM),Informal Schooling,Trader
Urban,Vihiga,42.0,Woman,"Post-secondary qualifications, other than university e.g. a diploma or degree from a polytechnic or college",Employed (Full-time),"Mid-level professional (e.g., teacher, nurse, mid-level government officer)",Going in the wrong direction,Fairly good,Disapprove,Somewhat,Increased somewhat,Fairly badly,Fairly badly,Every day,Never,Never,Never,Never,I did not vote,Orange Democratic Movement (ODM),Certificate/Diploma,Professional
Rural,Kajiado,25.0,Man,Secondary school / high school completed,Unemployed (Actively looking),Agriculture / farming / fishing / forestry,Going in the right direction,Fairly bad,Approve,Somewhat,Increased a lot,Fairly well,Very badly,Every day,Never,Never,A few times a month,A few times a month,I voted in the election,Undecided/No Response,Secondary School,Agriculture
Rural,Kajiado,56.0,Woman,No formal schooling,Unemployed (Not looking),Housewife / homemaker,Going in the wrong direction,Fairly bad,Approve,Somewhat,Increased a lot,Fairly well,Fairly well,Every day,Never,Never,Never,Never,I voted in the election,United Democratic Alliance (UDA),Informal Schooling,Housewife
Rural,Kajiado,27.0,Man,Intermediate school or Some secondary school / high school,Unemployed (Actively looking),"Unskilled manual worker (e.g., cleaner, laborer, domestic help, unskilled manufacturing worker)",Going in the wrong direction,Fairly good,Strongly disapprove,Just a little,Increased somewhat,Fairly well,Very badly,Every day,Every day,Never,Never,Never,I voted in the election,Orange Democratic Movement (ODM),Secondary School,Skilled/Unskilled Labor
Rural,Kitui,43.0,Man,Primary school completed,Unemployed (Actively looking),Agriculture / farming / fishing / forestry,Going in the wrong direction,Neither good nor bad,Approve,A lot,Increased a lot,Very well,Very well,Every day,Never,Never,Never,Never,I voted in the election,Wiper Democratic Movement (WDM–K),Primary School,Agriculture
Rural,Kericho,63.0,Man,"Post-secondary qualifications, other than university e.g. a diploma or degree from a polytechnic or college",Unemployed (Not looking),Agriculture / farming / fishing / forestry,Going in the wrong direction,Fairly good,Approve,Somewhat,Increased a lot,Very badly,Fairly badly,Every day,Every day,Never,A few times a month,A few times a month,I voted in the election,United Democratic Alliance (UDA),Certificate/Diploma,Agriculture
Rural,Kericho,50.0,Woman,Some primary schooling,Unemployed (Actively looking),Agriculture / farming / fishing / forestry,Going in the wrong direction,Fairly bad,Approve,A lot,Decreased somewhat,Fairly well,Fairly badly,Every day,A few times a month,Never,Never,Never,I voted in the election,United Democratic Alliance (UDA),Primary School,Agriculture
Rural,Kitui,34.0,Woman,Secondary school / high school completed,Unemployed (Not looking),Agriculture / farming / fishing / forestry,Going in the wrong direction,Fairly bad,Strongly disapprove,Somewhat,Increased a lot,Fairly badly,Fairly badly,Every day,Never,A few times a month,Every day,A few times a month,I voted in the election,Orange Democratic Movement (ODM),Secondary School,Agriculture
Rural,Kericho,22.0,Man,Some university,Unemployed (Actively looking),Student,Going in the right direction,Fairly bad,Approve,Somewhat,Decreased somewhat,Fairly well,Undecided/No Response,Every day,Every day,Less than once a month,Every day,A few times a week,I voted in the election,Would not vote,Bachelors Degree,Student
Rural,Kitui,65.0,Woman,Primary school completed,Unemployed (Not looking),Housewife / homemaker,Going in the wrong direction,Neither good nor bad,Disapprove,Not at all,Increased a lot,Fairly badly,Very badly,Every day,Never,Never,Never,Never,I voted in the election,Undecided/No Response,Primary School,Housewife
Rural,Kericho,32.0,Woman,"Post-secondary qualifications, other than university e.g. a diploma or degree from a polytechnic or college",Employed (Full-time),"Mid-level professional (e.g., teacher, nurse, mid-level government officer)",Going in the wrong direction,Very bad,Approve,Somewhat,Increased a lot,Fairly badly,Fairly well,Never,Every day,Every day,Every day,Every day,I voted in the election,United Democratic Alliance (UDA),Certificate/Diploma,Professional
Rural,Kitui,38.0,Woman,Secondary school / high school completed,Unemployed (Actively looking),Agriculture / farming / fishing / forestry,Going in the wrong direction,Fairly bad,Approve,Just a little,Increased somewhat,Fairly badly,Fairly badly,Every day,A few times a week,A few times a week,Never,A few times a week,I voted in the election,Wiper Democratic Movement (WDM–K),Secondary School,Agriculture
Rural,Meru,30.0,Woman,"Post-secondary qualifications, other than university e.g. a diploma or degree from a polytechnic or college",Unemployed (Actively looking),Never had a job,Going in the right direction,Neither good nor bad,Strongly disapprove,Somewhat,Stayed the same,Very badly,Very badly,A few times a month,Never,Never,Every day,Never,I did not vote,Would not vote,Certificate/Diploma,Undecided/No Response
Rural,Elgeyo Marakwet,27.0,Woman,"Post-secondary qualifications, other than university e.g. a diploma or degree from a polytechnic or college",Employed (Full-time),"Mid-level professional (e.g., teacher, nurse, mid-level government officer)",Going in the right direction,Fairly good,Approve,Just a little,Increased somewhat,Very well,Fairly badly,Every day,Never,Never,A few times a week,Never,I voted in the election,United Democratic Alliance (UDA),Certificate/Diploma,Professional
Rural,Meru,23.0,Woman,Intermediate school or Some secondary school / high school,Unemployed (Actively looking),"Unskilled manual worker (e.g., cleaner, laborer, domestic help, unskilled manufacturing worker)",Going in the wrong direction,Fairly good,Approve,Not at all,Decreased somewhat,Very badly,Fairly badly,Every day,A few times a week,Never,Every day,Every day,I voted in the election,United Democratic Alliance (UDA),Secondary School,Skilled/Unskilled Labor
Urban,Garissa,33.0,Woman,Some university,Employed (Part-time),Clerical or secretarial,Going in the wrong direction,Fairly bad,Disapprove,Just a little,Stayed the same,Very badly,Very badly,Never,Every day,A few times a week,Every day,Every day,I voted in the election,United Democratic Alliance (UDA),Bachelors Degree,Professional
Urban,Garissa,18.0,Man,Intermediate school or Some secondary school / high school,Unemployed (Not looking),Student,Going in the right direction,Fairly good,Disapprove,Just a little,Increased a lot,Fairly well,Very badly,Every day,Never,Never,Every day,Every day,I did not vote,Orange Democratic Movement (ODM),Secondary School,Student
Urban,Garissa,43.0,Woman,Informal schooling only (including Koranic schooling),Unemployed (Actively looking),Retail / Shop,Going in the wrong direction,Fairly bad,Disapprove,Not at all,Stayed the same,Fairly badly,Fairly badly,A few times a week,Every day,Never,Every day,Every day,I voted in the election,United Democratic Alliance (UDA),Informal Schooling,Trader
Rural,Meru,37.0,Man,Intermediate school or Some secondary school / high school,Unemployed (Not looking),Agriculture / farming / fishing / forestry,Going in the right direction,Very good,Strongly approve,A lot,Decreased somewhat,Fairly well,Fairly badly,Every day,Every day,A few times a week,Every day,A few times a week,I did not vote,United Democratic Alliance (UDA),Secondary School,Agriculture
Urban,Garissa,23.0,Man,University completed,Employed (Part-time),"Mid-level professional (e.g., teacher, nurse, mid-level government officer)",Going in the right direction,Very bad,Approve,A lot,Undecided/No Response,Fairly well,Very well,Never,Every day,Never,Every day,Every day,I did not vote,United Democratic Alliance (UDA),Bachelors Degree,Professional
Rural,Meru,18.0,Man,Some university,Unemployed (Actively looking),Student,Going in the right direction,Fairly bad,Disapprove,Not at all,Increased a lot,Fairly badly,Fairly badly,Every day,Every day,Every day,Every day,Every day,I was too young to vote,Orange Democratic Movement (ODM),Bachelors Degree,Student
Rural,Elgeyo Marakwet,45.0,Woman,Primary school completed,Unemployed (Actively looking),Never had a job,Going in the right direction,Fairly good,Strongly approve,A lot,Decreased a lot,Fairly well,Fairly well,A few times a week,Every day,Never,Never,Never,I voted in the election,United Democratic Alliance (UDA),Primary School,Undecided/No Response
Urban,Vihiga,36.0,Woman,Undecided/No Response,Unemployed (Actively looking),Trader / hawker / vendor,Going in the right direction,Very bad,Strongly approve,Somewhat,Stayed the same,Very well,Fairly badly,Every day,Every day,Never,Never,Never,I voted in the election,United Democratic Alliance (UDA),Undecided/No Response,Trader
Rural,Kakamega,30.0,Woman,"Post-secondary qualifications, other than university e.g. a diploma or degree from a polytechnic or college",Unemployed (Actively looking),Housewife / homemaker,Going in the wrong direction,Neither good nor bad,Strongly disapprove,Not at all,Increased a lot,Very badly,Very badly,Never,Every day,A few times a week,Every day,A few times a week,I voted in the election,Orange Democratic Movement (ODM),Certificate/Diploma,Housewife
Rural,Kakamega,40.0,Man,"Post-secondary qualifications, other than university e.g. a diploma or degree from a polytechnic or college",Unemployed (Not looking),"Mid-level professional (e.g., teacher, nurse, mid-level government officer)",Going in the wrong direction,Very bad,Disapprove,Not at all,Stayed the same,Very badly,Very badly,Never,Every day,Never,Every day,Every day,I voted in the election,Orange Democratic Movement (ODM),Certificate/Diploma,Professional
Rural,Elgeyo Marakwet,19.0,Man,Secondary school / high school completed,Unemployed (Actively looking),Student,Going in the right direction,Fairly good,Approve,A lot,Increased somewhat,Fairly well,Fairly well,Every day,Every day,A few times a month,Every day,Every day,I did not vote,United Democratic Alliance (UDA),Secondary School,Student
Rural,Migori,50.0,Woman,Some primary schooling,Unemployed (Actively looking),Trader / hawker / vendor,Going in the wrong direction,Fairly bad,Approve,A lot,Increased a lot,Fairly badly,Very badly,A few times a week,Every day,Never,Every day,Never,I voted in the election,United Democratic Alliance (UDA),Primary School,Trader
Urban,Kwale,25.0,Man,"Post-secondary qualifications, other than university e.g. a diploma or degree from a polytechnic or college",Employed (Part-time),"Mid-level professional (e.g., teacher, nurse, mid-level government officer)",Going in the wrong direction,Very bad,Strongly disapprove,Not at all,Increased a lot,Very badly,Very badly,Never,Every day,Never,Every day,Every day,I did not vote,Would not vote,Certificate/Diploma,Professional
Rural,Migori,25.0,Woman,Primary school completed,Unemployed (Actively looking),Agriculture / farming / fishing / forestry,Going in the wrong direction,Fairly good,Approve,Just a little,Increased a lot,Very badly,Fairly well,Every day,A few times a week,Never,Never,Never,I voted in the election,Orange Democratic Movement (ODM),Primary School,Agriculture
Rural,Elgeyo Marakwet,23.0,Man,Secondary school / high school completed,Unemployed (Actively looking),Agriculture / farming / fishing / forestry,Going in the right direction,Very good,Approve,A lot,Decreased somewhat,Fairly well,Fairly well,Every day,Every day,A few times a month,A few times a week,A few times a week,I voted in the election,United Democratic Alliance (UDA),Secondary School,Agriculture
Rural,Kakamega,19.0,Woman,Intermediate school or Some secondary school / high school,Unemployed (Actively looking),Student,Going in the wrong direction,Very bad,Disapprove,Just a little,Stayed the same,Fairly badly,Fairly badly,A few times a week,Never,Never,Never,Never,I did not vote,United Democratic Alliance (UDA),Secondary School,Student
Urban,Kwale,48.0,Woman,Primary school completed,Unemployed (Actively looking),Retail / Shop,Going in the wrong direction,Fairly bad,Disapprove,Not at all,Increased a lot,Fairly badly,Very badly,Never,Never,Never,Every day,Every day,I voted in the election,Jubilee Alliance Party (JAP),Primary School,Trader
Urban,Kwale,25.0,Man,Primary school completed,Employed (Full-time),Trader / hawker / vendor,Going in the wrong direction,Very bad,Disapprove,Not at all,Stayed the same,Very badly,Fairly badly,Every day,Every day,Never,Every day,Every day,I voted in the election,Orange Democratic Movement (ODM),Primary School,Trader
Urban,Kwale,30.0,Woman,Primary school completed,Unemployed (Actively looking),"Unskilled manual worker (e.g., cleaner, laborer, domestic help, unskilled manufacturing worker)",Going in the wrong direction,Very good,Strongly disapprove,Not at all,Increased a lot,Fairly badly,Fairly badly,Never,Every day,Never,Every day,Every day,I voted in the election,Would not vote,Primary School,Skilled/Unskilled Labor
Rural,Migori,70.0,Woman,Some primary schooling,Unemployed (Not looking),Agriculture / farming / fishing / forestry,Going in the wrong direction,Very bad,Strongly disapprove,A lot,Increased a lot,Very badly,Very badly,Every day,Never,Never,Never,Never,I voted in the election,Undecided/No Response,Primary School,Agriculture
Urban,Vihiga,50.0,Man,"Post-secondary qualifications, other than university e.g. a diploma or degree from a polytechnic or college",Employed (Full-time),"Mid-level professional (e.g., teacher, nurse, mid-level government officer)",Going in the wrong direction,Very bad,Strongly disapprove,Somewhat,Increased a lot,Fairly badly,Very badly,Never,Every day,Never,Every day,Every day,I voted in the election,Orange Democratic Movement (ODM),Certificate/Diploma,Professional
Rural,Migori,32.0,Woman,Primary school completed,Employed (Part-time),"Unskilled manual worker (e.g., cleaner, laborer, domestic help, unskilled manufacturing worker)",Going in the wrong direction,Very bad,Strongly disapprove,Just a little,Increased somewhat,Fairly badly,Fairly badly,A few times a week,A few times a week,Never,Never,Never,I voted in the election,Orange Democratic Movement (ODM),Primary School,Skilled/Unskilled Labor
Rural,Kajiado,28.0,Woman,Primary school completed,Unemployed (Actively looking),Never had a job,Going in the right direction,Neither good nor bad,Disapprove,Somewhat,Increased somewhat,Fairly badly,Fairly badly,A few times a week,Never,Never,Never,Never,I did not vote,Would not vote,Primary School,Undecided/No Response
Rural,Kericho,35.0,Woman,Intermediate school or Some secondary school / high school,Unemployed (Not looking),Retail / Shop,Going in the right direction,Fairly good,Approve,A lot,Stayed the same,Fairly well,Fairly badly,A few times a month,Every day,Never,Every day,A few times a week,I voted in the election,United Democratic Alliance (UDA),Secondary School,Trader
Urban,Vihiga,48.0,Man,University completed,Employed (Full-time),Retail / Shop,Going in the wrong direction,Very bad,Approve,Somewhat,Increased a lot,Fairly well,Very badly,Every day,Every day,A few times a month,Never,Never,I voted in the election,Orange Democratic Movement (ODM),Bachelors Degree,Trader
Urban,Vihiga,19.0,Woman,"Post-secondary qualifications, other than university e.g. a diploma or degree from a polytechnic or college",Unemployed (Not looking),Student,Going in the wrong direction,Fairly bad,Undecided/No Response,Not at all,Stayed the same,Very badly,Very badly,A few times a month,A few times a month,Never,Every day,Every day,I did not vote,Would not vote,Certificate/Diploma,Student
Rural,Kajiado,65.0,Man,"Post-secondary qualifications, other than university e.g. a diploma or degree from a polytechnic or college",Unemployed (Actively looking),Agriculture / farming / fishing / forestry,Going in the right direction,Fairly good,Strongly approve,Somewhat,Increased a lot,Very badly,Very badly,Every day,A few times a week,Every day,Every day,A few times a month,I voted in the election,Orange Democratic Movement (ODM),Certificate/Diploma,Agriculture
Rural,Kericho,37.0,Woman,Intermediate school or Some secondary school / high school,Unemployed (Actively looking),Agriculture / farming / fishing / forestry,Going in the wrong direction,Fairly bad,Approve,Just a little,Decreased somewhat,Fairly well,Fairly well,Every day,Every day,Less than once a month,A few times a week,A few times a week,I voted in the election,United Democratic Alliance (UDA),Secondary School,Agriculture
Urban,Vihiga,37.0,Man,University completed,Employed (Part-time),"Unskilled manual worker (e.g., cleaner, laborer, domestic help, unskilled manufacturing worker)",Going in the wrong direction,Very bad,Strongly disapprove,Not at all,Increased a lot,Very badly,Very badly,Every day,Every day,Never,Every day,Every day,I voted in the election,Orange Democratic Movement (ODM),Bachelors Degree,Skilled/Unskilled Labor
Rural,Kajiado,30.0,Man,Secondary school / high school completed,Unemployed (Actively looking),Never had a job,Going in the wrong direction,Fairly good,Strongly disapprove,Somewhat,Increased somewhat,Fairly badly,Fairly badly,Every day,Less than once a month,Never,Never,Never,I voted in the election,Orange Democratic Movement (ODM),Secondary School,Undecided/No Response
Rural,Kitui,33.0,Woman,"Post-secondary qualifications, other than university e.g. a diploma or degree from a polytechnic or college",Unemployed (Actively looking),Agriculture / farming / fishing / forestry,Going in the right direction,Neither good nor bad,Strongly disapprove,Not at all,Increased a lot,Very badly,Very badly,A few times a week,A few times a week,Never,Never,Never,I voted in the election,Undecided/No Response,Certificate/Diploma,Agriculture
Rural,Kajiado,55.0,Woman,Secondary school / high school completed,Unemployed (Actively looking),"Unskilled manual worker (e.g., cleaner, laborer, domestic help, unskilled manufacturing worker)",Going in the wrong direction,Very bad,Strongly disapprove,Just a little,Increased a lot,Very badly,Very badly,Never,Every day,Never,Never,Never,I voted in the election,Would not vote,Secondary School,Skilled/Unskilled Labor
Rural,Kericho,24.0,Man,"Post-secondary qualifications, other than university e.g. a diploma or degree from a polytechnic or college",Employed (Full-time),"Mid-level professional (e.g., teacher, nurse, mid-level government officer)",Going in the right direction,Fairly good,Approve,Somewhat,Increased a lot,Very badly,Very badly,Never,Every day,Never,Every day,Every day,I voted in the election,United Democratic Alliance (UDA),Certificate/Diploma,Professional
Rural,Kakamega,18.0,Man,Intermediate school or Some secondary school / high school,Unemployed (Not looking),Student,Going in the wrong direction,Fairly bad,Disapprove,Somewhat,Increased a lot,Fairly badly,Fairly badly,Every day,Every day,Never,Every day,Every day,I was too young to vote,United Democratic Alliance (UDA),Secondary School,Student
Rural,Kitui,65.0,Man,Primary school completed,Unemployed (Actively looking),"Unskilled manual worker (e.g., cleaner, laborer, domestic help, unskilled manufacturing worker)",Going in the wrong direction,Very bad,Approve,Not at all,Increased a lot,Very badly,Fairly badly,Every day,Never,Never,A few times a week,A few times a week,I voted in the election,Orange Democratic Movement (ODM),Primary School,Skilled/Unskilled Labor
Rural,Kericho,35.0,Man,University completed,Employed (Full-time),"Mid-level professional (e.g., teacher, nurse, mid-level government officer)",Going in the right direction,Fairly good,Strongly approve,A lot,Decreased somewhat,Fairly well,Fairly well,A few times a week,Every day,Less than once a month,Every day,Every day,I did not vote,United Democratic Alliance (UDA),Bachelors Degree,Professional
Rural,Meru,54.0,Man,University completed,Employed (Full-time),"Mid-level professional (e.g., teacher, nurse, mid-level government officer)",Going in the wrong direction,Fairly bad,Strongly disapprove,Just a little,Increased somewhat,Fairly well,Very badly,Every day,Never,Never,Every day,Never,I voted in the election,Orange Democratic Movement (ODM),Bachelors Degree,Professional
Rural,Kitui,22.0,Man,Primary school completed,Employed (Part-time),"Unskilled manual worker (e.g., cleaner, laborer, domestic help, unskilled manufacturing worker)",Going in the wrong direction,Fairly bad,Disapprove,Just a little,Increased somewhat,Fairly badly,Fairly badly,Every day,Never,Never,Never,Never,I voted in the election,United Democratic Alliance (UDA),Primary School,Skilled/Unskilled Labor
Urban,Garissa,48.0,Man,Primary school completed,Employed (Part-time),Agriculture / farming / fishing / forestry,Going in the right direction,Fairly bad,Approve,Somewhat,Stayed the same,Fairly badly,Very badly,A few times a week,Less than once a month,Never,Never,Never,I did not vote,Would not vote,Primary School,Agriculture
Urban,Garissa,25.0,Woman,Some university,Unemployed (Actively looking),Student,Going in the wrong direction,Fairly bad,Approve,Just a little,Increased a lot,Fairly badly,Fairly badly,A few times a month,Every day,Less than once a month,Every day,A few times a week,I voted in the election,Would not vote,Bachelors Degree,Student
Urban,Kwale,46.0,Man,Secondary school / high school completed,Unemployed (Not looking),Trader / hawker / vendor,Going in the wrong direction,Fairly good,Strongly disapprove,Not at all,Increased somewhat,Fairly well,Fairly badly,Every day,Every day,Every day,Every day,Every day,I voted in the election,Orange Democratic Movement (ODM),Secondary School,Trader
Rural,Meru,22.0,Woman,Secondary school / high school completed,Employed (Full-time),"Unskilled manual worker (e.g., cleaner, laborer, domestic help, unskilled manufacturing worker)",Going in the right direction,Fairly good,Approve,Somewhat,Increased a lot,Fairly badly,Very badly,A few times a week,A few times a week,Never,Every day,Every day,I was too young to vote,Undecided/No Response,Secondary School,Skilled/Unskilled Labor
Rural,Kitui,63.0,Man,Primary school completed,Unemployed (Actively looking),Agriculture / farming / fishing / forestry,Going in the right direction,Neither good nor bad,Approve,Not at all,Decreased somewhat,Fairly badly,Fairly well,Every day,Never,Never,Never,Never,I voted in the election,Undecided/No Response,Primary School,Agriculture
Rural,Meru,50.0,Man,Primary school completed,Employed (Part-time),Trader / hawker / vendor,Undecided/No Response,Very bad,Approve,Somewhat,Increased somewhat,Fairly well,Fairly well,A few times a week,Every day,A few times a week,A few times a week,A few times a week,I voted in the election,United Democratic Alliance (UDA),Primary School,Trader
Urban,Kwale,39.0,Woman,Primary school completed,Unemployed (Actively looking),Retail / Shop,Going in the wrong direction,Very bad,Strongly disapprove,Somewhat,Increased somewhat,Very badly,Very badly,Less than once a month,Less than once a month,Never,Every day,Every day,I voted in the election,Undecided/No Response,Primary School,Trader
Rural,Kakamega,72.0,Man,Some primary schooling,Unemployed (Not looking),"Unskilled manual worker (e.g., cleaner, laborer, domestic help, unskilled manufacturing worker)",Going in the wrong direction,Fairly bad,Approve,Somewhat,Increased a lot,Fairly badly,Fairly badly,Every day,Less than once a month,Never,Never,Never,I voted in the election,Would not vote,Primary School,Skilled/Unskilled Labor
Rural,Elgeyo Marakwet,63.0,Man,Secondary school / high school completed,Unemployed (Not looking),Agriculture / farming / fishing / forestry,Going in the right direction,Fairly good,Strongly approve,A lot,Increased somewhat,Fairly well,Fairly well,Every day,A few times a week,A few times a month,Never,Never,I voted in the election,United Democratic Alliance (UDA),Secondary School,Agriculture
Urban,Garissa,70.0,Man,Informal schooling only (including Koranic schooling),Unemployed (Actively looking),Agriculture / farming / fishing / forestry,Going in the right direction,Fairly good,Approve,Somewhat,Decreased a lot,Fairly badly,Fairly badly,Every day,A few times a week,Never,Never,Never,I voted in the election,Wiper Democratic Movement (WDM–K),Informal Schooling,Agriculture
Rural,Elgeyo Marakwet,25.0,Man,"Post-secondary qualifications, other than university e.g. a diploma or degree from a polytechnic or college",Unemployed (Actively looking),Agriculture / farming / fishing / forestry,Going in the right direction,Fairly good,Strongly approve,A lot,Increased a lot,Fairly well,Very badly,Never,Every day,Never,Every day,Every day,I voted in the election,United Democratic Alliance (UDA),Certificate/Diploma,Agriculture
Urban,Garissa,22.0,Woman,Secondary school / high school completed,Unemployed (Actively looking),Retail / Shop,Going in the right direction,Very bad,Strongly disapprove,Just a little,Increased a lot,Very badly,Very badly,Every day,Every day,A few times a month,Every day,Every day,I did not vote,Would not vote,Secondary School,Trader
Urban,Kwale,43.0,Man,Primary school completed,Unemployed (Actively looking),"Unskilled manual worker (e.g., cleaner, laborer, domestic help, unskilled manufacturing worker)",Going in the wrong direction,Fairly bad,Disapprove,A lot,Increased a lot,Very badly,Fairly badly,Every day,Every day,Never,Every day,Every day,I voted in the election,Orange Democratic Movement (ODM),Primary School,Skilled/Unskilled Labor
Rural,Migori,34.0,Man,"Post-secondary qualifications, other than university e.g. a diploma or degree from a polytechnic or college",Unemployed (Actively looking),Agriculture / farming / fishing / forestry,Going in the wrong direction,Very bad,Approve,Somewhat,Increased somewhat,Fairly well,Fairly well,A few times a week,Every day,A few times a week,Every day,Every day,I voted in the election,United Democratic Alliance (UDA),Certificate/Diploma,Agriculture
Rural,Elgeyo Marakwet,35.0,Woman,Primary school completed,Unemployed (Not looking),Agriculture / farming / fishing / forestry,Going in the right direction,Fairly good,Strongly approve,Somewhat,Stayed the same,Fairly well,Very well,A few times a week,A few times a month,Never,Never,Never,I voted in the election,United Democratic Alliance (UDA),Primary School,Agriculture
Rural,Kakamega,25.0,Woman,Secondary school / high school completed,Unemployed (Not looking),Retail / Shop,Going in the right direction,Neither good nor bad,Strongly disapprove,Not at all,Increased a lot,Very badly,Very badly,Every day,A few times a week,A few times a month,A few times a week,A few times a week,I voted in the election,Orange Democratic Movement (ODM),Secondary School,Trader
Rural,Elgeyo Marakwet,23.0,Woman,Secondary school / high school completed,Unemployed (Actively looking),Trader / hawker / vendor,Going in the wrong direction,Fairly bad,Strongly approve,A lot,Decreased somewhat,Fairly well,Fairly well,Every day,A few times a week,A few times a week,Every day,Every day,I did not vote,United Democratic Alliance (UDA),Secondary School,Trader
Rural,Migori,40.0,Man,Secondary school / high school completed,Unemployed (Actively looking),Agriculture / farming / fishing / forestry,Going in the wrong direction,Very bad,Strongly disapprove,Somewhat,Increased a lot,Very badly,Very badly,Every day,Every day,Every day,Every day,Every day,I voted in the election,Orange Democratic Movement (ODM),Secondary School,Agriculture
Urban,Kwale,43.0,Woman,Intermediate school or Some secondary school / high school,Employed (Full-time),Retail / Shop,Going in the right direction,Fairly good,Approve,Just a little,Decreased somewhat,Fairly badly,Fairly well,Every day,Every day,Never,Never,Never,I voted in the election,Orange Democratic Movement (ODM),Secondary School,Trader
Rural,Meru,39.0,Woman,Primary school completed,Employed (Full-time),Retail / Shop,Going in the wrong direction,Neither good nor bad,Strongly approve,A lot,Decreased somewhat,Fairly well,Fairly well,Every day,Every day,Less than once a month,Every day,Every day,I voted in the election,United Democratic Alliance (UDA),Primary School,Trader
Rural,Migori,33.0,Man,Secondary school / high school completed,Employed (Full-time),"Unskilled manual worker (e.g., cleaner, laborer, domestic help, unskilled manufacturing worker)",Going in the wrong direction,Fairly bad,Approve,Just a little,Increased a lot,Fairly badly,Very badly,A few times a week,Every day,Less than once a month,Every day,Every day,I voted in the election,Orange Democratic Movement (ODM),Secondary School,Skilled/Unskilled Labor
Rural,Kakamega,47.0,Man,Primary school completed,Employed (Part-time),"Unskilled manual worker (e.g., cleaner, laborer, domestic help, unskilled manufacturing worker)",Going in the wrong direction,Very bad,Strongly disapprove,Just a little,Increased a lot,Very badly,Very badly,Every day,A few times a month,Never,Never,Never,I voted in the election,Orange Democratic Movement (ODM),Primary School,Skilled/Unskilled Labor
Rural,Migori,46.0,Man,Secondary school / high school completed,Unemployed (Actively looking),Agriculture / farming / fishing / forestry,Going in the wrong direction,Fairly bad,Approve,Not at all,Stayed the same,Fairly badly,Very badly,Every day,Every day,Never,Never,Never,I voted in the election,Orange Democratic Movement (ODM),Secondary School,Agriculture
Rural,Kakamega,59.0,Woman,Secondary school / high school completed,Unemployed (Not looking),Housewife / homemaker,Going in the wrong direction,Fairly bad,Disapprove,Not at all,Increased a lot,Fairly badly,Fairly badly,Every day,A few times a week,Never,Less than once a month,Less than once a month,I voted in the election,Orange Democratic Movement (ODM),Secondary School,Housewife
Urban,Trans-Zoia,24.0,Woman,"Post-secondary qualifications, other than university e.g. a diploma or degree from a polytechnic or college",Unemployed (Not looking),Student,Going in the right direction,Fairly good,Strongly approve,Somewhat,Decreased somewhat,Fairly well,Fairly well,A few times a month,Every day,Never,Every day,Every day,I voted in the election,United Democratic Alliance (UDA),Certificate/Diploma,Student
Urban,Trans-Zoia,27.0,Man,Secondary school / high school completed,Employed (Part-time),Agriculture / farming / fishing / forestry,Going in the right direction,Very good,Approve,A lot,Decreased a lot,Fairly well,Fairly well,Less than once a month,Every day,Never,Every day,Every day,I voted in the election,Jubilee Alliance Party (JAP),Secondary School,Agriculture
Urban,Kiambu,28.0,Man,"Post-secondary qualifications, other than university e.g. a diploma or degree from a polytechnic or college",Unemployed (Not looking),"Upper-level professional (e.g., banker/finance, doctor, lawyer, engineer, accountant, professor, senior-level government",Going in the right direction,Neither good nor bad,Strongly approve,Somewhat,Stayed the same,Fairly well,Fairly badly,A few times a week,Less than once a month,Never,Every day,Every day,I voted in the election,United Democratic Alliance (UDA),Certificate/Diploma,Professional
Urban,Kiambu,35.0,Woman,Secondary school / high school completed,Employed (Part-time),Trader / hawker / vendor,Going in the right direction,Fairly good,Approve,A lot,Stayed the same,Fairly well,Fairly well,Never,Every day,Never,Every day,Every day,I voted in the election,United Democratic Alliance (UDA),Secondary School,Trader
Urban,Trans-Zoia,33.0,Woman,Secondary school / high school completed,Unemployed (Actively looking),"Unskilled manual worker (e.g., cleaner, laborer, domestic help, unskilled manufacturing worker)",Undecided/No Response,Very bad,Strongly approve,A lot,Stayed the same,Fairly well,Fairly well,Every day,Never,Never,Never,Undecided/No Response,I did not vote,United Democratic Alliance (UDA),Secondary School,Skilled/Unskilled Labor
Urban,Kiambu,18.0,Man,Secondary school / high school completed,Unemployed (Actively looking),Student,Going in the right direction,Neither good nor bad,Approve,Somewhat,Stayed the same,Fairly well,Very badly,Less than once a month,Every day,Never,Every day,A few times a week,I did not vote,United Democratic Alliance (UDA),Secondary School,Student
Urban,Trans-Zoia,42.0,Man,"Post-secondary qualifications, other than university e.g. a diploma or degree from a polytechnic or college",Employed (Part-time),"Mid-level professional (e.g., teacher, nurse, mid-level government officer)",Going in the right direction,Fairly good,Approve,Somewhat,Decreased somewhat,Fairly well,Fairly well,Every day,Every day,Every day,Every day,Every day,I voted in the election,Wiper Democratic Movement (WDM–K),Certificate/Diploma,Professional
Urban,Kiambu,24.0,Woman,"Post-secondary qualifications, other than university e.g. a diploma or degree from a polytechnic or college",Unemployed (Actively looking),Never had a job,Going in the wrong direction,Neither good nor bad,Disapprove,Not at all,Increased somewhat,Fairly well,Very badly,Less than once a month,Every day,Less than once a month,Every day,Every day,I did not vote,Orange Democratic Movement (ODM),Certificate/Diploma,Undecided/No Response
Urban,Kericho,36.0,Man,"Post-secondary qualifications, other than university e.g. a diploma or degree from a polytechnic or college",Employed (Full-time),"Security services (police, army, private security)",Going in the right direction,Fairly bad,Strongly disapprove,Just a little,Increased somewhat,Fairly well,Fairly badly,Never,Every day,Never,Every day,Every day,I voted in the election,United Democratic Alliance (UDA),Certificate/Diploma,Security Services
Urban,Kericho,24.0,Woman,University completed,Employed (Part-time),"Mid-level professional (e.g., teacher, nurse, mid-level government officer)",Going in the right direction,Fairly bad,Approve,Somewhat,Increased a lot,Fairly well,Fairly badly,A few times a week,Every day,Never,Every day,Every day,I voted in the election,Orange Democratic Movement (ODM),Bachelors Degree,Professional
Urban,Kericho,55.0,Man,Intermediate school or Some secondary school / high school,Employed (Full-time),"Artisan or skilled manual worker (e.g., trades like electrician, mechanic, machinist or skilled manufacturing worker)",Going in the right direction,Fairly good,Strongly approve,A lot,Stayed the same,Fairly well,Fairly well,Every day,Every day,Less than once a month,A few times a week,A few times a week,I voted in the election,United Democratic Alliance (UDA),Secondary School,Skilled/Unskilled Labor
Urban,Trans-Zoia,45.0,Man,Some primary schooling,Unemployed (Actively looking),"Unskilled manual worker (e.g., cleaner, laborer, domestic help, unskilled manufacturing worker)",Going in the wrong direction,Very bad,Disapprove,Just a little,Increased a lot,Fairly well,Very badly,A few times a week,Never,Never,Never,Never,I voted in the election,United Democratic Alliance (UDA),Primary School,Skilled/Unskilled Labor
Urban,Kericho,23.0,Man,Some university,Unemployed (Actively looking),Student,Undecided/No Response,Fairly good,Disapprove,Somewhat,Stayed the same,Fairly well,Fairly badly,Less than once a month,Every day,Never,Every day,A few times a week,I did not vote,Would not vote,Bachelors Degree,Student
Urban,Kiambu,23.0,Man,Secondary school / high school completed,Employed (Full-time),"Security services (police, army, private security)",Going in the right direction,Fairly good,Approve,Somewhat,Decreased a lot,Fairly well,Fairly well,Less than once a month,A few times a month,A few times a week,Every day,Every day,I did not vote,Wiper Democratic Movement (WDM–K),Secondary School,Security Services
Urban,Trans-Zoia,42.0,Man,"Post-secondary qualifications, other than university e.g. a diploma or degree from a polytechnic or college",Employed (Full-time),"Unskilled manual worker (e.g., cleaner, laborer, domestic help, unskilled manufacturing worker)",Going in the wrong direction,Fairly bad,Strongly disapprove,Not at all,Increased a lot,Very badly,Very badly,Every day,Never,Never,Never,Never,I voted in the election,Orange Democratic Movement (ODM),Certificate/Diploma,Skilled/Unskilled Labor
Urban,Kiambu,30.0,Man,"Post-secondary qualifications, other than university e.g. a diploma or degree from a polytechnic or college",Unemployed (Not looking),Student,Going in the right direction,Fairly bad,Approve,Just a little,Stayed the same,Fairly badly,Fairly badly,A few times a month,Every day,Never,Every day,Every day,I did not vote,Would not vote,Certificate/Diploma,Student
Urban,Kiambu,20.0,Woman,"Post-secondary qualifications, other than university e.g. a diploma or degree from a polytechnic or college",Unemployed (Not looking),Student,Going in the wrong direction,Neither good nor bad,Disapprove,Just a little,Increased somewhat,Fairly badly,Fairly badly,Never,Less than once a month,Never,Every day,Less than once a month,I did not vote,Would not vote,Certificate/Diploma,Student
Urban,Trans-Zoia,28.0,Woman,Intermediate school or Some secondary school / high school,Unemployed (Actively looking),"Unskilled manual worker (e.g., cleaner, laborer, domestic help, unskilled manufacturing worker)",Going in the wrong direction,Very bad,Approve,Somewhat,Increased a lot,Fairly badly,Fairly badly,Every day,Never,Never,Never,Never,I did not vote,Would not vote,Secondary School,Skilled/Unskilled Labor
Rural,Vihiga,80.0,Man,Intermediate school or Some secondary school / high school,Unemployed (Not looking),Agriculture / farming / fishing / forestry,Going in the right direction,Fairly bad,Approve,Just a little,Decreased somewhat,Fairly well,Undecided/No Response,Every day,Every day,Never,Never,Never,I voted in the election,Orange Democratic Movement (ODM),Secondary School,Agriculture
Urban,Trans-Zoia,56.0,Woman,Primary school completed,Employed (Full-time),Agriculture / farming / fishing / forestry,Going in the wrong direction,Very bad,Strongly disapprove,Not at all,Increased a lot,Very badly,Very badly,A few times a week,Never,Never,Never,Never,I voted in the election,Would not vote,Primary School,Agriculture
Urban,Kiambu,23.0,Woman,"Post-secondary qualifications, other than university e.g. a diploma or degree from a polytechnic or college",Unemployed (Actively looking),Student,Going in the wrong direction,Neither good nor bad,Strongly disapprove,Just a little,Increased a lot,Very badly,Very badly,A few times a month,A few times a month,Less than once a month,Every day,Every day,I did not vote,Would not vote,Certificate/Diploma,Student
Rural,Vihiga,20.0,Woman,"Post-secondary qualifications, other than university e.g. a diploma or degree from a polytechnic or college",Unemployed (Actively looking),"Unskilled manual worker (e.g., cleaner, laborer, domestic help, unskilled manufacturing worker)",Going in the wrong direction,Fairly good,Disapprove,Just a little,Increased somewhat,Fairly well,Fairly badly,A few times a week,A few times a month,Less than once a month,Every day,A few times a month,I did not vote,KANU,Certificate/Diploma,Skilled/Unskilled Labor
Rural,Vihiga,38.0,Woman,Secondary school / high school completed,Employed (Full-time),Retail / Shop,Going in the wrong direction,Fairly bad,Disapprove,Just a little,Increased somewhat,Very badly,Very badly,Every day,A few times a month,Never,Never,Never,I voted in the election,Undecided/No Response,Secondary School,Trader
Urban,Kericho,56.0,Man,"Post-secondary qualifications, other than university e.g. a diploma or degree from a polytechnic or college",Employed (Full-time),"Upper-level professional (e.g., banker/finance, doctor, lawyer, engineer, accountant, professor, senior-level government",Going in the right direction,Very bad,Strongly disapprove,Somewhat,Increased a lot,Fairly badly,Fairly well,Never,Every day,Never,Every day,Every day,I voted in the election,Undecided/No Response,Certificate/Diploma,Professional
Rural,Meru,23.0,Man,Some primary schooling,Unemployed (Actively looking),"Unskilled manual worker (e.g., cleaner, laborer, domestic help, unskilled manufacturing worker)",Going in the wrong direction,Very bad,Strongly disapprove,Not at all,Increased a lot,Very badly,Very badly,Every day,A few times a week,A few times a week,A few times a month,A few times a month,I did not vote,Orange Democratic Movement (ODM),Primary School,Skilled/Unskilled Labor
Rural,Meru,62.0,Woman,"Post-secondary qualifications, other than university e.g. a diploma or degree from a polytechnic or college",Unemployed (Not looking),Clerical or secretarial,Going in the right direction,Neither good nor bad,Strongly approve,A lot,Increased somewhat,Fairly well,Fairly well,Every day,Every day,Less than once a month,Every day,Every day,I voted in the election,United Democratic Alliance (UDA),Certificate/Diploma,Professional
Rural,Meru,27.0,Woman,Some primary schooling,Employed (Full-time),Trader / hawker / vendor,Going in the right direction,Very good,Approve,A lot,Decreased somewhat,Fairly well,Very well,Every day,Every day,Never,Never,Never,I voted in the election,Would not vote,Primary School,Trader
Rural,Meru,22.0,Man,Some university,Employed (Full-time),Trader / hawker / vendor,Going in the right direction,Neither good nor bad,Approve,Somewhat,Decreased a lot,Fairly well,Fairly well,Never,Every day,Never,Never,Every day,I was too young to vote,Undecided/No Response,Bachelors Degree,Trader
Urban,Kericho,56.0,Woman,"Post-secondary qualifications, other than university e.g. a diploma or degree from a polytechnic or college",Employed (Full-time),"Mid-level professional (e.g., teacher, nurse, mid-level government officer)",Going in the right direction,Fairly good,Approve,Somewhat,Decreased somewhat,Fairly well,Fairly badly,Less than once a month,Every day,Less than once a month,A few times a week,A few times a month,I voted in the election,United Democratic Alliance (UDA),Certificate/Diploma,Professional
Rural,Kwale,35.0,Man,Primary school completed,Unemployed (Actively looking),"Unskilled manual worker (e.g., cleaner, laborer, domestic help, unskilled manufacturing worker)",Going in the right direction,Fairly bad,Strongly disapprove,Somewhat,Increased a lot,Very badly,Very badly,Every day,Every day,Never,Never,Never,I voted in the election,Undecided/No Response,Primary School,Skilled/Unskilled Labor
Rural,Kwale,50.0,Man,Some primary schooling,Employed (Part-time),"Security services (police, army, private security)",Going in the wrong direction,Fairly bad,Disapprove,Just a little,Increased somewhat,Fairly well,Very badly,Every day,A few times a week,Never,Never,Never,I voted in the election,Undecided/No Response,Primary School,Security Services
Urban,Kericho,45.0,Woman,"Post-secondary qualifications, other than university e.g. a diploma or degree from a polytechnic or college",Employed (Full-time),"Mid-level professional (e.g., teacher, nurse, mid-level government officer)",Going in the wrong direction,Fairly bad,Disapprove,Just a little,Stayed the same,Fairly badly,Very badly,Every day,Every day,Never,Every day,A few times a week,I voted in the election,Would not vote,Certificate/Diploma,Professional
Rural,Kwale,45.0,Woman,Primary school completed,Unemployed (Actively looking),Trader / hawker / vendor,Going in the wrong direction,Very bad,Disapprove,Just a little,Increased a lot,Very badly,Very badly,A few times a month,Less than once a month,Never,Never,Never,I voted in the election,United Democratic Alliance (UDA),Primary School,Trader
Rural,Kwale,42.0,Woman,Primary school completed,Unemployed (Actively looking),Agriculture / farming / fishing / forestry,Going in the right direction,Neither good nor bad,Approve,Somewhat,Increased somewhat,Fairly well,Fairly badly,Every day,Every day,Never,Never,Never,I voted in the election,United Democratic Alliance (UDA),Primary School,Agriculture
Rural,Vihiga,37.0,Man,Secondary school / high school completed,Unemployed (Actively looking),"Artisan or skilled manual worker (e.g., trades like electrician, mechanic, machinist or skilled manufacturing worker)",Going in the wrong direction,Fairly bad,Strongly disapprove,Just a little,Increased a lot,Very badly,Very badly,Every day,Every day,A few times a month,Every day,A few times a week,I voted in the election,Orange Democratic Movement (ODM),Secondary School,Skilled/Unskilled Labor
Rural,Bungoma,51.0,Woman,Secondary school / high school completed,Unemployed (Not looking),Housewife / homemaker,Going in the wrong direction,Fairly bad,Disapprove,Just a little,Increased somewhat,Fairly badly,Fairly badly,Every day,Every day,Less than once a month,Every day,Every day,I voted in the election,Orange Democratic Movement (ODM),Secondary School,Housewife
Rural,Bungoma,58.0,Woman,Intermediate school or Some secondary school / high school,Unemployed (Not looking),Agriculture / farming / fishing / forestry,Going in the right direction,Fairly good,Approve,Just a little,Increased a lot,Fairly badly,Fairly well,Every day,Every day,Less than once a month,A few times a week,A few times a week,I voted in the election,Orange Democratic Movement (ODM),Secondary School,Agriculture
Urban,Kericho,24.0,Woman,University completed,Unemployed (Actively looking),"Upper-level professional (e.g., banker/finance, doctor, lawyer, engineer, accountant, professor, senior-level government",Going in the wrong direction,Very bad,Disapprove,Not at all,Increased a lot,Very badly,Very badly,A few times a week,Every day,A few times a month,Every day,Every day,I did not vote,Would not vote,Bachelors Degree,Professional
Rural,Bungoma,67.0,Man,Some primary schooling,Unemployed (Not looking),"Artisan or skilled manual worker (e.g., trades like electrician, mechanic, machinist or skilled manufacturing worker)",Going in the wrong direction,Fairly bad,Strongly disapprove,Not at all,Decreased a lot,Very badly,Very badly,Every day,Never,Never,Never,Never,I voted in the election,Orange Democratic Movement (ODM),Primary School,Skilled/Unskilled Labor
Rural,Bungoma,66.0,Man,Some primary schooling,Unemployed (Not looking),Agriculture / farming / fishing / forestry,Going in the right direction,Fairly bad,Approve,A lot,Increased somewhat,Fairly well,Fairly well,Every day,Never,Never,Never,Never,I voted in the election,United Democratic Alliance (UDA),Primary School,Agriculture
Rural,Vihiga,65.0,Woman,Secondary school / high school completed,Unemployed (Not looking),Agriculture / farming / fishing / forestry,Going in the right direction,Fairly good,Undecided/No Response,Just a little,Undecided/No Response,Fairly well,Undecided/No Response,Every day,Every day,Less than once a month,A few times a week,Never,I voted in the election,Undecided/No Response,Secondary School,Agriculture
Rural,Vihiga,71.0,Man,Primary school completed,Unemployed (Not looking),Agriculture / farming / fishing / forestry,Going in the right direction,Fairly good,Approve,Just a little,Increased a lot,Fairly badly,Very badly,A few times a week,A few times a week,Never,Never,Never,I voted in the election,Orange Democratic Movement (ODM),Primary School,Agriculture
Rural,Meru,21.0,Woman,"Post-secondary qualifications, other than university e.g. a diploma or degree from a polytechnic or college",Unemployed (Actively looking),Student,Going in the right direction,Fairly good,Disapprove,Just a little,Increased somewhat,Fairly well,Fairly well,Never,Every day,A few times a month,Every day,Every day,I did not vote,United Democratic Alliance (UDA),Certificate/Diploma,Student
Rural,Vihiga,62.0,Man,University completed,Unemployed (Not looking),"Upper-level professional (e.g., banker/finance, doctor, lawyer, engineer, accountant, professor, senior-level government",Going in the wrong direction,Neither good nor bad,Undecided/No Response,Not at all,Increased a lot,Very badly,Very badly,Every day,Every day,Less than once a month,Never,Never,I voted in the election,Undecided/No Response,Bachelors Degree,Professional
Rural,Meru,30.0,Woman,"Post-secondary qualifications, other than university e.g. a diploma or degree from a polytechnic or college",Unemployed (Actively looking),"Unskilled manual worker (e.g., cleaner, laborer, domestic help, unskilled manufacturing worker)",Going in the wrong direction,Neither good nor bad,Disapprove,Not at all,Stayed the same,Fairly badly,Very badly,Less than once a month,Every day,Never,Every day,Every day,I did not vote,Undecided/No Response,Certificate/Diploma,Skilled/Unskilled Labor
Rural,Meru,19.0,Man,Secondary school / high school completed,Employed (Full-time),Trader / hawker / vendor,Going in the wrong direction,Very bad,Strongly disapprove,Not at all,Increased a lot,Very badly,Very badly,A few times a week,Every day,A few times a week,Every day,Every day,I did not vote,Wiper Democratic Movement (WDM–K),Secondary School,Trader
Rural,Kwale,25.0,Man,No formal schooling,Employed (Part-time),"Unskilled manual worker (e.g., cleaner, laborer, domestic help, unskilled manufacturing worker)",Going in the wrong direction,Very bad,Approve,Just a little,Stayed the same,Very badly,Fairly badly,Less than once a month,A few times a week,Never,Never,Never,I did not vote,Would not vote,Informal Schooling,Skilled/Unskilled Labor
Rural,Kwale,60.0,Man,No formal schooling,Unemployed (Not looking),Agriculture / farming / fishing / forestry,Going in the wrong direction,Fairly bad,Approve,Just a little,Stayed the same,Very badly,Fairly badly,Every day,Less than once a month,Never,Never,Never,I voted in the election,Orange Democratic Movement (ODM),Informal Schooling,Agriculture
Rural,Kwale,41.0,Woman,Primary school completed,Employed (Full-time),"Mid-level professional (e.g., teacher, nurse, mid-level government officer)",Going in the wrong direction,Fairly bad,Strongly disapprove,Not at all,Increased a lot,Very badly,Very badly,Every day,A few times a month,Never,Every day,Every day,I voted in the election,Would not vote,Primary School,Professional
Rural,Vihiga,26.0,Woman,"Post-secondary qualifications, other than university e.g. a diploma or degree from a polytechnic or college",Employed (Full-time),Retail / Shop,Going in the wrong direction,Very bad,Strongly disapprove,Not at all,Increased a lot,Very badly,Very well,Every day,Never,Never,Never,Never,I voted in the election,Orange Democratic Movement (ODM),Certificate/Diploma,Trader
Rural,Meru,28.0,Man,Intermediate school or Some secondary school / high school,Employed (Part-time),Trader / hawker / vendor,Going in the right direction,Fairly bad,Strongly approve,Somewhat,Decreased somewhat,Undecided/No Response,Fairly well,Every day,Every day,Every day,Every day,Every day,I voted in the election,United Democratic Alliance (UDA),Secondary School,Trader
Rural,Kwale,47.0,Woman,Some primary schooling,Unemployed (Actively looking),Retail / Shop,Going in the right direction,Fairly bad,Approve,A lot,Increased somewhat,Fairly well,Fairly badly,A few times a week,Never,Never,Never,Never,I voted in the election,Undecided/No Response,Primary School,Trader
Rural,Trans-Zoia,89.0,Man,Some primary schooling,Unemployed (Not looking),"Artisan or skilled manual worker (e.g., trades like electrician, mechanic, machinist or skilled manufacturing worker)",Going in the wrong direction,Very bad,Approve,A lot,Increased somewhat,Fairly badly,Fairly badly,Every day,Never,Never,Never,Never,I voted in the election,Jubilee Alliance Party (JAP),Primary School,Skilled/Unskilled Labor
Rural,Trans-Zoia,57.0,Woman,Primary school completed,Unemployed (Not looking),Agriculture / farming / fishing / forestry,Going in the wrong direction,Very bad,Strongly approve,A lot,Decreased somewhat,Very badly,Very badly,Never,A few times a week,Never,Never,Undecided/No Response,I did not vote,Undecided/No Response,Primary School,Agriculture
Rural,Bungoma,46.0,Man,University completed,Employed (Full-time),"Upper-level professional (e.g., banker/finance, doctor, lawyer, engineer, accountant, professor, senior-level government",Going in the right direction,Fairly good,Strongly approve,Just a little,Stayed the same,Very well,Fairly well,Every day,Every day,Never,Every day,Every day,I voted in the election,Orange Democratic Movement (ODM),Bachelors Degree,Professional
Rural,Trans-Zoia,36.0,Man,"Post-secondary qualifications, other than university e.g. a diploma or degree from a polytechnic or college",Employed (Full-time),"Artisan or skilled manual worker (e.g., trades like electrician, mechanic, machinist or skilled manufacturing worker)",Going in the wrong direction,Fairly good,Approve,Somewhat,Decreased somewhat,Fairly well,Fairly well,A few times a week,Every day,Less than once a month,Every day,A few times a week,I voted in the election,United Democratic Alliance (UDA),Certificate/Diploma,Skilled/Unskilled Labor
Rural,Bungoma,40.0,Man,Some primary schooling,Unemployed (Not looking),Agriculture / farming / fishing / forestry,Going in the right direction,Fairly good,Approve,Somewhat,Decreased somewhat,Fairly badly,Fairly well,A few times a week,Every day,Never,Never,Never,I voted in the election,Would not vote,Primary School,Agriculture
Rural,Bungoma,38.0,Woman,Primary school completed,Unemployed (Not looking),Trader / hawker / vendor,Going in the right direction,Neither good nor bad,Disapprove,Not at all,Increased somewhat,Fairly badly,Fairly badly,Every day,A few times a week,Never,Never,Never,I voted in the election,Would not vote,Primary School,Trader
Rural,Trans-Zoia,56.0,Woman,Intermediate school or Some secondary school / high school,Unemployed (Not looking),Agriculture / farming / fishing / forestry,Going in the wrong direction,Fairly bad,Approve,Somewhat,Increased a lot,Very badly,Very badly,Every day,Every day,Every day,Never,Never,I voted in the election,Undecided/No Response,Secondary School,Agriculture
Rural,Bungoma,24.0,Woman,"Post-secondary qualifications, other than university e.g. a diploma or degree from a polytechnic or college",Unemployed (Actively looking),"Mid-level professional (e.g., teacher, nurse, mid-level government officer)",Going in the right direction,Fairly good,Approve,Just a little,Increased a lot,Fairly well,Fairly badly,A few times a week,Never,Never,Every day,Every day,I did not vote,Would not vote,Certificate/Diploma,Professional
Rural,Trans-Zoia,44.0,Woman,Secondary school / high school completed,Unemployed (Not looking),Agriculture / farming / fishing / forestry,Going in the wrong direction,Fairly bad,Disapprove,Not at all,Increased a lot,Fairly badly,Very badly,A few times a week,A few times a week,Never,A few times a week,A few times a week,I voted in the election,Orange Democratic Movement (ODM),Secondary School,Agriculture
Rural,Trans-Zoia,78.0,Man,Primary school completed,Employed (Full-time),Agriculture / farming / fishing / forestry,Going in the right direction,Very bad,Approve,Somewhat,Increased a lot,Fairly badly,Very badly,Every day,Every day,Never,Never,Never,I voted in the election,United Democratic Alliance (UDA),Primary School,Agriculture
Rural,Trans-Zoia,46.0,Woman,"Post-secondary qualifications, other than university e.g. a diploma or degree from a polytechnic or college",Employed (Part-time),"Artisan or skilled manual worker (e.g., trades like electrician, mechanic, machinist or skilled manufacturing worker)",Going in the right direction,Neither good nor bad,Strongly approve,A lot,Increased a lot,Fairly well,Very badly,A few times a week,Every day,Never,Never,Never,I voted in the election,United Democratic Alliance (UDA),Certificate/Diploma,Skilled/Unskilled Labor
Rural,Trans-Zoia,78.0,Man,Some primary schooling,Unemployed (Actively looking),"Artisan or skilled manual worker (e.g., trades like electrician, mechanic, machinist or skilled manufacturing worker)",Going in the wrong direction,Very bad,Approve,Somewhat,Increased somewhat,Fairly well,Very badly,A few times a week,Never,Never,Never,Never,I voted in the election,Undecided/No Response,Primary School,Skilled/Unskilled Labor
Urban,Bungoma,28.0,Man,Secondary school / high school completed,Employed (Full-time),"Artisan or skilled manual worker (e.g., trades like electrician, mechanic, machinist or skilled manufacturing worker)",Going in the right direction,Fairly bad,Approve,Just a little,Decreased somewhat,Fairly well,Fairly badly,A few times a month,Every day,Never,Every day,Every day,I voted in the election,United Democratic Alliance (UDA),Secondary School,Skilled/Unskilled Labor
Rural,Kajiado,64.0,Man,"Post-secondary qualifications, other than university e.g. a diploma or degree from a polytechnic or college",Unemployed (Actively looking),Never had a job,Going in the right direction,Fairly good,Approve,A lot,Decreased a lot,Fairly well,Fairly well,Every day,A few times a month,Every day,Every day,Every day,I voted in the election,United Democratic Alliance (UDA),Certificate/Diploma,Undecided/No Response
Rural,Kajiado,27.0,Woman,Secondary school / high school completed,Unemployed (Not looking),Never had a job,Going in the right direction,Fairly good,Approve,Just a little,Increased somewhat,Fairly well,Fairly well,Never,Never,Never,A few times a week,A few times a week,I did not vote,Orange Democratic Movement (ODM),Secondary School,Undecided/No Response
Rural,Samburu,48.0,Man,Some university,Employed (Full-time),"Upper-level professional (e.g., banker/finance, doctor, lawyer, engineer, accountant, professor, senior-level government",Going in the right direction,Fairly good,Strongly disapprove,Somewhat,Stayed the same,Fairly badly,Very badly,Every day,Every day,Never,A few times a month,Never,I voted in the election,Orange Democratic Movement (ODM),Bachelors Degree,Professional
Rural,Samburu,46.0,Woman,Informal schooling only (including Koranic schooling),Unemployed (Not looking),"Unskilled manual worker (e.g., cleaner, laborer, domestic help, unskilled manufacturing worker)",Going in the wrong direction,Fairly bad,Strongly disapprove,Not at all,Increased a lot,Fairly well,Fairly well,Never,Never,Never,Never,Never,I did not vote,Orange Democratic Movement (ODM),Informal Schooling,Skilled/Unskilled Labor
Rural,Kajiado,20.0,Woman,Secondary school / high school completed,Unemployed (Not looking),Student,Going in the right direction,Fairly good,Approve,Somewhat,Increased somewhat,Fairly well,Fairly badly,Every day,Never,Never,Never,Never,I did not vote,Would not vote,Secondary School,Student
Rural,Samburu,28.0,Woman,Secondary school / high school completed,Unemployed (Not looking),Retail / Shop,Going in the wrong direction,Very good,Strongly disapprove,Not at all,Increased a lot,Very badly,Very badly,Never,Every day,Never,A few times a week,A few times a week,I voted in the election,Orange Democratic Movement (ODM),Secondary School,Trader
Rural,Kajiado,66.0,Man,Some primary schooling,Unemployed (Actively looking),Agriculture / farming / fishing / forestry,Going in the wrong direction,Very bad,Strongly disapprove,Just a little,Increased a lot,Very badly,Very badly,Every day,Never,Never,Never,Never,I voted in the election,Orange Democratic Movement (ODM),Primary School,Agriculture
Urban,Bungoma,30.0,Woman,University completed,Unemployed (Not looking),Housewife / homemaker,Going in the wrong direction,Fairly bad,Disapprove,Undecided/No Response,Stayed the same,Fairly badly,Very badly,Never,A few times a week,Never,Every day,Every day,I voted in the election,Orange Democratic Movement (ODM),Bachelors Degree,Housewife
Rural,Samburu,36.0,Man,"Post-secondary qualifications, other than university e.g. a diploma or degree from a polytechnic or college",Employed (Full-time),"Security services (police, army, private security)",Going in the right direction,Very bad,Strongly disapprove,Somewhat,Increased a lot,Very badly,Very badly,Never,Every day,Never,Every day,Every day,I voted in the election,Would not vote,Certificate/Diploma,Security Services
Urban,Bungoma,39.0,Man,"Post-secondary qualifications, other than university e.g. a diploma or degree from a polytechnic or college",Employed (Full-time),"Upper-level professional (e.g., banker/finance, doctor, lawyer, engineer, accountant, professor, senior-level government",Going in the wrong direction,Neither good nor bad,Disapprove,Not at all,Increased a lot,Fairly badly,Fairly badly,Never,A few times a week,Less than once a month,Less than once a month,Less than once a month,I voted in the election,Orange Democratic Movement (ODM),Certificate/Diploma,Professional
Urban,Bungoma,18.0,Woman,Secondary school / high school completed,Unemployed (Not looking),Student,Going in the wrong direction,Fairly bad,Disapprove,Somewhat,Increased a lot,Fairly badly,Fairly badly,Every day,Every day,A few times a month,A few times a week,A few times a week,I did not vote,Orange Democratic Movement (ODM),Secondary School,Student
Rural,Meru,50.0,Man,Secondary school / high school completed,Employed (Full-time),"Security services (police, army, private security)",Going in the wrong direction,Fairly bad,Approve,Somewhat,Decreased somewhat,Fairly well,Fairly well,Every day,A few times a week,A few times a week,Every day,Every day,I voted in the election,United Democratic Alliance (UDA),Secondary School,Security Services
Rural,Garissa,53.0,Woman,Informal schooling only (including Koranic schooling),Employed (Part-time),"Unskilled manual worker (e.g., cleaner, laborer, domestic help, unskilled manufacturing worker)",Going in the wrong direction,Fairly bad,Approve,Just a little,Stayed the same,Very badly,Very badly,Every day,Never,Never,Never,Never,I voted in the election,Orange Democratic Movement (ODM),Informal Schooling,Skilled/Unskilled Labor
Rural,Meru,30.0,Woman,"Post-secondary qualifications, other than university e.g. a diploma or degree from a polytechnic or college",Unemployed (Not looking),Retail / Shop,Going in the right direction,Fairly good,Approve,A lot,Decreased somewhat,Fairly well,Fairly badly,Every day,Never,Less than once a month,Never,Never,I did not vote,United Democratic Alliance (UDA),Certificate/Diploma,Trader
Rural,Garissa,20.0,Man,Secondary school / high school completed,Unemployed (Actively looking),Student,Going in the wrong direction,Very bad,Disapprove,Somewhat,Increased somewhat,Fairly badly,Fairly badly,Every day,Never,A few times a month,Every day,A few times a week,I voted in the election,United Democratic Alliance (UDA),Secondary School,Student
Rural,Kajiado,24.0,Man,Secondary school / high school completed,Unemployed (Actively looking),Agriculture / farming / fishing / forestry,Going in the right direction,Fairly good,Approve,A lot,Decreased a lot,Very well,Very well,Every day,Less than once a month,A few times a month,A few times a month,Less than once a month,I voted in the election,Orange Democratic Movement (ODM),Secondary School,Agriculture
Rural,Vihiga,32.0,Woman,Primary school completed,Unemployed (Actively looking),Housewife / homemaker,Going in the wrong direction,Fairly bad,Strongly disapprove,Not at all,Increased a lot,Very badly,Very badly,Every day,Every day,Never,A few times a month,Less than once a month,I voted in the election,Orange Democratic Movement (ODM),Primary School,Housewife
Rural,Elgeyo Marakwet,52.0,Woman,"Post-secondary qualifications, other than university e.g. a diploma or degree from a polytechnic or college",Employed (Part-time),"Mid-level professional (e.g., teacher, nurse, mid-level government officer)",Going in the right direction,Fairly good,Strongly approve,A lot,Decreased somewhat,Fairly well,Fairly well,Every day,A few times a week,A few times a week,Every day,Every day,I voted in the election,United Democratic Alliance (UDA),Certificate/Diploma,Professional
Rural,Meru,26.0,Woman,Secondary school / high school completed,Unemployed (Actively looking),Retail / Shop,Going in the wrong direction,Very bad,Approve,Not at all,Increased a lot,Fairly badly,Fairly badly,Every day,Every day,Never,Every day,Every day,I did not vote,United Democratic Alliance (UDA),Secondary School,Trader
Rural,Garissa,25.0,Woman,Informal schooling only (including Koranic schooling),Unemployed (Actively looking),Housewife / homemaker,Going in the wrong direction,Neither good nor bad,Approve,Somewhat,Undecided/No Response,Fairly badly,Fairly badly,Every day,Never,Never,Never,Never,I can’t remember whether I voted,United Democratic Alliance (UDA),Informal Schooling,Housewife
Rural,Vihiga,19.0,Man,Intermediate school or Some secondary school / high school,Unemployed (Actively looking),Never had a job,Going in the right direction,Neither good nor bad,Strongly approve,Somewhat,Decreased somewhat,Fairly well,Very well,Every day,Every day,Never,Every day,Every day,I did not vote,Orange Democratic Movement (ODM),Secondary School,Undecided/No Response
Rural,Elgeyo Marakwet,23.0,Man,Secondary school / high school completed,Unemployed (Actively looking),"Artisan or skilled manual worker (e.g., trades like electrician, mechanic, machinist or skilled manufacturing worker)",Going in the right direction,Neither good nor bad,Strongly approve,A lot,Stayed the same,Fairly well,Very well,Every day,Every day,Never,Every day,Every day,I did not vote,United Democratic Alliance (UDA),Secondary School,Skilled/Unskilled Labor
Rural,Vihiga,45.0,Man,Primary school completed,Unemployed (Actively looking),"Artisan or skilled manual worker (e.g., trades like electrician, mechanic, machinist or skilled manufacturing worker)",Going in the right direction,Neither good nor bad,Strongly approve,Undecided/No Response,Decreased a lot,Fairly well,Fairly well,A few times a week,Never,A few times a month,Every day,Never,I voted in the election,Orange Democratic Movement (ODM),Primary School,Skilled/Unskilled Labor
Rural,Elgeyo Marakwet,43.0,Man,Intermediate school or Some secondary school / high school,Employed (Full-time),Trader / hawker / vendor,Going in the right direction,Fairly bad,Approve,A lot,Decreased somewhat,Very well,Fairly well,Every day,A few times a week,Never,Every day,A few times a week,I voted in the election,Would not vote,Secondary School,Trader
Rural,Vihiga,39.0,Woman,Intermediate school or Some secondary school / high school,Unemployed (Not looking),Housewife / homemaker,Going in the wrong direction,Very bad,Disapprove,Just a little,Increased somewhat,Fairly badly,Fairly badly,Every day,Never,Never,Never,Never,I voted in the election,Orange Democratic Movement (ODM),Secondary School,Housewife
Rural,Meru,63.0,Man,Primary school completed,Employed (Part-time),"Artisan or skilled manual worker (e.g., trades like electrician, mechanic, machinist or skilled manufacturing worker)",Going in the wrong direction,Very bad,Strongly approve,Somewhat,Increased somewhat,Fairly well,Fairly well,Every day,Every day,Never,Never,Never,I voted in the election,United Democratic Alliance (UDA),Primary School,Skilled/Unskilled Labor
Rural,Garissa,24.0,Man,No formal schooling,Unemployed (Not looking),Trader / hawker / vendor,Going in the wrong direction,Very bad,Approve,Just a little,Decreased somewhat,Very badly,Fairly well,Every day,Never,Never,Never,Never,I voted in the election,Would not vote,Informal Schooling,Trader
Rural,Elgeyo Marakwet,22.0,Woman,Some university,Unemployed (Actively looking),Student,Going in the right direction,Fairly bad,Approve,Somewhat,Decreased somewhat,Fairly badly,Fairly well,Every day,Every day,Never,Less than once a month,Never,I was too young to vote,United Democratic Alliance (UDA),Bachelors Degree,Student
Rural,Nakuru,40.0,Woman,Primary school completed,Unemployed (Not looking),Agriculture / farming / fishing / forestry,Going in the wrong direction,Neither good nor bad,Approve,A lot,Increased somewhat,Fairly well,Fairly well,Every day,Every day,A few times a month,A few times a week,A few times a week,I voted in the election,Undecided/No Response,Primary School,Agriculture
Rural,Nakuru,47.0,Man,Secondary school / high school completed,Unemployed (Not looking),Agriculture / farming / fishing / forestry,Going in the wrong direction,Very bad,Disapprove,Just a little,Stayed the same,Fairly badly,Fairly badly,Every day,Every day,A few times a month,A few times a month,A few times a month,I voted in the election,Undecided/No Response,Secondary School,Agriculture
Rural,Nakuru,33.0,Man,Primary school completed,Unemployed (Actively looking),Trader / hawker / vendor,Going in the wrong direction,Fairly bad,Approve,Just a little,Stayed the same,Very badly,Fairly well,Every day,Every day,Never,Less than once a month,Never,I voted in the election,United Democratic Alliance (UDA),Primary School,Trader
Rural,Nakuru,32.0,Woman,University completed,Employed (Full-time),Agriculture / farming / fishing / forestry,Going in the wrong direction,Neither good nor bad,Disapprove,Just a little,Increased a lot,Very badly,Very badly,Never,Every day,A few times a week,Every day,Every day,I did not vote,Would not vote,Bachelors Degree,Agriculture
Rural,Kitui,42.0,Woman,Primary school completed,Unemployed (Not looking),Housewife / homemaker,Going in the right direction,Fairly bad,Approve,Somewhat,Stayed the same,Undecided/No Response,Undecided/No Response,A few times a week,Every day,A few times a month,Never,Less than once a month,I did not vote,Undecided/No Response,Primary School,Housewife
Rural,Kitui,34.0,Man,Secondary school / high school completed,Unemployed (Actively looking),Agriculture / farming / fishing / forestry,Going in the right direction,Very good,Strongly approve,A lot,Decreased somewhat,Very well,Very well,Every day,A few times a week,Never,Every day,Every day,I did not vote,United Democratic Alliance (UDA),Secondary School,Agriculture
Rural,Kitui,20.0,Man,"Post-secondary qualifications, other than university e.g. a diploma or degree from a polytechnic or college",Unemployed (Actively looking),Student,Going in the wrong direction,Very bad,Strongly disapprove,Just a little,Decreased somewhat,Fairly well,Fairly well,Every day,Never,A few times a month,Every day,Never,I voted in the election,Wiper Democratic Movement (WDM–K),Certificate/Diploma,Student
Rural,Kitui,20.0,Woman,Some university,Unemployed (Not looking),Student,Going in the right direction,Fairly bad,Approve,Undecided/No Response,Increased somewhat,Fairly badly,Fairly badly,Never,A few times a week,Never,A few times a week,A few times a week,I did not vote,Undecided/No Response,Bachelors Degree,Student
Rural,Samburu,26.0,Man,"Post-secondary qualifications, other than university e.g. a diploma or degree from a polytechnic or college",Employed (Full-time),"Artisan or skilled manual worker (e.g., trades like electrician, mechanic, machinist or skilled manufacturing worker)",Going in the right direction,Fairly good,Strongly approve,A lot,Decreased somewhat,Very well,Very well,Every day,A few times a week,A few times a month,Every day,A few times a week,I voted in the election,United Democratic Alliance (UDA),Certificate/Diploma,Skilled/Unskilled Labor
Rural,Kajiado,51.0,Man,Some primary schooling,Employed (Full-time),Trader / hawker / vendor,Going in the wrong direction,Very bad,Strongly disapprove,Somewhat,Increased a lot,Fairly badly,Fairly badly,Every day,Never,Less than once a month,A few times a month,Never,I voted in the election,Orange Democratic Movement (ODM),Primary School,Trader
Rural,Samburu,35.0,Man,"Post-secondary qualifications, other than university e.g. a diploma or degree from a polytechnic or college",Employed (Part-time),"Mid-level professional (e.g., teacher, nurse, mid-level government officer)",Going in the right direction,Neither good nor bad,Strongly disapprove,Just a little,Stayed the same,Fairly badly,Very badly,A few times a week,Every day,Never,A few times a week,A few times a week,I did not vote,Orange Democratic Movement (ODM),Certificate/Diploma,Professional
Rural,Kajiado,32.0,Woman,Secondary school / high school completed,Unemployed (Actively looking),Never had a job,Going in the wrong direction,Fairly good,Approve,A lot,Stayed the same,Very badly,Fairly well,Every day,Never,Never,Never,Never,I did not vote,Orange Democratic Movement (ODM),Secondary School,Undecided/No Response
Rural,Kiambu,21.0,Man,Intermediate school or Some secondary school / high school,Employed (Part-time),"Unskilled manual worker (e.g., cleaner, laborer, domestic help, unskilled manufacturing worker)",Going in the right direction,Very bad,Disapprove,Somewhat,Increased a lot,Fairly badly,Fairly well,Every day,Every day,A few times a month,Every day,Every day,I did not vote,Jubilee Alliance Party (JAP),Secondary School,Skilled/Unskilled Labor
Rural,Kiambu,27.0,Woman,"Post-secondary qualifications, other than university e.g. a diploma or degree from a polytechnic or college",Employed (Full-time),Trader / hawker / vendor,Going in the right direction,Neither good nor bad,Approve,Just a little,Decreased a lot,Fairly badly,Fairly badly,Every day,Every day,Never,Every day,Every day,I voted in the election,Orange Democratic Movement (ODM),Certificate/Diploma,Trader
Rural,Meru,45.0,Man,Some primary schooling,Employed (Part-time),"Artisan or skilled manual worker (e.g., trades like electrician, mechanic, machinist or skilled manufacturing worker)",Undecided/No Response,Very bad,Strongly disapprove,Somewhat,Increased a lot,Fairly badly,Fairly badly,Every day,Never,A few times a month,Every day,Every day,I voted in the election,Undecided/No Response,Primary School,Skilled/Unskilled Labor
Rural,Kiambu,70.0,Woman,Primary school completed,Unemployed (Not looking),Agriculture / farming / fishing / forestry,Going in the right direction,Very bad,Strongly disapprove,Just a little,Increased a lot,Fairly well,Very badly,Every day,Every day,Never,Never,Never,I voted in the election,Undecided/No Response,Primary School,Agriculture
Rural,Samburu,31.0,Woman,"Post-secondary qualifications, other than university e.g. a diploma or degree from a polytechnic or college",Employed (Full-time),"Mid-level professional (e.g., teacher, nurse, mid-level government officer)",Going in the wrong direction,Fairly bad,Approve,Not at all,Increased a lot,Very badly,Very badly,A few times a week,Every day,Less than once a month,Every day,Every day,I did not vote,Undecided/No Response,Certificate/Diploma,Professional
Rural,Meru,50.0,Woman,Some primary schooling,Unemployed (Not looking),Agriculture / farming / fishing / forestry,Going in the right direction,Fairly good,Approve,Somewhat,Increased a lot,Fairly well,Very badly,Every day,Every day,Never,Every day,Every day,I voted in the election,Undecided/No Response,Primary School,Agriculture
Urban,Bungoma,24.0,Woman,"Post-secondary qualifications, other than university e.g. a diploma or degree from a polytechnic or college",Unemployed (Actively looking),Clerical or secretarial,Going in the wrong direction,Very bad,Strongly disapprove,Not at all,Increased a lot,Very badly,Very badly,Never,Never,Never,Every day,Every day,I did not vote,Orange Democratic Movement (ODM),Certificate/Diploma,Professional
Urban,Bungoma,21.0,Woman,Secondary school / high school completed,Unemployed (Actively looking),Student,Going in the wrong direction,Very bad,Disapprove,Not at all,Increased a lot,Fairly badly,Very badly,Less than once a month,Every day,Less than once a month,Every day,Every day,I was too young to vote,Undecided/No Response,Secondary School,Student
Rural,Migori,21.0,Woman,Some primary schooling,Unemployed (Actively looking),Trader / hawker / vendor,Going in the right direction,Fairly good,Disapprove,Somewhat,Increased somewhat,Fairly badly,Fairly badly,Every day,Every day,Never,Never,Never,I did not vote,Orange Democratic Movement (ODM),Primary School,Trader
Rural,Garissa,36.0,Man,"Post-secondary qualifications, other than university e.g. a diploma or degree from a polytechnic or college",Employed (Full-time),"Mid-level professional (e.g., teacher, nurse, mid-level government officer)",Going in the right direction,Fairly bad,Approve,Just a little,Stayed the same,Fairly badly,Fairly well,A few times a week,A few times a week,Never,Every day,Every day,I voted in the election,Orange Democratic Movement (ODM),Certificate/Diploma,Professional
Rural,Migori,18.0,Woman,Intermediate school or Some secondary school / high school,Unemployed (Not looking),Student,Going in the wrong direction,Fairly bad,Disapprove,Not at all,Increased a lot,Fairly badly,Fairly badly,A few times a month,A few times a week,Never,A few times a week,Every day,I did not vote,Undecided/No Response,Secondary School,Student
Rural,Garissa,24.0,Man,"Post-secondary qualifications, other than university e.g. a diploma or degree from a polytechnic or college",Employed (Full-time),"Artisan or skilled manual worker (e.g., trades like electrician, mechanic, machinist or skilled manufacturing worker)",Going in the right direction,Fairly good,Approve,Just a little,Stayed the same,Fairly badly,Very badly,Never,A few times a month,Less than once a month,Every day,Every day,I voted in the election,Orange Democratic Movement (ODM),Certificate/Diploma,Skilled/Unskilled Labor
Rural,Elgeyo Marakwet,34.0,Man,Primary school completed,Unemployed (Actively looking),Never had a job,Going in the right direction,Fairly good,Strongly approve,A lot,Decreased somewhat,Fairly badly,Fairly well,Every day,Less than once a month,Never,Never,Never,I voted in the election,United Democratic Alliance (UDA),Primary School,Undecided/No Response
Rural,Meru,62.0,Man,Secondary school / high school completed,Unemployed (Actively looking),"Artisan or skilled manual worker (e.g., trades like electrician, mechanic, machinist or skilled manufacturing worker)",Going in the right direction,Fairly bad,Disapprove,Somewhat,Decreased somewhat,Fairly well,Fairly well,Every day,Every day,A few times a month,Never,Never,I voted in the election,United Democratic Alliance (UDA),Secondary School,Skilled/Unskilled Labor
Rural,Kiambu,62.0,Man,Primary school completed,Unemployed (Actively looking),"Artisan or skilled manual worker (e.g., trades like electrician, mechanic, machinist or skilled manufacturing worker)",Going in the wrong direction,Neither good nor bad,Strongly disapprove,Just a little,Stayed the same,Very badly,Very badly,Every day,A few times a week,Never,Never,Never,I voted in the election,Would not vote,Primary School,Skilled/Unskilled Labor
Rural,Meru,27.0,Woman,Intermediate school or Some secondary school / high school,Employed (Part-time),Trader / hawker / vendor,Going in the right direction,Fairly good,Approve,A lot,Decreased somewhat,Very badly,Very badly,Every day,Never,Never,Never,Never,I voted in the election,United Democratic Alliance (UDA),Secondary School,Trader
Rural,Vihiga,71.0,Man,Some primary schooling,Unemployed (Not looking),"Security services (police, army, private security)",Going in the wrong direction,Fairly bad,Approve,Just a little,Increased a lot,Fairly well,Fairly well,Every day,Every day,Never,Never,Never,I voted in the election,Orange Democratic Movement (ODM),Primary School,Security Services
Rural,Vihiga,28.0,Woman,Some primary schooling,Unemployed (Actively looking),Housewife / homemaker,Going in the wrong direction,Very bad,Strongly approve,Somewhat,Increased a lot,Very badly,Very well,Every day,Never,Never,Never,Never,I voted in the election,Orange Democratic Movement (ODM),Primary School,Housewife
Rural,Garissa,20.0,Woman,Secondary school / high school completed,Unemployed (Not looking),Student,Going in the right direction,Fairly bad,Disapprove,Somewhat,Increased a lot,Fairly badly,Fairly badly,Never,Never,A few times a month,Every day,Every day,I voted in the election,Wiper Democratic Movement (WDM–K),Secondary School,Student
Rural,Migori,56.0,Man,Some primary schooling,Employed (Full-time),Agriculture / farming / fishing / forestry,Going in the wrong direction,Very bad,Disapprove,Not at all,Increased a lot,Very badly,Very badly,Every day,Every day,Never,Never,Never,I voted in the election,Orange Democratic Movement (ODM),Primary School,Agriculture
Rural,Kajiado,24.0,Woman,Secondary school / high school completed,Unemployed (Actively looking),Trader / hawker / vendor,Going in the right direction,Fairly good,Approve,Somewhat,Increased somewhat,Fairly well,Very badly,Every day,Never,Never,Never,Never,I voted in the election,Would not vote,Secondary School,Trader
Rural,Garissa,34.0,Woman,Primary school completed,Unemployed (Not looking),Housewife / homemaker,Going in the right direction,Very bad,Undecided/No Response,Somewhat,Increased a lot,Fairly badly,Fairly badly,Every day,Never,Never,Never,Never,I voted in the election,United Democratic Alliance (UDA),Primary School,Housewife
Rural,Migori,64.0,Man,Some primary schooling,Employed (Part-time),"Unskilled manual worker (e.g., cleaner, laborer, domestic help, unskilled manufacturing worker)",Going in the wrong direction,Fairly good,Strongly approve,Just a little,Increased a lot,Fairly badly,Very badly,Every day,Every day,Less than once a month,Never,Never,I voted in the election,Orange Democratic Movement (ODM),Primary School,Skilled/Unskilled Labor
Rural,Vihiga,32.0,Woman,Primary school completed,Unemployed (Actively looking),Agriculture / farming / fishing / forestry,Going in the wrong direction,Fairly good,Disapprove,Not at all,Increased a lot,Fairly badly,Fairly well,Every day,Every day,Never,Every day,Every day,I voted in the election,Orange Democratic Movement (ODM),Primary School,Agriculture
Rural,Samburu,29.0,Woman,Secondary school / high school completed,Unemployed (Actively looking),Never had a job,Going in the right direction,Fairly good,Disapprove,A lot,Decreased somewhat,Very badly,Fairly well,Never,Every day,Never,Every day,Never,I voted in the election,Orange Democratic Movement (ODM),Secondary School,Undecided/No Response
Rural,Elgeyo Marakwet,27.0,Man,Intermediate school or Some secondary school / high school,Unemployed (Actively looking),Agriculture / farming / fishing / forestry,Going in the right direction,Very good,Approve,Somewhat,Decreased somewhat,Very well,Fairly well,Every day,Less than once a month,Never,A few times a week,A few times a week,I voted in the election,United Democratic Alliance (UDA),Secondary School,Agriculture
Urban,Bungoma,26.0,Man,"Post-secondary qualifications, other than university e.g. a diploma or degree from a polytechnic or college",Employed (Part-time),Retail / Shop,Going in the wrong direction,Fairly bad,Disapprove,Just a little,Stayed the same,Fairly badly,Fairly badly,A few times a week,Every day,Never,Every day,Every day,I did not vote,Orange Democratic Movement (ODM),Certificate/Diploma,Trader
Rural,Vihiga,69.0,Man,"Post-secondary qualifications, other than university e.g. a diploma or degree from a polytechnic or college",Unemployed (Not looking),Supervisor / Foreman / Senior Manager,Going in the wrong direction,Very bad,Strongly disapprove,Not at all,Increased a lot,Very badly,Very badly,Every day,Every day,Less than once a month,Never,Never,I voted in the election,Orange Democratic Movement (ODM),Certificate/Diploma,Professional
Urban,Bungoma,24.0,Man,Secondary school / high school completed,Unemployed (Actively looking),Clerical or secretarial,Going in the right direction,Very good,Strongly approve,A lot,Increased a lot,Fairly well,Fairly well,Every day,Less than once a month,Never,Every day,Every day,I voted in the election,United Democratic Alliance (UDA),Secondary School,Professional
Rural,Nakuru,22.0,Man,"Post-secondary qualifications, other than university e.g. a diploma or degree from a polytechnic or college",Employed (Full-time),"Unskilled manual worker (e.g., cleaner, laborer, domestic help, unskilled manufacturing worker)",Going in the right direction,Fairly good,Approve,Somewhat,Decreased somewhat,Fairly well,Fairly well,A few times a week,Every day,Never,Every day,Every day,I did not vote,United Democratic Alliance (UDA),Certificate/Diploma,Skilled/Unskilled Labor
Rural,Nakuru,41.0,Woman,Primary school completed,Unemployed (Actively looking),"Unskilled manual worker (e.g., cleaner, laborer, domestic help, unskilled manufacturing worker)",Going in the right direction,Fairly good,Approve,Somewhat,Decreased a lot,Fairly well,Fairly well,Less than once a month,Every day,Never,Never,Never,I voted in the election,United Democratic Alliance (UDA),Primary School,Skilled/Unskilled Labor
Rural,Kitui,25.0,Woman,"Post-secondary qualifications, other than university e.g. a diploma or degree from a polytechnic or college",Unemployed (Actively looking),Student,Going in the wrong direction,Fairly bad,Disapprove,Somewhat,Increased a lot,Fairly well,Fairly well,A few times a month,Never,Less than once a month,Every day,Never,I voted in the election,United Democratic Alliance (UDA),Certificate/Diploma,Student
Rural,Elgeyo Marakwet,48.0,Woman,Intermediate school or Some secondary school / high school,Unemployed (Actively looking),Agriculture / farming / fishing / forestry,Going in the right direction,Fairly good,Disapprove,Somewhat,Decreased somewhat,Very badly,Fairly well,Every day,Never,Never,Never,Never,I voted in the election,United Democratic Alliance (UDA),Secondary School,Agriculture
Rural,Kitui,25.0,Man,University completed,Unemployed (Not looking),Student,Going in the right direction,Fairly good,Disapprove,Somewhat,Decreased somewhat,Fairly well,Fairly well,Every day,A few times a month,Every day,Every day,Every day,I did not vote,United Democratic Alliance (UDA),Bachelors Degree,Student
Rural,Nakuru,21.0,Man,Intermediate school or Some secondary school / high school,Employed (Part-time),"Unskilled manual worker (e.g., cleaner, laborer, domestic help, unskilled manufacturing worker)",Going in the wrong direction,Fairly bad,Approve,Just a little,Increased a lot,Fairly well,Fairly well,Every day,Every day,Every day,Never,Never,I did not vote,Undecided/No Response,Secondary School,Skilled/Unskilled Labor
Urban,Kwale,19.0,Man,Secondary school / high school completed,Unemployed (Not looking),Student,Going in the wrong direction,Very bad,Strongly approve,A lot,Increased a lot,Very well,Fairly well,Every day,Every day,A few times a month,Every day,Every day,I was too young to vote,Undecided/No Response,Secondary School,Student
Urban,Kwale,35.0,Woman,Secondary school / high school completed,Employed (Part-time),Supervisor / Foreman / Senior Manager,Going in the wrong direction,Fairly bad,Approve,Just a little,Increased a lot,Fairly well,Very badly,A few times a month,Every day,Less than once a month,Every day,Every day,I voted in the election,Orange Democratic Movement (ODM),Secondary School,Professional
Rural,Nakuru,42.0,Woman,Primary school completed,Employed (Part-time),Trader / hawker / vendor,Going in the wrong direction,Fairly bad,Disapprove,Somewhat,Increased somewhat,Fairly badly,Fairly badly,A few times a week,A few times a week,Never,A few times a week,A few times a week,I voted in the election,Undecided/No Response,Primary School,Trader
Rural,Kiambu,32.0,Man,Secondary school / high school completed,Employed (Full-time),Trader / hawker / vendor,Going in the right direction,Fairly bad,Strongly approve,A lot,Increased a lot,Fairly badly,Fairly well,Every day,Every day,Never,Every day,Every day,I voted in the election,Orange Democratic Movement (ODM),Secondary School,Trader
Urban,Kwale,53.0,Man,Secondary school / high school completed,Unemployed (Actively looking),"Artisan or skilled manual worker (e.g., trades like electrician, mechanic, machinist or skilled manufacturing worker)",Going in the wrong direction,Fairly bad,Approve,Somewhat,Decreased somewhat,Fairly badly,Fairly badly,Every day,Every day,Every day,Every day,Every day,I voted in the election,Jubilee Alliance Party (JAP),Secondary School,Skilled/Unskilled Labor
Urban,Kwale,27.0,Woman,Secondary school / high school completed,Employed (Full-time),Retail / Shop,Going in the wrong direction,Fairly good,Approve,Not at all,Increased somewhat,Fairly well,Very badly,A few times a week,Every day,Never,Every day,Every day,I voted in the election,Orange Democratic Movement (ODM),Secondary School,Trader
Rural,Kitui,23.0,Man,Some university,Unemployed (Not looking),Student,Going in the right direction,Fairly good,Approve,Somewhat,Stayed the same,Fairly well,Very badly,Never,A few times a week,Never,Every day,Every day,I voted in the election,United Democratic Alliance (UDA),Bachelors Degree,Student
Rural,Kiambu,34.0,Woman,Primary school completed,Employed (Part-time),"Unskilled manual worker (e.g., cleaner, laborer, domestic help, unskilled manufacturing worker)",Going in the wrong direction,Very bad,Disapprove,Just a little,Increased a lot,Very well,Very well,Never,Every day,Never,Never,Never,I voted in the election,United Democratic Alliance (UDA),Primary School,Skilled/Unskilled Labor
Rural,Kitui,22.0,Woman,Some university,Unemployed (Not looking),Student,Going in the wrong direction,Fairly bad,Strongly disapprove,Not at all,Increased somewhat,Very badly,Very badly,Never,Never,Never,Every day,A few times a week,I voted in the election,Undecided/No Response,Bachelors Degree,Student
Rural,Migori,49.0,Woman,Secondary school / high school completed,Employed (Part-time),Trader / hawker / vendor,Going in the wrong direction,Very bad,Strongly disapprove,Not at all,Increased a lot,Very badly,Very badly,Every day,Every day,Never,A few times a week,A few times a week,I did not vote,Orange Democratic Movement (ODM),Secondary School,Trader
Rural,Kiambu,60.0,Man,Secondary school / high school completed,Employed (Part-time),"Artisan or skilled manual worker (e.g., trades like electrician, mechanic, machinist or skilled manufacturing worker)",Going in the right direction,Fairly good,Strongly approve,A lot,Increased somewhat,Fairly well,Fairly badly,Every day,Every day,Never,Every day,Every day,I voted in the election,United Democratic Alliance (UDA),Secondary School,Skilled/Unskilled Labor
Rural,Migori,18.0,Man,Secondary school / high school completed,Employed (Full-time),"Artisan or skilled manual worker (e.g., trades like electrician, mechanic, machinist or skilled manufacturing worker)",Going in the wrong direction,Very bad,Strongly disapprove,Not at all,Increased a lot,Very badly,Very badly,Never,A few times a week,Less than once a month,Every day,Never,I did not vote,Would not vote,Secondary School,Skilled/Unskilled Labor
Rural,Elgeyo Marakwet,24.0,Woman,Primary school completed,Unemployed (Not looking),Housewife / homemaker,Going in the wrong direction,Fairly bad,Strongly disapprove,Somewhat,Increased a lot,Fairly badly,Fairly well,Every day,A few times a week,Never,Every day,Every day,I voted in the election,United Democratic Alliance (UDA),Primary School,Housewife
Urban,Kwale,32.0,Man,Secondary school / high school completed,Employed (Part-time),"Artisan or skilled manual worker (e.g., trades like electrician, mechanic, machinist or skilled manufacturing worker)",Going in the wrong direction,Fairly bad,Disapprove,Not at all,Increased a lot,Fairly well,Very badly,Every day,Every day,Every day,Every day,Every day,I voted in the election,Orange Democratic Movement (ODM),Secondary School,Skilled/Unskilled Labor
Rural,Migori,63.0,Man,Secondary school / high school completed,Unemployed (Not looking),"Upper-level professional (e.g., banker/finance, doctor, lawyer, engineer, accountant, professor, senior-level government",Going in the right direction,Neither good nor bad,Approve,Somewhat,Stayed the same,Fairly badly,Fairly badly,Every day,Never,Never,Never,Never,I voted in the election,Orange Democratic Movement (ODM),Secondary School,Professional
Urban,Kwale,23.0,Man,Primary school completed,Employed (Full-time),"Unskilled manual worker (e.g., cleaner, laborer, domestic help, unskilled manufacturing worker)",Going in the right direction,Fairly good,Approve,Somewhat,Decreased somewhat,Fairly well,Fairly well,A few times a week,A few times a week,A few times a week,A few times a week,Never,I voted in the election,Orange Democratic Movement (ODM),Primary School,Skilled/Unskilled Labor
Urban,Kwale,70.0,Woman,No formal schooling,Unemployed (Not looking),Agriculture / farming / fishing / forestry,Going in the right direction,Fairly good,Approve,A lot,Decreased a lot,Fairly well,Fairly badly,A few times a week,Never,Never,Never,Never,I voted in the election,United Democratic Alliance (UDA),Informal Schooling,Agriculture
Rural,Kiambu,27.0,Woman,"Post-secondary qualifications, other than university e.g. a diploma or degree from a polytechnic or college",Unemployed (Actively looking),"Mid-level professional (e.g., teacher, nurse, mid-level government officer)",Going in the wrong direction,Very bad,Disapprove,Just a little,Increased a lot,Very badly,Fairly badly,Every day,A few times a month,Never,Every day,A few times a week,I voted in the election,United Democratic Alliance (UDA),Certificate/Diploma,Professional
Urban,Kwale,53.0,Woman,Primary school completed,Employed (Part-time),"Unskilled manual worker (e.g., cleaner, laborer, domestic help, unskilled manufacturing worker)",Going in the wrong direction,Fairly bad,Strongly disapprove,Somewhat,Decreased somewhat,Very badly,Very badly,Every day,Every day,A few times a month,Every day,Every day,I voted in the election,United Democratic Alliance (UDA),Primary School,Skilled/Unskilled Labor
Rural,Migori,34.0,Woman,Some primary schooling,Unemployed (Actively looking),Trader / hawker / vendor,Going in the wrong direction,Fairly bad,Disapprove,Not at all,Decreased somewhat,Fairly badly,Very well,A few times a week,Never,Never,Never,Never,I voted in the election,Orange Democratic Movement (ODM),Primary School,Trader
Rural,Bungoma,23.0,Woman,"Post-secondary qualifications, other than university e.g. a diploma or degree from a polytechnic or college",Unemployed (Actively looking),"Artisan or skilled manual worker (e.g., trades like electrician, mechanic, machinist or skilled manufacturing worker)",Going in the wrong direction,Fairly bad,Disapprove,Not at all,Increased somewhat,Fairly well,Fairly well,Every day,Every day,Never,Every day,A few times a month,I did not vote,Orange Democratic Movement (ODM),Certificate/Diploma,Skilled/Unskilled Labor
Rural,Bungoma,24.0,Man,"Post-secondary qualifications, other than university e.g. a diploma or degree from a polytechnic or college",Unemployed (Not looking),Student,Going in the right direction,Fairly bad,Approve,Somewhat,Stayed the same,Fairly badly,Very badly,Every day,Never,Never,Every day,Every day,I did not vote,Undecided/No Response,Certificate/Diploma,Student
Rural,Bungoma,63.0,Woman,"Post-secondary qualifications, other than university e.g. a diploma or degree from a polytechnic or college",Unemployed (Not looking),"Mid-level professional (e.g., teacher, nurse, mid-level government officer)",Going in the wrong direction,Very bad,Strongly disapprove,Not at all,Increased a lot,Fairly badly,Very badly,Every day,Every day,Less than once a month,Every day,A few times a week,I voted in the election,Orange Democratic Movement (ODM),Certificate/Diploma,Professional
Rural,Bungoma,31.0,Man,Secondary school / high school completed,Unemployed (Actively looking),Agriculture / farming / fishing / forestry,Going in the right direction,Fairly good,Disapprove,A lot,Decreased somewhat,Fairly well,Fairly well,Every day,Every day,Never,Less than once a month,Less than once a month,I did not vote,Undecided/No Response,Secondary School,Agriculture
Rural,Kitui,28.0,Woman,Secondary school / high school completed,Unemployed (Actively looking),Agriculture / farming / fishing / forestry,Going in the wrong direction,Fairly bad,Undecided/No Response,Just a little,Undecided/No Response,Fairly badly,Fairly well,A few times a week,Every day,Less than once a month,Every day,Every day,I voted in the election,Orange Democratic Movement (ODM),Secondary School,Agriculture
Rural,Kitui,38.0,Woman,Secondary school / high school completed,Unemployed (Actively looking),Housewife / homemaker,Going in the right direction,Very bad,Disapprove,Somewhat,Increased a lot,Fairly badly,Very badly,Every day,Every day,Never,Never,A few times a week,I voted in the election,Jubilee Alliance Party (JAP),Secondary School,Housewife
Rural,Kitui,24.0,Man,Secondary school / high school completed,Employed (Full-time),"Artisan or skilled manual worker (e.g., trades like electrician, mechanic, machinist or skilled manufacturing worker)",Going in the wrong direction,Neither good nor bad,Strongly approve,Somewhat,Decreased somewhat,Fairly badly,Fairly badly,Every day,Every day,Never,Every day,Every day,I voted in the election,Wiper Democratic Movement (WDM–K),Secondary School,Skilled/Unskilled Labor
Urban,Meru,47.0,Man,Secondary school / high school completed,Unemployed (Actively looking),"Mid-level professional (e.g., teacher, nurse, mid-level government officer)",Going in the wrong direction,Very bad,Strongly disapprove,Not at all,Increased a lot,Very badly,Very badly,A few times a month,Every day,A few times a month,Every day,Every day,I voted in the election,Orange Democratic Movement (ODM),Secondary School,Professional
Rural,Kitui,40.0,Woman,Primary school completed,Unemployed (Not looking),Agriculture / farming / fishing / forestry,Going in the wrong direction,Neither good nor bad,Strongly disapprove,Just a little,Stayed the same,Fairly well,Undecided/No Response,A few times a week,A few times a month,Never,Never,A few times a month,I voted in the election,Wiper Democratic Movement (WDM–K),Primary School,Agriculture
Urban,Meru,28.0,Man,"Post-secondary qualifications, other than university e.g. a diploma or degree from a polytechnic or college",Employed (Full-time),"Artisan or skilled manual worker (e.g., trades like electrician, mechanic, machinist or skilled manufacturing worker)",Going in the wrong direction,Fairly good,Disapprove,Just a little,Stayed the same,Fairly badly,Fairly well,Every day,Every day,Never,Every day,Every day,I did not vote,Undecided/No Response,Certificate/Diploma,Skilled/Unskilled Labor
Urban,Meru,87.0,Woman,Secondary school / high school completed,Unemployed (Actively looking),Agriculture / farming / fishing / forestry,Going in the right direction,Fairly good,Approve,Somewhat,Increased a lot,Undecided/No Response,Very badly,Every day,Every day,A few times a month,Never,Never,I voted in the election,United Democratic Alliance (UDA),Secondary School,Agriculture
Rural,West Pokot,21.0,Man,Some primary schooling,Employed (Full-time),Agriculture / farming / fishing / forestry,Going in the wrong direction,Fairly bad,Strongly approve,Somewhat,Increased a lot,Fairly well,Fairly badly,A few times a month,Never,Never,Never,Never,I voted in the election,United Democratic Alliance (UDA),Primary School,Agriculture
Rural,Bungoma,25.0,Man,Secondary school / high school completed,Unemployed (Actively looking),"Unskilled manual worker (e.g., cleaner, laborer, domestic help, unskilled manufacturing worker)",Going in the wrong direction,Fairly bad,Approve,Somewhat,Decreased somewhat,Fairly badly,Fairly badly,Every day,Never,Less than once a month,Never,Never,I voted in the election,United Democratic Alliance (UDA),Secondary School,Skilled/Unskilled Labor
Rural,West Pokot,22.0,Man,Secondary school / high school completed,Unemployed (Actively looking),Agriculture / farming / fishing / forestry,Going in the right direction,Fairly good,Approve,Somewhat,Increased somewhat,Fairly well,Fairly well,Every day,A few times a week,A few times a week,A few times a week,Every day,I was too young to vote,NARC – Kenya,Secondary School,Agriculture
Urban,Meru,26.0,Woman,Secondary school / high school completed,Unemployed (Actively looking),Trader / hawker / vendor,Going in the right direction,Neither good nor bad,Approve,Just a little,Increased somewhat,Fairly well,Very badly,A few times a week,Every day,Never,Every day,Every day,I voted in the election,United Democratic Alliance (UDA),Secondary School,Trader
Rural,Kitui,30.0,Woman,"Post-secondary qualifications, other than university e.g. a diploma or degree from a polytechnic or college",Unemployed (Actively looking),Agriculture / farming / fishing / forestry,Going in the wrong direction,Neither good nor bad,Approve,Somewhat,Increased a lot,Fairly badly,Very badly,Every day,Never,Never,Never,Never,I did not vote,Wiper Democratic Movement (WDM–K),Certificate/Diploma,Agriculture
Rural,West Pokot,58.0,Woman,No formal schooling,Unemployed (Actively looking),Agriculture / farming / fishing / forestry,Going in the wrong direction,Very bad,Approve,A lot,Increased a lot,Fairly well,Very badly,A few times a week,Never,Never,Never,Never,I did not vote,United Democratic Alliance (UDA),Informal Schooling,Agriculture
Rural,Kwale,21.0,Woman,Some university,Unemployed (Actively looking),"Mid-level professional (e.g., teacher, nurse, mid-level government officer)",Going in the right direction,Fairly good,Approve,A lot,Stayed the same,Fairly badly,Very badly,A few times a week,A few times a week,Never,Every day,Every day,I did not vote,Orange Democratic Movement (ODM),Bachelors Degree,Professional
Rural,Kwale,18.0,Man,Intermediate school or Some secondary school / high school,Unemployed (Not looking),Student,Going in the right direction,Fairly good,Approve,Somewhat,Decreased somewhat,Fairly well,Fairly well,Every day,Every day,Never,Every day,Every day,I was too young to vote,Orange Democratic Movement (ODM),Secondary School,Student
Rural,West Pokot,31.0,Woman,Primary school completed,Unemployed (Actively looking),"Unskilled manual worker (e.g., cleaner, laborer, domestic help, unskilled manufacturing worker)",Undecided/No Response,Very bad,Approve,Somewhat,Undecided/No Response,Fairly badly,Undecided/No Response,Every day,Never,Never,Never,Never,I did not vote,Undecided/No Response,Primary School,Skilled/Unskilled Labor
Rural,Kwale,21.0,Man,Intermediate school or Some secondary school / high school,Employed (Full-time),Trader / hawker / vendor,Going in the right direction,Fairly good,Strongly disapprove,Just a little,Increased a lot,Very badly,Very badly,Every day,Every day,Never,Every day,Every day,I did not vote,Undecided/No Response,Secondary School,Trader
Rural,Bungoma,18.0,Woman,Primary school completed,Unemployed (Actively looking),Never had a job,Going in the wrong direction,Very bad,Approve,Not at all,Stayed the same,Fairly badly,Fairly well,Every day,Every day,Never,A few times a week,A few times a week,I was too young to vote,Undecided/No Response,Primary School,Undecided/No Response
Rural,Kwale,40.0,Woman,Primary school completed,Unemployed (Actively looking),Trader / hawker / vendor,Going in the wrong direction,Very bad,Strongly disapprove,Just a little,Increased a lot,Very badly,Fairly badly,Every day,Every day,Never,Every day,Every day,I voted in the election,Orange Democratic Movement (ODM),Primary School,Trader
Urban,Kiambu,24.0,Man,University completed,Employed (Full-time),"Artisan or skilled manual worker (e.g., trades like electrician, mechanic, machinist or skilled manufacturing worker)",Going in the right direction,Neither good nor bad,Approve,Just a little,Decreased somewhat,Fairly well,Fairly badly,A few times a month,A few times a week,Never,Every day,A few times a week,I did not vote,United Democratic Alliance (UDA),Bachelors Degree,Skilled/Unskilled Labor
Urban,Kiambu,37.0,Woman,Secondary school / high school completed,Employed (Part-time),Trader / hawker / vendor,Going in the right direction,Fairly good,Disapprove,Somewhat,Stayed the same,Fairly well,Fairly badly,A few times a week,A few times a week,Never,Every day,Every day,I did not vote,Would not vote,Secondary School,Trader
Rural,Bungoma,29.0,Woman,Secondary school / high school completed,Unemployed (Actively looking),Housewife / homemaker,Going in the wrong direction,Very bad,Disapprove,Somewhat,Stayed the same,Very badly,Fairly well,Every day,Every day,Never,Never,Never,I did not vote,United Democratic Alliance (UDA),Secondary School,Housewife
Urban,Kiambu,21.0,Woman,Secondary school / high school completed,Unemployed (Actively looking),"Artisan or skilled manual worker (e.g., trades like electrician, mechanic, machinist or skilled manufacturing worker)",Going in the wrong direction,Fairly bad,Disapprove,Just a little,Increased a lot,Very badly,Fairly badly,A few times a month,Every day,Never,Every day,Every day,I did not vote,Undecided/No Response,Secondary School,Skilled/Unskilled Labor
Rural,Bungoma,67.0,Man,Secondary school / high school completed,Unemployed (Actively looking),"Mid-level professional (e.g., teacher, nurse, mid-level government officer)",Going in the wrong direction,Fairly bad,Disapprove,Just a little,Increased somewhat,Fairly badly,Fairly well,Every day,A few times a week,A few times a month,Every day,Every day,I voted in the election,Orange Democratic Movement (ODM),Secondary School,Professional
Urban,Uasin Gishu,20.0,Man,Secondary school / high school completed,Employed (Part-time),Student,Going in the right direction,Fairly good,Strongly disapprove,Just a little,Stayed the same,Very badly,Very badly,Every day,Every day,Less than once a month,Every day,Every day,I did not vote,Orange Democratic Movement (ODM),Secondary School,Student
Urban,Kiambu,26.0,Man,University completed,Employed (Full-time),"Upper-level professional (e.g., banker/finance, doctor, lawyer, engineer, accountant, professor, senior-level government",Going in the right direction,Fairly good,Disapprove,Just a little,Increased a lot,Very well,Very badly,Less than once a month,Every day,Never,Every day,Every day,I did not vote,United Democratic Alliance (UDA),Bachelors Degree,Professional
Rural,Kitui,25.0,Man,Secondary school / high school completed,Unemployed (Actively looking),"Unskilled manual worker (e.g., cleaner, laborer, domestic help, unskilled manufacturing worker)",Going in the wrong direction,Fairly good,Approve,Undecided/No Response,Decreased somewhat,Fairly badly,Fairly badly,Every day,A few times a week,Never,Never,Never,I did not vote,United Democratic Alliance (UDA),Secondary School,Skilled/Unskilled Labor
Urban,Meru,20.0,Woman,Some university,Unemployed (Not looking),Student,Going in the right direction,Neither good nor bad,Strongly disapprove,Not at all,Increased somewhat,Fairly well,Fairly badly,Never,A few times a week,Never,Every day,Every day,I was too young to vote,Undecided/No Response,Bachelors Degree,Student
Urban,Uasin Gishu,49.0,Woman,Secondary school / high school completed,Unemployed (Not looking),Agriculture / farming / fishing / forestry,Going in the wrong direction,Fairly bad,Disapprove,Just a little,Increased a lot,Fairly well,Fairly badly,A few times a month,Every day,Never,A few times a month,Every day,I voted in the election,Orange Democratic Movement (ODM),Secondary School,Agriculture
Urban,Uasin Gishu,45.0,Woman,Primary school completed,Unemployed (Actively looking),Retail / Shop,Going in the wrong direction,Very bad,Approve,Just a little,Stayed the same,Fairly well,Fairly well,Every day,Every day,Never,Never,Never,I did not vote,Orange Democratic Movement (ODM),Primary School,Trader
Urban,Meru,40.0,Woman,Secondary school / high school completed,Employed (Full-time),Trader / hawker / vendor,Going in the right direction,Fairly bad,Approve,A lot,Increased a lot,Fairly well,Fairly well,Every day,Every day,Every day,Every day,Every day,I voted in the election,United Democratic Alliance (UDA),Secondary School,Trader
Urban,Uasin Gishu,56.0,Man,Primary school completed,Unemployed (Not looking),Agriculture / farming / fishing / forestry,Going in the right direction,Fairly good,Strongly approve,A lot,Decreased somewhat,Very well,Fairly well,Every day,Less than once a month,Never,Never,Never,I voted in the election,United Democratic Alliance (UDA),Primary School,Agriculture
Rural,Kitui,28.0,Man,Secondary school / high school completed,Employed (Full-time),"Unskilled manual worker (e.g., cleaner, laborer, domestic help, unskilled manufacturing worker)",Going in the wrong direction,Fairly bad,Approve,Somewhat,Increased somewhat,Very badly,Very badly,Every day,A few times a week,A few times a month,Every day,A few times a week,I voted in the election,Wiper Democratic Movement (WDM–K),Secondary School,Skilled/Unskilled Labor
Rural,Kwale,27.0,Woman,Some primary schooling,Unemployed (Actively looking),Retail / Shop,Going in the right direction,Fairly good,Approve,Just a little,Increased somewhat,Fairly well,Fairly well,A few times a month,Less than once a month,Never,Every day,A few times a week,I did not vote,Undecided/No Response,Primary School,Trader
Urban,Meru,73.0,Man,University completed,Unemployed (Not looking),"Mid-level professional (e.g., teacher, nurse, mid-level government officer)",Going in the right direction,Fairly good,Strongly approve,A lot,Decreased somewhat,Fairly well,Fairly well,Never,Every day,Never,Every day,Every day,I did not vote,Undecided/No Response,Bachelors Degree,Professional
Rural,Kwale,18.0,Man,Primary school completed,Employed (Full-time),Retail / Shop,Going in the wrong direction,Fairly bad,Disapprove,Somewhat,Increased somewhat,Fairly well,Very badly,A few times a week,Every day,Never,Every day,Every day,I did not vote,Would not vote,Primary School,Trader
Rural,Kwale,40.0,Man,Primary school completed,Unemployed (Actively looking),Agriculture / farming / fishing / forestry,Going in the wrong direction,Fairly bad,Disapprove,Just a little,Stayed the same,Fairly badly,Very badly,Every day,A few times a week,Never,Never,Never,I voted in the election,Would not vote,Primary School,Agriculture
Rural,Kitui,22.0,Man,Secondary school / high school completed,Employed (Full-time),"Unskilled manual worker (e.g., cleaner, laborer, domestic help, unskilled manufacturing worker)",Going in the wrong direction,Fairly bad,Strongly disapprove,Just a little,Increased a lot,Very badly,Very badly,Every day,A few times a week,Less than once a month,Every day,Every day,Undecided/No Response,Would not vote,Secondary School,Skilled/Unskilled Labor
Rural,Kwale,25.0,Woman,Secondary school / high school completed,Employed (Part-time),Supervisor / Foreman / Senior Manager,Going in the wrong direction,Very bad,Strongly disapprove,Just a little,Increased somewhat,Very badly,Very badly,Never,Every day,Never,Every day,Every day,I did not vote,Orange Democratic Movement (ODM),Secondary School,Professional
Urban,Kiambu,42.0,Man,Secondary school / high school completed,Unemployed (Actively looking),"Artisan or skilled manual worker (e.g., trades like electrician, mechanic, machinist or skilled manufacturing worker)",Going in the right direction,Fairly good,Approve,Not at all,Increased a lot,Fairly well,Very badly,Every day,Every day,Never,Every day,Every day,I voted in the election,Orange Democratic Movement (ODM),Secondary School,Skilled/Unskilled Labor
Rural,West Pokot,22.0,Woman,Some primary schooling,Unemployed (Not looking),Housewife / homemaker,Going in the right direction,Neither good nor bad,Disapprove,A lot,Decreased somewhat,Fairly badly,Fairly well,A few times a week,Never,Never,Never,Never,I did not vote,United Democratic Alliance (UDA),Primary School,Housewife
Rural,West Pokot,47.0,Man,Some primary schooling,Unemployed (Actively looking),Agriculture / farming / fishing / forestry,Going in the wrong direction,Fairly bad,Approve,A lot,Stayed the same,Very badly,Very badly,Every day,Never,Every day,Never,Never,I voted in the election,United Democratic Alliance (UDA),Primary School,Agriculture
Urban,Meru,24.0,Man,University completed,Employed (Part-time),Student,Going in the wrong direction,Neither good nor bad,Approve,Somewhat,Increased a lot,Very badly,Very badly,Every day,Every day,Never,Every day,Every day,I did not vote,Orange Democratic Movement (ODM),Bachelors Degree,Student
Rural,West Pokot,42.0,Man,Primary school completed,Unemployed (Actively looking),"Unskilled manual worker (e.g., cleaner, laborer, domestic help, unskilled manufacturing worker)",Going in the wrong direction,Fairly bad,Approve,Just a little,Increased a lot,Fairly badly,Fairly badly,Every day,Never,Never,Never,Never,I voted in the election,United Democratic Alliance (UDA),Primary School,Skilled/Unskilled Labor
Urban,Kiambu,29.0,Man,University completed,Employed (Part-time),"Upper-level professional (e.g., banker/finance, doctor, lawyer, engineer, accountant, professor, senior-level government",Going in the wrong direction,Fairly good,Disapprove,Just a little,Increased a lot,Very badly,Very badly,Every day,Every day,A few times a month,Every day,Every day,I voted in the election,Would not vote,Bachelors Degree,Professional
Urban,Uasin Gishu,28.0,Man,"Post-secondary qualifications, other than university e.g. a diploma or degree from a polytechnic or college",Unemployed (Actively looking),"Unskilled manual worker (e.g., cleaner, laborer, domestic help, unskilled manufacturing worker)",Going in the right direction,Very good,Disapprove,Just a little,Increased a lot,Fairly well,Very badly,Every day,Every day,Never,Every day,Every day,I did not vote,Roots Party of Kenya (RPK),Certificate/Diploma,Skilled/Unskilled Labor
Urban,Kiambu,27.0,Woman,Secondary school / high school completed,Employed (Full-time),Trader / hawker / vendor,Going in the wrong direction,Very bad,Strongly disapprove,Not at all,Increased a lot,Very badly,Very badly,Never,Every day,Never,Every day,Every day,I did not vote,Maendeleo Chap Chap,Secondary School,Trader
Urban,Kiambu,23.0,Woman,Secondary school / high school completed,Unemployed (Actively looking),Student,Going in the right direction,Fairly good,Strongly disapprove,Just a little,Increased somewhat,Fairly well,Very badly,A few times a week,Every day,Less than once a month,A few times a week,A few times a week,I did not vote,United Democratic Alliance (UDA),Secondary School,Student
Urban,Uasin Gishu,22.0,Woman,Secondary school / high school completed,Unemployed (Actively looking),Housewife / homemaker,Going in the right direction,Fairly good,Strongly disapprove,Just a little,Stayed the same,Fairly well,Fairly badly,Every day,Every day,Never,Every day,Every day,I did not vote,Would not vote,Secondary School,Housewife
Urban,Uasin Gishu,35.0,Man,Intermediate school or Some secondary school / high school,Employed (Part-time),"Unskilled manual worker (e.g., cleaner, laborer, domestic help, unskilled manufacturing worker)",Going in the wrong direction,Very bad,Strongly disapprove,Just a little,Increased a lot,Very badly,Very badly,Every day,Never,Never,Never,Never,I voted in the election,Orange Democratic Movement (ODM),Secondary School,Skilled/Unskilled Labor
Urban,Uasin Gishu,45.0,Woman,Primary school completed,Unemployed (Not looking),Agriculture / farming / fishing / forestry,Going in the right direction,Fairly good,Strongly approve,A lot,Decreased somewhat,Very well,Very well,Every day,Every day,Undecided/No Response,Every day,Every day,I voted in the election,United Democratic Alliance (UDA),Primary School,Agriculture
Rural,West Pokot,21.0,Woman,Primary school completed,Unemployed (Actively looking),Trader / hawker / vendor,Going in the wrong direction,Very bad,Strongly approve,A lot,Decreased somewhat,Fairly well,Very well,A few times a week,Never,Never,Never,Never,I was too young to vote,United Democratic Alliance (UDA),Primary School,Trader
Rural,Kajiado,29.0,Man,No formal schooling,Unemployed (Actively looking),Never had a job,Going in the right direction,Fairly good,Approve,A lot,Decreased somewhat,Very badly,Very badly,Every day,Less than once a month,Never,Never,Never,I voted in the election,United Democratic Alliance (UDA),Informal Schooling,Undecided/No Response
Rural,Kajiado,22.0,Man,Primary school completed,Employed (Full-time),"Unskilled manual worker (e.g., cleaner, laborer, domestic help, unskilled manufacturing worker)",Going in the wrong direction,Fairly bad,Disapprove,Just a little,Increased a lot,Very badly,Very badly,A few times a week,Never,Never,Every day,Every day,I voted in the election,Would not vote,Primary School,Skilled/Unskilled Labor
Rural,Kajiado,30.0,Woman,Primary school completed,Unemployed (Not looking),Never had a job,Going in the wrong direction,Fairly bad,Disapprove,Not at all,Increased a lot,Fairly well,Fairly badly,Every day,Never,Never,Never,Never,I voted in the election,United Democratic Alliance (UDA),Primary School,Undecided/No Response
Rural,Migori,38.0,Woman,Some primary schooling,Employed (Full-time),Agriculture / farming / fishing / forestry,Going in the right direction,Fairly bad,Strongly approve,A lot,Increased a lot,Very badly,Fairly badly,A few times a week,Never,Never,Never,Undecided/No Response,I voted in the election,Orange Democratic Movement (ODM),Primary School,Agriculture
Rural,Kajiado,23.0,Woman,No formal schooling,Unemployed (Actively looking),Trader / hawker / vendor,Going in the wrong direction,Neither good nor bad,Disapprove,Somewhat,Increased somewhat,Fairly well,Fairly well,A few times a month,Never,Never,A few times a week,Never,I did not vote,United Democratic Alliance (UDA),Informal Schooling,Trader
Rural,Kajiado,23.0,Woman,"Post-secondary qualifications, other than university e.g. a diploma or degree from a polytechnic or college",Unemployed (Actively looking),Never had a job,Going in the right direction,Fairly bad,Strongly disapprove,Somewhat,Decreased somewhat,Fairly badly,Fairly badly,Every day,Every day,A few times a month,Every day,Every day,I voted in the election,Orange Democratic Movement (ODM),Certificate/Diploma,Undecided/No Response
Rural,Kericho,43.0,Woman,Some primary schooling,Unemployed (Actively looking),"Unskilled manual worker (e.g., cleaner, laborer, domestic help, unskilled manufacturing worker)",Going in the wrong direction,Fairly bad,Approve,A lot,Increased a lot,Very well,Fairly well,Every day,Less than once a month,Never,Never,Never,I did not vote,United Democratic Alliance (UDA),Primary School,Skilled/Unskilled Labor
Rural,Migori,19.0,Woman,Secondary school / high school completed,Unemployed (Actively looking),Student,Going in the right direction,Very bad,Disapprove,A lot,Increased a lot,Very badly,Fairly well,Every day,Every day,A few times a week,Every day,A few times a week,I did not vote,Orange Democratic Movement (ODM),Secondary School,Student
Rural,Uasin Gishu,30.0,Woman,"Post-secondary qualifications, other than university e.g. a diploma or degree from a polytechnic or college",Employed (Part-time),"Mid-level professional (e.g., teacher, nurse, mid-level government officer)",Going in the right direction,Fairly good,Strongly approve,Somewhat,Undecided/No Response,Fairly well,Very badly,A few times a week,Every day,Never,Every day,Every day,I did not vote,United Democratic Alliance (UDA),Certificate/Diploma,Professional
Rural,Kitui,35.0,Woman,"Post-secondary qualifications, other than university e.g. a diploma or degree from a polytechnic or college",Unemployed (Actively looking),Agriculture / farming / fishing / forestry,Going in the wrong direction,Fairly bad,Approve,Just a little,Stayed the same,Fairly badly,Fairly well,A few times a week,Never,Never,Never,Never,I did not vote,Undecided/No Response,Certificate/Diploma,Agriculture
Rural,Kitui,33.0,Man,Primary school completed,Unemployed (Actively looking),Agriculture / farming / fishing / forestry,Going in the wrong direction,Fairly bad,Disapprove,Just a little,Stayed the same,Fairly badly,Fairly badly,Every day,Never,Never,Never,Never,I did not vote,Orange Democratic Movement (ODM),Primary School,Agriculture
Rural,Kericho,25.0,Woman,Primary school completed,Employed (Full-time),Agriculture / farming / fishing / forestry,Going in the right direction,Fairly good,Approve,Somewhat,Increased a lot,Fairly well,Very badly,Every day,Never,A few times a week,A few times a week,A few times a week,I did not vote,United Democratic Alliance (UDA),Primary School,Agriculture
Rural,Kericho,55.0,Man,"Post-secondary qualifications, other than university e.g. a diploma or degree from a polytechnic or college",Employed (Full-time),"Mid-level professional (e.g., teacher, nurse, mid-level government officer)",Going in the right direction,Fairly good,Approve,Somewhat,Stayed the same,Fairly well,Fairly well,Every day,Every day,A few times a month,Every day,Every day,I voted in the election,NARC – Kenya,Certificate/Diploma,Professional
Rural,Kericho,72.0,Man,Primary school completed,Unemployed (Not looking),Trader / hawker / vendor,Going in the wrong direction,Fairly bad,Approve,Somewhat,Increased a lot,Fairly well,Very badly,Every day,Every day,Never,Never,Never,I voted in the election,Undecided/No Response,Primary School,Trader
Rural,Kitui,62.0,Man,"Post-secondary qualifications, other than university e.g. a diploma or degree from a polytechnic or college",Unemployed (Not looking),Agriculture / farming / fishing / forestry,Going in the wrong direction,Very bad,Strongly disapprove,Somewhat,Increased a lot,Very badly,Very badly,Every day,Never,Never,Every day,Every day,I voted in the election,Undecided/No Response,Certificate/Diploma,Agriculture
Rural,Uasin Gishu,38.0,Woman,"Post-secondary qualifications, other than university e.g. a diploma or degree from a polytechnic or college",Employed (Full-time),"Mid-level professional (e.g., teacher, nurse, mid-level government officer)",Going in the wrong direction,Fairly bad,Approve,Just a little,Stayed the same,Fairly badly,Fairly badly,Less than once a month,Every day,Never,Every day,Less than once a month,I voted in the election,United Democratic Alliance (UDA),Certificate/Diploma,Professional
Rural,Migori,40.0,Woman,Primary school completed,Unemployed (Actively looking),Agriculture / farming / fishing / forestry,Going in the right direction,Neither good nor bad,Strongly approve,Just a little,Increased somewhat,Fairly well,Fairly well,Every day,A few times a week,Never,Never,Never,I voted in the election,Orange Democratic Movement (ODM),Primary School,Agriculture
Rural,Kitui,69.0,Man,Some primary schooling,Unemployed (Not looking),"Unskilled manual worker (e.g., cleaner, laborer, domestic help, unskilled manufacturing worker)",Going in the wrong direction,Fairly bad,Strongly disapprove,Not at all,Increased a lot,Very badly,Very badly,Every day,Never,Never,Never,Never,I voted in the election,Would not vote,Primary School,Skilled/Unskilled Labor
Rural,Uasin Gishu,24.0,Man,Intermediate school or Some secondary school / high school,Unemployed (Actively looking),"Unskilled manual worker (e.g., cleaner, laborer, domestic help, unskilled manufacturing worker)",Going in the right direction,Fairly bad,Undecided/No Response,A lot,Stayed the same,Fairly badly,Fairly well,A few times a week,A few times a week,Never,A few times a week,Never,I did not vote,Other,Secondary School,Skilled/Unskilled Labor
Rural,Uasin Gishu,28.0,Man,"Post-secondary qualifications, other than university e.g. a diploma or degree from a polytechnic or college",Employed (Full-time),Trader / hawker / vendor,Going in the right direction,Fairly bad,Strongly disapprove,A lot,Decreased somewhat,Fairly well,Fairly well,Every day,Every day,Less than once a month,Every day,Every day,I voted in the election,United Democratic Alliance (UDA),Certificate/Diploma,Trader
Urban,Laikipia,42.0,Man,Primary school completed,Employed (Full-time),Trader / hawker / vendor,Going in the right direction,Fairly good,Strongly approve,A lot,Decreased a lot,Very well,Very well,Every day,Never,Less than once a month,Every day,Every day,I voted in the election,United Democratic Alliance (UDA),Primary School,Trader
Rural,Bungoma,27.0,Man,"Post-secondary qualifications, other than university e.g. a diploma or degree from a polytechnic or college",Unemployed (Actively looking),"Artisan or skilled manual worker (e.g., trades like electrician, mechanic, machinist or skilled manufacturing worker)",Going in the right direction,Fairly good,Approve,Not at all,Decreased a lot,Very badly,Fairly well,Every day,Every day,Never,Every day,Every day,I voted in the election,Other,Certificate/Diploma,Skilled/Unskilled Labor
Urban,Laikipia,31.0,Woman,Secondary school / high school completed,Employed (Full-time),Trader / hawker / vendor,Going in the right direction,Neither good nor bad,Approve,Just a little,Decreased a lot,Very well,Fairly well,Less than once a month,Every day,Never,Every day,Every day,I voted in the election,Would not vote,Secondary School,Trader
Urban,Laikipia,27.0,Woman,"Post-secondary qualifications, other than university e.g. a diploma or degree from a polytechnic or college",Employed (Part-time),"Unskilled manual worker (e.g., cleaner, laborer, domestic help, unskilled manufacturing worker)",Going in the wrong direction,Fairly bad,Disapprove,Just a little,Increased somewhat,Fairly badly,Very badly,Every day,Every day,Never,Every day,Every day,I voted in the election,Undecided/No Response,Certificate/Diploma,Skilled/Unskilled Labor
Rural,Meru,30.0,Man,Secondary school / high school completed,Employed (Full-time),"Artisan or skilled manual worker (e.g., trades like electrician, mechanic, machinist or skilled manufacturing worker)",Going in the wrong direction,Neither good nor bad,Disapprove,Just a little,Increased somewhat,Fairly badly,Very badly,Every day,Every day,Never,Every day,Every day,I voted in the election,United Democratic Alliance (UDA),Secondary School,Skilled/Unskilled Labor
Urban,Laikipia,39.0,Man,University completed,Undecided/No Response,Undecided/No Response,Going in the right direction,Very bad,Disapprove,Just a little,Stayed the same,Fairly well,Very badly,Every day,Every day,Every day,Every day,Every day,I voted in the election,Would not vote,Bachelors Degree,Undecided/No Response
Rural,Bungoma,24.0,Woman,Secondary school / high school completed,Employed (Full-time),Retail / Shop,Going in the wrong direction,Fairly bad,Disapprove,Just a little,Increased a lot,Very badly,Very badly,A few times a month,A few times a month,Never,Never,Never,I did not vote,United Democratic Alliance (UDA),Secondary School,Trader
Rural,Bungoma,22.0,Woman,Secondary school / high school completed,Unemployed (Not looking),Housewife / homemaker,Going in the wrong direction,Fairly bad,Approve,Somewhat,Stayed the same,Fairly badly,Fairly badly,Every day,Every day,Never,Every day,A few times a week,I did not vote,Orange Democratic Movement (ODM),Secondary School,Housewife
Rural,Bungoma,27.0,Man,Secondary school / high school completed,Unemployed (Actively looking),Agriculture / farming / fishing / forestry,Going in the right direction,Fairly good,Approve,Undecided/No Response,Increased a lot,Fairly well,Fairly well,Every day,Never,Never,Never,Never,I voted in the election,Undecided/No Response,Secondary School,Agriculture
Rural,Meru,45.0,Woman,"Post-secondary qualifications, other than university e.g. a diploma or degree from a polytechnic or college",Employed (Full-time),"Mid-level professional (e.g., teacher, nurse, mid-level government officer)",Going in the right direction,Neither good nor bad,Approve,Somewhat,Decreased somewhat,Fairly well,Very badly,Never,Every day,Never,A few times a week,Never,I voted in the election,Would not vote,Certificate/Diploma,Professional
Rural,Garissa,38.0,Woman,Some primary schooling,Employed (Part-time),Agriculture / farming / fishing / forestry,Going in the wrong direction,Fairly bad,Approve,A lot,Stayed the same,Very badly,Very badly,Every day,Never,Never,Never,Never,I voted in the election,United Democratic Alliance (UDA),Primary School,Agriculture
Rural,Garissa,31.0,Man,Secondary school / high school completed,Unemployed (Actively looking),"Unskilled manual worker (e.g., cleaner, laborer, domestic help, unskilled manufacturing worker)",Going in the wrong direction,Very bad,Strongly disapprove,Not at all,Increased a lot,Very badly,Very badly,Every day,Every day,A few times a week,Every day,Every day,I voted in the election,Would not vote,Secondary School,Skilled/Unskilled Labor
Rural,Meru,46.0,Woman,Some primary schooling,Unemployed (Actively looking),Trader / hawker / vendor,Going in the wrong direction,Fairly bad,Strongly disapprove,Just a little,Increased a lot,Fairly well,Fairly well,Less than once a month,Every day,Never,Never,Never,I voted in the election,United Democratic Alliance (UDA),Primary School,Trader
Rural,Kericho,47.0,Man,Secondary school / high school completed,Unemployed (Actively looking),Agriculture / farming / fishing / forestry,Going in the right direction,Fairly good,Strongly approve,Somewhat,Decreased a lot,Fairly well,Fairly well,Every day,Every day,A few times a month,Never,Never,I voted in the election,United Democratic Alliance (UDA),Secondary School,Agriculture
Rural,Garissa,22.0,Woman,Primary school completed,Unemployed (Actively looking),Housewife / homemaker,Going in the right direction,Fairly bad,Disapprove,A lot,Stayed the same,Very badly,Fairly badly,Every day,Never,Never,Never,Never,I did not vote,United Democratic Alliance (UDA),Primary School,Housewife
Rural,Garissa,60.0,Man,No formal schooling,Unemployed (Not looking),Agriculture / farming / fishing / forestry,Going in the right direction,Fairly bad,Approve,Somewhat,Increased a lot,Fairly well,Fairly badly,A few times a week,Never,Never,Never,Never,I voted in the election,United Democratic Alliance (UDA),Informal Schooling,Agriculture
Rural,Migori,36.0,Man,Secondary school / high school completed,Unemployed (Actively looking),Agriculture / farming / fishing / forestry,Going in the wrong direction,Very bad,Disapprove,Somewhat,Decreased somewhat,Fairly badly,Fairly well,Every day,Never,A few times a month,Never,Never,I voted in the election,Orange Democratic Movement (ODM),Secondary School,Agriculture
Rural,Kericho,53.0,Woman,"Post-secondary qualifications, other than university e.g. a diploma or degree from a polytechnic or college",Employed (Full-time),"Mid-level professional (e.g., teacher, nurse, mid-level government officer)",Going in the wrong direction,Very bad,Disapprove,Somewhat,Increased a lot,Fairly well,Fairly badly,Less than once a month,A few times a month,Never,Never,Never,I voted in the election,Orange Democratic Movement (ODM),Certificate/Diploma,Professional
Rural,Uasin Gishu,31.0,Man,Intermediate school or Some secondary school / high school,Unemployed (Actively looking),Trader / hawker / vendor,Going in the right direction,Fairly good,Strongly approve,Just a little,Decreased somewhat,Very well,Fairly well,Never,Every day,Never,Every day,Never,I voted in the election,United Democratic Alliance (UDA),Secondary School,Trader
Rural,Kitui,49.0,Woman,Primary school completed,Unemployed (Not looking),Never had a job,Going in the wrong direction,Fairly bad,Approve,Just a little,Increased a lot,Very badly,Fairly badly,Every day,Never,Never,Never,Never,I did not vote,Wiper Democratic Movement (WDM–K),Primary School,Undecided/No Response
Rural,Kericho,45.0,Man,Some primary schooling,Unemployed (Not looking),Agriculture / farming / fishing / forestry,Undecided/No Response,Fairly bad,Approve,A lot,Stayed the same,Fairly well,Fairly well,Every day,A few times a week,Less than once a month,Never,Never,I voted in the election,United Democratic Alliance (UDA),Primary School,Agriculture
Rural,Kitui,61.0,Woman,No formal schooling,Unemployed (Not looking),Agriculture / farming / fishing / forestry,Going in the wrong direction,Very bad,Strongly disapprove,Not at all,Stayed the same,Very badly,Very badly,Every day,Never,Never,Never,Never,I voted in the election,Wiper Democratic Movement (WDM–K),Informal Schooling,Agriculture
Rural,Migori,56.0,Man,Primary school completed,Unemployed (Actively looking),Agriculture / farming / fishing / forestry,Going in the wrong direction,Very bad,Strongly disapprove,Not at all,Stayed the same,Fairly badly,Fairly badly,Every day,Every day,Never,Never,Never,I voted in the election,Orange Democratic Movement (ODM),Primary School,Agriculture
Rural,Migori,19.0,Man,Primary school completed,Unemployed (Actively looking),Undecided/No Response,Going in the wrong direction,Fairly good,Approve,Somewhat,Decreased a lot,Fairly well,Fairly badly,Every day,Every day,Less than once a month,Every day,Every day,I did not vote,Undecided/No Response,Primary School,Undecided/No Response
Rural,Uasin Gishu,30.0,Woman,Secondary school / high school completed,Unemployed (Actively looking),Agriculture / farming / fishing / forestry,Going in the wrong direction,Very good,Strongly disapprove,Just a little,Increased a lot,Fairly well,Very badly,Every day,Never,Never,Every day,Every day,I did not vote,United Democratic Alliance (UDA),Secondary School,Agriculture
Rural,Kericho,42.0,Woman,Primary school completed,Employed (Part-time),"Unskilled manual worker (e.g., cleaner, laborer, domestic help, unskilled manufacturing worker)",Going in the right direction,Fairly good,Strongly approve,A lot,Decreased somewhat,Fairly well,Fairly badly,Every day,Never,Less than once a month,Never,Never,I voted in the election,United Democratic Alliance (UDA),Primary School,Skilled/Unskilled Labor
Rural,Meru,28.0,Woman,Secondary school / high school completed,Employed (Full-time),Agriculture / farming / fishing / forestry,Going in the wrong direction,Very bad,Disapprove,Not at all,Increased a lot,Fairly badly,Very badly,A few times a month,Every day,Never,Every day,Every day,I voted in the election,Roots Party of Kenya (RPK),Secondary School,Agriculture
Urban,Laikipia,30.0,Man,Secondary school / high school completed,Unemployed (Not looking),"Unskilled manual worker (e.g., cleaner, laborer, domestic help, unskilled manufacturing worker)",Going in the right direction,Fairly bad,Approve,A lot,Increased a lot,Fairly badly,Fairly badly,A few times a month,Every day,A few times a month,Every day,Every day,I voted in the election,Would not vote,Secondary School,Skilled/Unskilled Labor
Rural,Uasin Gishu,52.0,Woman,Some primary schooling,Unemployed (Not looking),Agriculture / farming / fishing / forestry,Going in the right direction,Fairly good,Strongly approve,A lot,Decreased somewhat,Fairly well,Fairly well,Every day,Less than once a month,Never,Undecided/No Response,Undecided/No Response,I voted in the election,United Democratic Alliance (UDA),Primary School,Agriculture
Rural,Meru,25.0,Man,University completed,Unemployed (Actively looking),Agriculture / farming / fishing / forestry,Going in the wrong direction,Very bad,Strongly disapprove,Not at all,Increased a lot,Very badly,Very badly,A few times a month,Every day,Never,Every day,Every day,I voted in the election,Orange Democratic Movement (ODM),Bachelors Degree,Agriculture
Rural,Bungoma,50.0,Man,"Post-secondary qualifications, other than university e.g. a diploma or degree from a polytechnic or college",Employed (Full-time),Agriculture / farming / fishing / forestry,Going in the wrong direction,Very bad,Disapprove,Just a little,Increased somewhat,Very badly,Fairly well,Every day,A few times a month,A few times a week,Every day,Every day,I voted in the election,Would not vote,Certificate/Diploma,Agriculture
Urban,Laikipia,33.0,Man,"Post-secondary qualifications, other than university e.g. a diploma or degree from a polytechnic or college",Employed (Part-time),"Artisan or skilled manual worker (e.g., trades like electrician, mechanic, machinist or skilled manufacturing worker)",Going in the wrong direction,Very bad,Disapprove,Not at all,Increased a lot,Very badly,Fairly well,Every day,A few times a week,Never,Less than once a month,Less than once a month,I voted in the election,Undecided/No Response,Certificate/Diploma,Skilled/Unskilled Labor
Urban,Laikipia,19.0,Woman,Secondary school / high school completed,Unemployed (Actively looking),Never had a job,Going in the right direction,Neither good nor bad,Approve,Somewhat,Increased somewhat,Fairly badly,Very badly,Every day,Never,Less than once a month,A few times a month,Less than once a month,I was too young to vote,Would not vote,Secondary School,Undecided/No Response
Rural,Garissa,20.0,Woman,Some primary schooling,Unemployed (Not looking),Housewife / homemaker,Going in the right direction,Fairly good,Approve,Not at all,Increased somewhat,Fairly badly,Fairly badly,A few times a week,Every day,Never,Never,A few times a week,I voted in the election,Orange Democratic Movement (ODM),Primary School,Housewife
Rural,Meru,63.0,Man,Some primary schooling,Employed (Part-time),Agriculture / farming / fishing / forestry,Going in the wrong direction,Fairly bad,Disapprove,Just a little,Increased a lot,Very badly,Very badly,Every day,Every day,Never,Never,Never,I voted in the election,United Democratic Alliance (UDA),Primary School,Agriculture
Urban,Laikipia,37.0,Woman,"Post-secondary qualifications, other than university e.g. a diploma or degree from a polytechnic or college",Employed (Full-time),Supervisor / Foreman / Senior Manager,Going in the right direction,Very bad,Disapprove,Just a little,Increased a lot,Very badly,Very badly,Never,Every day,A few times a week,Every day,Never,I voted in the election,United Democratic Alliance (UDA),Certificate/Diploma,Professional
Rural,Meru,34.0,Man,Intermediate school or Some secondary school / high school,Employed (Full-time),Agriculture / farming / fishing / forestry,Going in the wrong direction,Fairly good,Disapprove,A lot,Increased somewhat,Fairly well,Fairly badly,A few times a week,Every day,A few times a month,A few times a week,A few times a week,I voted in the election,Would not vote,Secondary School,Agriculture
Rural,Migori,24.0,Man,Primary school completed,Employed (Full-time),"Artisan or skilled manual worker (e.g., trades like electrician, mechanic, machinist or skilled manufacturing worker)",Going in the wrong direction,Neither good nor bad,Approve,Just a little,Decreased somewhat,Very badly,Very well,Every day,Every day,A few times a week,Every day,Every day,I voted in the election,Undecided/No Response,Primary School,Skilled/Unskilled Labor
Rural,Uasin Gishu,27.0,Man,Primary school completed,Unemployed (Not looking),Trader / hawker / vendor,Going in the right direction,Very good,Approve,Not at all,Increased a lot,Fairly well,Fairly well,Never,Every day,Never,Less than once a month,Never,I voted in the election,United Democratic Alliance (UDA),Primary School,Trader
Urban,Kiambu,27.0,Man,University completed,Unemployed (Actively looking),"Mid-level professional (e.g., teacher, nurse, mid-level government officer)",Going in the wrong direction,Neither good nor bad,Strongly disapprove,Not at all,Increased a lot,Very badly,Very badly,Never,Every day,Never,Every day,Every day,I did not vote,Would not vote,Bachelors Degree,Professional
Urban,Kiambu,39.0,Man,Secondary school / high school completed,Employed (Full-time),Trader / hawker / vendor,Going in the right direction,Very good,Strongly approve,A lot,Decreased somewhat,Fairly well,Very well,Every day,Every day,Never,Every day,Every day,I voted in the election,United Democratic Alliance (UDA),Secondary School,Trader
Urban,Kiambu,18.0,Man,Intermediate school or Some secondary school / high school,Unemployed (Actively looking),Never had a job,Going in the right direction,Fairly good,Strongly disapprove,Somewhat,Increased a lot,Fairly well,Very badly,Every day,Every day,A few times a month,Every day,Every day,I was too young to vote,Orange Democratic Movement (ODM),Secondary School,Undecided/No Response
Rural,Garissa,73.0,Man,No formal schooling,Unemployed (Actively looking),Agriculture / farming / fishing / forestry,Going in the wrong direction,Fairly bad,Approve,Not at all,Increased a lot,Fairly badly,Fairly badly,Never,Never,Never,Never,Never,I voted in the election,Orange Democratic Movement (ODM),Informal Schooling,Agriculture
Urban,Kiambu,40.0,Woman,"Post-secondary qualifications, other than university e.g. a diploma or degree from a polytechnic or college",Employed (Full-time),"Mid-level professional (e.g., teacher, nurse, mid-level government officer)",Going in the right direction,Very bad,Approve,A lot,Increased a lot,Fairly well,Fairly well,Never,Every day,Less than once a month,Every day,Every day,I voted in the election,Would not vote,Certificate/Diploma,Professional
Rural,Bungoma,32.0,Man,University completed,Employed (Full-time),"Mid-level professional (e.g., teacher, nurse, mid-level government officer)",Going in the wrong direction,Fairly bad,Approve,Somewhat,Increased a lot,Fairly badly,Very badly,Every day,Every day,A few times a month,Every day,Every day,I did not vote,United Democratic Alliance (UDA),Bachelors Degree,Professional
Rural,Garissa,20.0,Woman,No formal schooling,Employed (Part-time),"Artisan or skilled manual worker (e.g., trades like electrician, mechanic, machinist or skilled manufacturing worker)",Going in the right direction,Neither good nor bad,Disapprove,Somewhat,Decreased somewhat,Fairly well,Fairly well,Never,A few times a week,Never,A few times a week,Never,I voted in the election,United Democratic Alliance (UDA),Informal Schooling,Skilled/Unskilled Labor
Rural,Kitui,45.0,Man,Primary school completed,Employed (Full-time),"Unskilled manual worker (e.g., cleaner, laborer, domestic help, unskilled manufacturing worker)",Going in the wrong direction,Neither good nor bad,Undecided/No Response,Undecided/No Response,Stayed the same,Fairly well,Fairly badly,Every day,A few times a week,Never,Never,Never,I voted in the election,Orange Democratic Movement (ODM),Primary School,Skilled/Unskilled Labor
Rural,Migori,23.0,Woman,Primary school completed,Employed (Part-time),"Unskilled manual worker (e.g., cleaner, laborer, domestic help, unskilled manufacturing worker)",Going in the right direction,Very good,Strongly approve,A lot,Decreased a lot,Very well,Very well,Every day,Every day,Never,Every day,Every day,I voted in the election,Orange Democratic Movement (ODM),Primary School,Skilled/Unskilled Labor
Rural,Kisumu,42.0,Woman,Secondary school / high school completed,Unemployed (Not looking),Agriculture / farming / fishing / forestry,Going in the wrong direction,Very bad,Disapprove,Not at all,Increased a lot,Fairly well,Fairly well,Every day,Never,Never,Never,Never,I voted in the election,Orange Democratic Movement (ODM),Secondary School,Agriculture
Rural,Bungoma,53.0,Woman,Intermediate school or Some secondary school / high school,Unemployed (Not looking),Housewife / homemaker,Going in the wrong direction,Fairly bad,Disapprove,Just a little,Stayed the same,Fairly badly,Fairly badly,Every day,Every day,Never,Never,Never,I voted in the election,Orange Democratic Movement (ODM),Secondary School,Housewife
Rural,Kisumu,72.0,Man,Secondary school / high school completed,Unemployed (Not looking),Agriculture / farming / fishing / forestry,Going in the wrong direction,Fairly bad,Strongly disapprove,Just a little,Increased a lot,Very badly,Very badly,Every day,Never,A few times a week,Never,Never,I voted in the election,Orange Democratic Movement (ODM),Secondary School,Agriculture
Rural,Kitui,70.0,Woman,Some primary schooling,Employed (Part-time),Housewife / homemaker,Going in the wrong direction,Fairly bad,Approve,A lot,Decreased somewhat,Very badly,Undecided/No Response,A few times a week,Never,Never,Never,Never,I voted in the election,United Democratic Alliance (UDA),Primary School,Housewife
Rural,Garissa,27.0,Man,Primary school completed,Employed (Part-time),"Unskilled manual worker (e.g., cleaner, laborer, domestic help, unskilled manufacturing worker)",Going in the wrong direction,Fairly bad,Approve,Somewhat,Increased a lot,Very badly,Very badly,Every day,Never,Never,Less than once a month,Never,I voted in the election,United Democratic Alliance (UDA),Primary School,Skilled/Unskilled Labor
Rural,Kisumu,24.0,Man,"Post-secondary qualifications, other than university e.g. a diploma or degree from a polytechnic or college",Unemployed (Actively looking),"Artisan or skilled manual worker (e.g., trades like electrician, mechanic, machinist or skilled manufacturing worker)",Going in the wrong direction,Very bad,Strongly disapprove,Not at all,Stayed the same,Very badly,Very badly,Every day,A few times a week,Less than once a month,Every day,Every day,I voted in the election,Would not vote,Certificate/Diploma,Skilled/Unskilled Labor
Rural,Meru,20.0,Woman,Secondary school / high school completed,Unemployed (Actively looking),Agriculture / farming / fishing / forestry,Going in the wrong direction,Fairly bad,Undecided/No Response,A lot,Stayed the same,Fairly badly,Fairly well,A few times a month,A few times a week,A few times a week,A few times a week,A few times a week,I did not vote,United Democratic Alliance (UDA),Secondary School,Agriculture
Urban,Kiambu,50.0,Man,Post-graduate,Employed (Full-time),"Mid-level professional (e.g., teacher, nurse, mid-level government officer)",Going in the right direction,Fairly bad,Approve,Somewhat,Undecided/No Response,Fairly well,Very badly,A few times a week,Every day,Never,Every day,Every day,I voted in the election,Would not vote,Masters/PhD,Professional
Urban,Kiambu,25.0,Man,Post-graduate,Unemployed (Not looking),Trader / hawker / vendor,Going in the right direction,Fairly good,Approve,Somewhat,Stayed the same,Fairly well,Fairly badly,A few times a week,Every day,A few times a week,Every day,Every day,I voted in the election,Jubilee Alliance Party (JAP),Masters/PhD,Trader
Rural,Bungoma,38.0,Woman,Intermediate school or Some secondary school / high school,Unemployed (Not looking),Agriculture / farming / fishing / forestry,Going in the right direction,Fairly bad,Approve,Somewhat,Increased a lot,Fairly well,Fairly well,Never,Never,Never,Less than once a month,Less than once a month,I voted in the election,Undecided/No Response,Secondary School,Agriculture
Urban,Kiambu,34.0,Woman,"Post-secondary qualifications, other than university e.g. a diploma or degree from a polytechnic or college",Unemployed (Actively looking),"Mid-level professional (e.g., teacher, nurse, mid-level government officer)",Going in the right direction,Fairly bad,Strongly disapprove,Just a little,Increased a lot,Very badly,Very badly,Every day,Never,Never,Every day,A few times a week,I did not vote,Wiper Democratic Movement (WDM–K),Certificate/Diploma,Professional
Rural,Kisumu,26.0,Woman,Secondary school / high school completed,Unemployed (Not looking),Housewife / homemaker,Going in the wrong direction,Fairly good,Disapprove,Just a little,Increased a lot,Very badly,Very badly,Every day,Every day,Never,Every day,Never,I voted in the election,Would not vote,Secondary School,Housewife
Urban,Kiambu,19.0,Woman,Secondary school / high school completed,Unemployed (Not looking),Student,Going in the wrong direction,Fairly bad,Approve,Somewhat,Decreased somewhat,Fairly well,Fairly badly,A few times a month,Every day,A few times a month,Every day,Every day,I was too young to vote,Jubilee Alliance Party (JAP),Secondary School,Student
Rural,Kisumu,30.0,Man,Secondary school / high school completed,Unemployed (Actively looking),"Artisan or skilled manual worker (e.g., trades like electrician, mechanic, machinist or skilled manufacturing worker)",Going in the wrong direction,Fairly good,Disapprove,Somewhat,Stayed the same,Fairly badly,Fairly badly,Every day,A few times a month,Less than once a month,A few times a week,A few times a month,I voted in the election,Orange Democratic Movement (ODM),Secondary School,Skilled/Unskilled Labor
Rural,Kisumu,27.0,Woman,University completed,Unemployed (Actively looking),Housewife / homemaker,Going in the wrong direction,Very bad,Strongly disapprove,Not at all,Increased a lot,Very badly,Very badly,Every day,Less than once a month,Less than once a month,Every day,Every day,I did not vote,Undecided/No Response,Bachelors Degree,Housewife
Rural,Migori,25.0,Woman,"Post-secondary qualifications, other than university e.g. a diploma or degree from a polytechnic or college",Unemployed (Actively looking),Trader / hawker / vendor,Going in the right direction,Fairly good,Approve,Somewhat,Decreased somewhat,Fairly well,Fairly badly,A few times a week,Every day,Never,Every day,Never,I voted in the election,Orange Democratic Movement (ODM),Certificate/Diploma,Trader
Rural,Kisumu,28.0,Woman,Secondary school / high school completed,Unemployed (Actively looking),Trader / hawker / vendor,Going in the wrong direction,Fairly bad,Strongly approve,A lot,Decreased a lot,Fairly well,Very well,Every day,A few times a week,Never,Every day,Never,I voted in the election,Would not vote,Secondary School,Trader
Rural,Migori,39.0,Man,University completed,Employed (Full-time),"Security services (police, army, private security)",Going in the right direction,Neither good nor bad,Approve,A lot,Stayed the same,Fairly well,Fairly well,Every day,Every day,A few times a week,Every day,Every day,I voted in the election,United Democratic Alliance (UDA),Bachelors Degree,Security Services
Rural,Migori,37.0,Woman,Primary school completed,Unemployed (Not looking),Agriculture / farming / fishing / forestry,Going in the wrong direction,Fairly good,Disapprove,Just a little,Increased a lot,Fairly well,Very badly,Every day,Never,Never,Never,Never,I did not vote,Orange Democratic Movement (ODM),Primary School,Agriculture
Urban,Uasin Gishu,22.0,Man,Some university,Unemployed (Actively looking),Student,Going in the right direction,Very bad,Disapprove,Just a little,Stayed the same,Fairly well,Fairly badly,A few times a week,A few times a week,A few times a month,Every day,Every day,I did not vote,United Democratic Alliance (UDA),Bachelors Degree,Student
Rural,Kericho,32.0,Man,"Post-secondary qualifications, other than university e.g. a diploma or degree from a polytechnic or college",Unemployed (Actively looking),Agriculture / farming / fishing / forestry,Going in the right direction,Fairly good,Approve,Just a little,Increased a lot,Fairly well,Fairly badly,Every day,Less than once a month,Less than once a month,Every day,Every day,I voted in the election,United Democratic Alliance (UDA),Certificate/Diploma,Agriculture
Urban,Uasin Gishu,25.0,Woman,Secondary school / high school completed,Unemployed (Not looking),Student,Going in the right direction,Very bad,Disapprove,Just a little,Increased a lot,Fairly badly,Very badly,Never,Every day,Never,Every day,Every day,I did not vote,Would not vote,Secondary School,Student
Rural,Kericho,40.0,Woman,Primary school completed,Unemployed (Actively looking),"Unskilled manual worker (e.g., cleaner, laborer, domestic help, unskilled manufacturing worker)",Going in the right direction,Neither good nor bad,Strongly approve,Just a little,Increased a lot,Fairly well,Very badly,Every day,A few times a week,Never,Never,Never,I voted in the election,Jubilee Alliance Party (JAP),Primary School,Skilled/Unskilled Labor
Urban,Uasin Gishu,42.0,Woman,Intermediate school or Some secondary school / high school,Employed (Full-time),"Mid-level professional (e.g., teacher, nurse, mid-level government officer)",Going in the right direction,Fairly good,Approve,A lot,Decreased somewhat,Fairly well,Fairly badly,Every day,Every day,Every day,Never,Never,I voted in the election,United Democratic Alliance (UDA),Secondary School,Professional
Rural,Kericho,40.0,Woman,Intermediate school or Some secondary school / high school,Unemployed (Not looking),Agriculture / farming / fishing / forestry,Going in the right direction,Neither good nor bad,Approve,Somewhat,Increased a lot,Fairly badly,Fairly badly,A few times a week,A few times a week,Never,Never,Never,I voted in the election,United Democratic Alliance (UDA),Secondary School,Agriculture
Rural,West Pokot,21.0,Man,Some primary schooling,Unemployed (Not looking),Agriculture / farming / fishing / forestry,Going in the wrong direction,Very bad,Approve,Somewhat,Stayed the same,Very badly,Fairly badly,Every day,Never,Never,Never,Never,I was too young to vote,United Democratic Alliance (UDA),Primary School,Agriculture
Urban,Uasin Gishu,45.0,Woman,Primary school completed,Employed (Full-time),Trader / hawker / vendor,Going in the wrong direction,Very good,Approve,Just a little,Increased somewhat,Very badly,Fairly badly,Every day,Never,Never,A few times a week,Never,I voted in the election,Undecided/No Response,Primary School,Trader
Rural,Kisumu,26.0,Man,University completed,Unemployed (Actively looking),Student,Going in the wrong direction,Fairly good,Disapprove,Somewhat,Increased a lot,Fairly well,Very badly,Every day,A few times a week,A few times a month,Every day,Every day,I voted in the election,Would not vote,Bachelors Degree,Student
Rural,West Pokot,29.0,Woman,No formal schooling,Unemployed (Not looking),Agriculture / farming / fishing / forestry,Going in the right direction,Very bad,Strongly approve,A lot,Increased a lot,Fairly badly,Very badly,A few times a week,Never,Never,Never,Never,I voted in the election,Undecided/No Response,Informal Schooling,Agriculture
Rural,West Pokot,38.0,Woman,Some primary schooling,Unemployed (Not looking),Housewife / homemaker,Going in the wrong direction,Fairly bad,Undecided/No Response,Undecided/No Response,Undecided/No Response,Undecided/No Response,Undecided/No Response,Every day,Never,Never,Never,Never,I did not vote,Would not vote,Primary School,Housewife
Urban,Meru,35.0,Man,Secondary school / high school completed,Unemployed (Actively looking),"Unskilled manual worker (e.g., cleaner, laborer, domestic help, unskilled manufacturing worker)",Going in the right direction,Very bad,Approve,Just a little,Stayed the same,Fairly well,Fairly well,Every day,Every day,Every day,Every day,Every day,I voted in the election,United Democratic Alliance (UDA),Secondary School,Skilled/Unskilled Labor
Urban,Meru,60.0,Woman,Primary school completed,Unemployed (Actively looking),Housewife / homemaker,Going in the wrong direction,Fairly bad,Disapprove,A lot,Increased a lot,Fairly badly,Fairly well,Every day,Every day,Never,Never,Never,I voted in the election,United Democratic Alliance (UDA),Primary School,Housewife
Rural,Migori,28.0,Woman,Some university,Unemployed (Actively looking),"Upper-level professional (e.g., banker/finance, doctor, lawyer, engineer, accountant, professor, senior-level government",Going in the wrong direction,Fairly bad,Approve,Not at all,Stayed the same,Fairly well,Fairly badly,Never,Every day,Less than once a month,Every day,Every day,I voted in the election,Undecided/No Response,Bachelors Degree,Professional
Urban,Meru,19.0,Man,Secondary school / high school completed,Unemployed (Actively looking),Never had a job,Going in the wrong direction,Fairly bad,Approve,Somewhat,Increased somewhat,Fairly well,Fairly well,A few times a week,Every day,A few times a week,Every day,Every day,I was too young to vote,Would not vote,Secondary School,Undecided/No Response
Rural,Kericho,45.0,Woman,"Post-secondary qualifications, other than university e.g. a diploma or degree from a polytechnic or college",Employed (Full-time),"Mid-level professional (e.g., teacher, nurse, mid-level government officer)",Going in the right direction,Fairly good,Strongly approve,Somewhat,Decreased somewhat,Fairly well,Fairly badly,Every day,Every day,A few times a week,Every day,Every day,I voted in the election,United Democratic Alliance (UDA),Certificate/Diploma,Professional
Rural,West Pokot,29.0,Man,No formal schooling,Unemployed (Not looking),Never had a job,Going in the right direction,Neither good nor bad,Strongly disapprove,A lot,Increased a lot,Very badly,Fairly badly,Never,Never,Never,Never,Never,I voted in the election,KANU,Informal Schooling,Undecided/No Response
Urban,Meru,27.0,Woman,Secondary school / high school completed,Unemployed (Actively looking),Agriculture / farming / fishing / forestry,Going in the right direction,Fairly good,Strongly approve,A lot,Decreased somewhat,Very well,Fairly well,Every day,Every day,Never,Every day,A few times a week,I did not vote,United Democratic Alliance (UDA),Secondary School,Agriculture
Urban,Uasin Gishu,21.0,Man,Some university,Employed (Part-time),"Mid-level professional (e.g., teacher, nurse, mid-level government officer)",Going in the wrong direction,Fairly bad,Approve,Just a little,Increased a lot,Very badly,Very badly,Never,Every day,Never,Every day,Every day,I voted in the election,Roots Party of Kenya (RPK),Bachelors Degree,Professional
Urban,Uasin Gishu,30.0,Man,University completed,Employed (Full-time),"Mid-level professional (e.g., teacher, nurse, mid-level government officer)",Going in the right direction,Very good,Approve,Just a little,Decreased somewhat,Fairly well,Fairly well,Every day,Every day,Never,Every day,Never,I voted in the election,United Democratic Alliance (UDA),Bachelors Degree,Professional
Rural,Kericho,28.0,Man,University completed,Employed (Full-time),"Mid-level professional (e.g., teacher, nurse, mid-level government officer)",Going in the right direction,Fairly good,Strongly approve,A lot,Decreased somewhat,Fairly well,Fairly well,Every day,Every day,Never,Never,Never,I voted in the election,United Democratic Alliance (UDA),Bachelors Degree,Professional
Urban,Uasin Gishu,19.0,Woman,Some university,Unemployed (Not looking),Student,Going in the right direction,Fairly good,Approve,Not at all,Increased a lot,Very badly,Fairly badly,Less than once a month,A few times a month,Never,Every day,Every day,I did not vote,Would not vote,Bachelors Degree,Student
Rural,Migori,30.0,Man,University completed,Employed (Full-time),"Upper-level professional (e.g., banker/finance, doctor, lawyer, engineer, accountant, professor, senior-level government",Going in the wrong direction,Fairly bad,Disapprove,Just a little,Increased a lot,Fairly well,Very badly,Less than once a month,Every day,A few times a week,Every day,Every day,I voted in the election,Orange Democratic Movement (ODM),Bachelors Degree,Professional
Urban,Uasin Gishu,32.0,Man,Intermediate school or Some secondary school / high school,Employed (Part-time),"Security services (police, army, private security)",Going in the right direction,Fairly good,Strongly approve,Somewhat,Decreased somewhat,Fairly well,Fairly well,Every day,Every day,Never,Every day,Every day,I did not vote,United Democratic Alliance (UDA),Secondary School,Security Services
Rural,West Pokot,48.0,Man,No formal schooling,Unemployed (Actively looking),Agriculture / farming / fishing / forestry,Going in the wrong direction,Very bad,Strongly disapprove,A lot,Increased a lot,Very badly,Very badly,Every day,Never,Never,Never,Never,I voted in the election,United Democratic Alliance (UDA),Informal Schooling,Agriculture
Rural,Kericho,50.0,Man,Primary school completed,Employed (Full-time),Agriculture / farming / fishing / forestry,Going in the right direction,Fairly bad,Approve,Just a little,Increased a lot,Fairly badly,Very badly,Every day,Every day,Less than once a month,Every day,Every day,I voted in the election,United Democratic Alliance (UDA),Primary School,Agriculture
Rural,Migori,60.0,Man,Primary school completed,Employed (Full-time),"Unskilled manual worker (e.g., cleaner, laborer, domestic help, unskilled manufacturing worker)",Going in the wrong direction,Very bad,Approve,Just a little,Increased a lot,Fairly well,Very badly,Every day,A few times a week,Never,Never,Never,I voted in the election,United Democratic Alliance (UDA),Primary School,Skilled/Unskilled Labor
Rural,West Pokot,21.0,Woman,Some primary schooling,Unemployed (Not looking),Agriculture / farming / fishing / forestry,Going in the right direction,Fairly bad,Strongly disapprove,A lot,Undecided/No Response,Fairly badly,Fairly badly,Never,Never,Never,Never,Never,I voted in the election,United Democratic Alliance (UDA),Primary School,Agriculture
Rural,Migori,42.0,Woman,Intermediate school or Some secondary school / high school,Unemployed (Not looking),"Unskilled manual worker (e.g., cleaner, laborer, domestic help, unskilled manufacturing worker)",Going in the wrong direction,Very bad,Strongly disapprove,Not at all,Increased a lot,Very badly,Fairly badly,Every day,Every day,Every day,A few times a week,A few times a week,I voted in the election,Would not vote,Secondary School,Skilled/Unskilled Labor
Rural,West Pokot,45.0,Man,Secondary school / high school completed,Employed (Full-time),Trader / hawker / vendor,Going in the right direction,Fairly good,Approve,Somewhat,Increased somewhat,Fairly badly,Fairly badly,Every day,Never,Never,Never,Never,I voted in the election,United Democratic Alliance (UDA),Secondary School,Trader
Urban,Meru,48.0,Man,Secondary school / high school completed,Employed (Part-time),"Unskilled manual worker (e.g., cleaner, laborer, domestic help, unskilled manufacturing worker)",Going in the wrong direction,Fairly bad,Approve,Not at all,Increased a lot,Fairly badly,Fairly badly,Every day,Every day,Never,Every day,Every day,I voted in the election,United Democratic Alliance (UDA),Secondary School,Skilled/Unskilled Labor
Urban,Meru,74.0,Woman,"Post-secondary qualifications, other than university e.g. a diploma or degree from a polytechnic or college",Unemployed (Not looking),"Mid-level professional (e.g., teacher, nurse, mid-level government officer)",Going in the right direction,Fairly good,Strongly approve,Somewhat,Decreased somewhat,Fairly well,Fairly well,A few times a week,Every day,Never,A few times a month,A few times a month,I voted in the election,United Democratic Alliance (UDA),Certificate/Diploma,Professional
Urban,Meru,62.0,Man,Secondary school / high school completed,Employed (Part-time),Agriculture / farming / fishing / forestry,Going in the wrong direction,Fairly good,Strongly approve,A lot,Increased somewhat,Fairly badly,Very badly,A few times a week,Never,Never,Never,Never,I voted in the election,United Democratic Alliance (UDA),Secondary School,Agriculture
Urban,Meru,26.0,Woman,"Post-secondary qualifications, other than university e.g. a diploma or degree from a polytechnic or college",Employed (Full-time),Trader / hawker / vendor,Going in the wrong direction,Fairly bad,Approve,A lot,Increased a lot,Fairly well,Fairly well,Every day,Every day,A few times a month,Every day,Every day,I voted in the election,United Democratic Alliance (UDA),Certificate/Diploma,Trader
Rural,West Pokot,20.0,Woman,No formal schooling,Unemployed (Not looking),Housewife / homemaker,Going in the wrong direction,Very bad,Strongly disapprove,A lot,Increased a lot,Very badly,Very badly,Every day,Never,Never,Never,Never,I did not vote,United Democratic Alliance (UDA),Informal Schooling,Housewife
Rural,Migori,24.0,Man,"Post-secondary qualifications, other than university e.g. a diploma or degree from a polytechnic or college",Unemployed (Actively looking),Student,Undecided/No Response,Fairly bad,Approve,A lot,Stayed the same,Fairly well,Fairly badly,Every day,Every day,A few times a week,Every day,Every day,Undecided/No Response,Orange Democratic Movement (ODM),Certificate/Diploma,Student
Urban,Makueni,58.0,Man,"Post-secondary qualifications, other than university e.g. a diploma or degree from a polytechnic or college",Unemployed (Not looking),Clerical or secretarial,Going in the right direction,Fairly bad,Disapprove,Somewhat,Increased a lot,Very badly,Very badly,Every day,Every day,A few times a week,Every day,Every day,I voted in the election,Wiper Democratic Movement (WDM–K),Certificate/Diploma,Professional
Urban,Makueni,52.0,Man,Primary school completed,Unemployed (Actively looking),"Unskilled manual worker (e.g., cleaner, laborer, domestic help, unskilled manufacturing worker)",Going in the wrong direction,Very bad,Strongly disapprove,Not at all,Stayed the same,Fairly badly,Fairly badly,Never,Never,Never,Never,Never,I voted in the election,Wiper Democratic Movement (WDM–K),Primary School,Skilled/Unskilled Labor
Urban,Makueni,19.0,Man,Secondary school / high school completed,Employed (Full-time),"Unskilled manual worker (e.g., cleaner, laborer, domestic help, unskilled manufacturing worker)",Going in the right direction,Neither good nor bad,Strongly approve,A lot,Decreased somewhat,Fairly well,Very well,Every day,Never,Never,Every day,Every day,I did not vote,Amani National Congress,Secondary School,Skilled/Unskilled Labor
Urban,Makueni,38.0,Woman,Intermediate school or Some secondary school / high school,Unemployed (Actively looking),"Unskilled manual worker (e.g., cleaner, laborer, domestic help, unskilled manufacturing worker)",Going in the wrong direction,Very bad,Disapprove,Somewhat,Decreased somewhat,Fairly badly,Fairly badly,A few times a month,Never,Never,A few times a week,Never,I voted in the election,Undecided/No Response,Secondary School,Skilled/Unskilled Labor
Urban,Tana River,44.0,Woman,Intermediate school or Some secondary school / high school,Employed (Full-time),Retail / Shop,Going in the wrong direction,Fairly bad,Disapprove,Not at all,Increased a lot,Fairly badly,Fairly badly,Every day,Every day,Never,Every day,Every day,I voted in the election,Orange Democratic Movement (ODM),Secondary School,Trader
Urban,Tana River,37.0,Man,Intermediate school or Some secondary school / high school,Employed (Part-time),"Unskilled manual worker (e.g., cleaner, laborer, domestic help, unskilled manufacturing worker)",Going in the right direction,Very bad,Disapprove,Just a little,Increased somewhat,Very badly,Very badly,Every day,A few times a week,Never,Every day,Every day,I voted in the election,Orange Democratic Movement (ODM),Secondary School,Skilled/Unskilled Labor
Urban,Tana River,26.0,Woman,Intermediate school or Some secondary school / high school,Unemployed (Actively looking),Housewife / homemaker,Going in the wrong direction,Very bad,Strongly approve,Somewhat,Stayed the same,Fairly badly,Very badly,A few times a week,A few times a week,A few times a month,A few times a week,A few times a week,I voted in the election,United Democratic Alliance (UDA),Secondary School,Housewife
Urban,Tana River,19.0,Man,Secondary school / high school completed,Employed (Full-time),Trader / hawker / vendor,Going in the wrong direction,Very bad,Disapprove,Just a little,Increased a lot,Very badly,Fairly badly,Every day,Every day,A few times a month,Less than once a month,Less than once a month,I was too young to vote,Wiper Democratic Movement (WDM–K),Secondary School,Trader
Urban,Migori,30.0,Woman,Primary school completed,Unemployed (Actively looking),Agriculture / farming / fishing / forestry,Going in the wrong direction,Very bad,Strongly disapprove,A lot,Increased a lot,Fairly well,Fairly badly,Every day,Never,Never,A few times a week,Never,I voted in the election,Orange Democratic Movement (ODM),Primary School,Agriculture
Urban,Narok,25.0,Woman,University completed,Employed (Part-time),Trader / hawker / vendor,Going in the right direction,Neither good nor bad,Approve,Somewhat,Increased somewhat,Fairly well,Fairly well,A few times a week,Every day,A few times a month,Every day,Every day,I voted in the election,Undecided/No Response,Bachelors Degree,Trader
Urban,Narok,26.0,Woman,Secondary school / high school completed,Unemployed (Actively looking),Housewife / homemaker,Going in the wrong direction,Fairly bad,Strongly disapprove,Somewhat,Increased somewhat,Fairly badly,Very badly,A few times a week,Every day,Never,A few times a week,A few times a week,I voted in the election,Orange Democratic Movement (ODM),Secondary School,Housewife
Urban,Uasin Gishu,20.0,Woman,Secondary school / high school completed,Unemployed (Actively looking),Never had a job,Going in the wrong direction,Neither good nor bad,Strongly disapprove,Not at all,Decreased somewhat,Fairly badly,Fairly badly,Every day,Every day,Never,Every day,Every day,I did not vote,Orange Democratic Movement (ODM),Secondary School,Undecided/No Response
Urban,Narok,33.0,Man,"Post-secondary qualifications, other than university e.g. a diploma or degree from a polytechnic or college",Employed (Full-time),"Artisan or skilled manual worker (e.g., trades like electrician, mechanic, machinist or skilled manufacturing worker)",Going in the right direction,Fairly good,Strongly approve,A lot,Decreased somewhat,Fairly well,Fairly well,Every day,Never,Never,Every day,Never,I did not vote,United Democratic Alliance (UDA),Certificate/Diploma,Skilled/Unskilled Labor
Urban,Narok,42.0,Man,No formal schooling,Employed (Full-time),"Unskilled manual worker (e.g., cleaner, laborer, domestic help, unskilled manufacturing worker)",Going in the right direction,Neither good nor bad,Approve,Just a little,Increased a lot,Fairly badly,Very badly,Every day,Every day,Never,Never,Never,I voted in the election,Orange Democratic Movement (ODM),Informal Schooling,Skilled/Unskilled Labor
Urban,Uasin Gishu,81.0,Man,Secondary school / high school completed,Employed (Full-time),Other,Going in the wrong direction,Very bad,Approve,Just a little,Decreased somewhat,Fairly badly,Very badly,Never,Every day,Never,A few times a week,Never,I voted in the election,Orange Democratic Movement (ODM),Secondary School,Undecided/No Response
Rural,Kisumu,56.0,Man,University completed,Employed (Full-time),"Mid-level professional (e.g., teacher, nurse, mid-level government officer)",Going in the wrong direction,Fairly bad,Disapprove,Just a little,Increased a lot,Fairly badly,Fairly badly,Every day,Every day,A few times a month,Every day,Every day,I voted in the election,Orange Democratic Movement (ODM),Bachelors Degree,Professional
Urban,Uasin Gishu,21.0,Woman,Secondary school / high school completed,Unemployed (Actively looking),"Unskilled manual worker (e.g., cleaner, laborer, domestic help, unskilled manufacturing worker)",Going in the wrong direction,Fairly bad,Disapprove,Just a little,Increased somewhat,Fairly badly,Fairly badly,Every day,Every day,Never,Never,Never,I voted in the election,Orange Democratic Movement (ODM),Secondary School,Skilled/Unskilled Labor
Rural,Kisumu,38.0,Woman,Secondary school / high school completed,Employed (Full-time),Trader / hawker / vendor,Going in the wrong direction,Very bad,Strongly disapprove,Not at all,Increased a lot,Very badly,Fairly badly,Every day,A few times a week,A few times a week,A few times a week,A few times a week,I voted in the election,Orange Democratic Movement (ODM),Secondary School,Trader
Rural,Kisumu,46.0,Man,Intermediate school or Some secondary school / high school,Employed (Part-time),"Mid-level professional (e.g., teacher, nurse, mid-level government officer)",Going in the right direction,Neither good nor bad,Approve,Just a little,Increased a lot,Fairly well,Fairly well,A few times a week,Every day,Never,Every day,Less than once a month,I voted in the election,United Democratic Alliance (UDA),Secondary School,Professional
Urban,Uasin Gishu,23.0,Woman,"Post-secondary qualifications, other than university e.g. a diploma or degree from a polytechnic or college",Unemployed (Not looking),Housewife / homemaker,Going in the wrong direction,Fairly bad,Strongly disapprove,Not at all,Decreased somewhat,Fairly well,Fairly well,Never,Every day,Never,Every day,Never,I did not vote,Would not vote,Certificate/Diploma,Housewife
Rural,Kilifi,32.0,Man,Some primary schooling,Employed (Full-time),Retail / Shop,Going in the right direction,Fairly good,Disapprove,A lot,Decreased somewhat,Very badly,Very badly,Every day,Never,Never,A few times a week,A few times a week,I voted in the election,Undecided/No Response,Primary School,Trader
Rural,Kilifi,29.0,Woman,Secondary school / high school completed,Unemployed (Actively looking),Agriculture / farming / fishing / forestry,Going in the wrong direction,Fairly bad,Disapprove,Somewhat,Increased a lot,Fairly badly,Fairly badly,A few times a month,Never,Never,Never,Never,I voted in the election,Orange Democratic Movement (ODM),Secondary School,Agriculture
Rural,Kilifi,58.0,Man,Some primary schooling,Employed (Full-time),Retail / Shop,Going in the wrong direction,Very bad,Approve,Not at all,Increased a lot,Fairly well,Fairly well,Every day,Every day,Every day,Every day,Every day,I voted in the election,United Democratic Alliance (UDA),Primary School,Trader
Rural,Bungoma,27.0,Man,"Post-secondary qualifications, other than university e.g. a diploma or degree from a polytechnic or college",Unemployed (Actively looking),"Unskilled manual worker (e.g., cleaner, laborer, domestic help, unskilled manufacturing worker)",Going in the right direction,Fairly good,Approve,Not at all,Increased a lot,Fairly badly,Very badly,Every day,Every day,A few times a week,Every day,Every day,I voted in the election,Undecided/No Response,Certificate/Diploma,Skilled/Unskilled Labor
Rural,Bungoma,45.0,Woman,Primary school completed,Employed (Part-time),Agriculture / farming / fishing / forestry,Going in the right direction,Fairly good,Approve,Just a little,Increased somewhat,Fairly badly,Fairly badly,A few times a month,A few times a week,Never,Never,Never,I did not vote,United Democratic Alliance (UDA),Primary School,Agriculture
Urban,Makueni,36.0,Woman,"Post-secondary qualifications, other than university e.g. a diploma or degree from a polytechnic or college",Unemployed (Actively looking),Trader / hawker / vendor,Going in the wrong direction,Fairly bad,Disapprove,Not at all,Increased a lot,Fairly well,Fairly badly,A few times a week,Every day,Never,Every day,Every day,I voted in the election,United Democratic Alliance (UDA),Certificate/Diploma,Trader
Rural,Kilifi,70.0,Woman,Some primary schooling,Unemployed (Not looking),Agriculture / farming / fishing / forestry,Going in the wrong direction,Very bad,Strongly disapprove,Just a little,Decreased somewhat,Very badly,Fairly badly,Never,Never,Never,Never,Never,I voted in the election,Undecided/No Response,Primary School,Agriculture
Urban,Makueni,20.0,Woman,Primary school completed,Unemployed (Not looking),Housewife / homemaker,Going in the right direction,Fairly bad,Disapprove,Somewhat,Increased somewhat,Fairly badly,Fairly well,Every day,Never,Never,Never,Never,I voted in the election,Wiper Democratic Movement (WDM–K),Primary School,Housewife
Rural,Bungoma,41.0,Woman,Secondary school / high school completed,Employed (Full-time),Trader / hawker / vendor,Going in the right direction,Neither good nor bad,Approve,Somewhat,Stayed the same,Fairly well,Fairly well,Every day,Never,Never,Never,Never,I voted in the election,United Democratic Alliance (UDA),Secondary School,Trader
Rural,Bungoma,20.0,Man,Secondary school / high school completed,Employed (Part-time),"Unskilled manual worker (e.g., cleaner, laborer, domestic help, unskilled manufacturing worker)",Going in the wrong direction,Fairly bad,Strongly disapprove,Just a little,Increased somewhat,Very badly,Fairly badly,Every day,A few times a week,A few times a week,Every day,Every day,I was too young to vote,Would not vote,Secondary School,Skilled/Unskilled Labor
Rural,Kisumu,68.0,Woman,Secondary school / high school completed,Unemployed (Not looking),Agriculture / farming / fishing / forestry,Going in the wrong direction,Very bad,Strongly disapprove,Just a little,Stayed the same,Fairly badly,Very badly,Every day,Never,Never,Never,Never,I voted in the election,Orange Democratic Movement (ODM),Secondary School,Agriculture
Urban,Migori,24.0,Woman,Some primary schooling,Unemployed (Not looking),Agriculture / farming / fishing / forestry,Going in the wrong direction,Fairly bad,Strongly disapprove,A lot,Stayed the same,Very badly,Undecided/No Response,Every day,A few times a month,Never,Never,Never,I voted in the election,Would not vote,Primary School,Agriculture
Urban,Migori,27.0,Woman,"Post-secondary qualifications, other than university e.g. a diploma or degree from a polytechnic or college",Unemployed (Not looking),Housewife / homemaker,Going in the wrong direction,Very bad,Strongly disapprove,Just a little,Increased a lot,Very badly,Fairly badly,A few times a week,Every day,Every day,Never,Never,I voted in the election,Orange Democratic Movement (ODM),Certificate/Diploma,Housewife
Urban,Migori,70.0,Woman,Some primary schooling,Unemployed (Not looking),Agriculture / farming / fishing / forestry,Going in the wrong direction,Neither good nor bad,Approve,Somewhat,Increased a lot,Fairly badly,Fairly badly,Every day,Never,Never,Never,Never,I voted in the election,Orange Democratic Movement (ODM),Primary School,Agriculture
Urban,Tana River,20.0,Woman,Primary school completed,Unemployed (Not looking),Trader / hawker / vendor,Going in the wrong direction,Very bad,Strongly disapprove,Not at all,Increased a lot,Fairly badly,Fairly badly,Never,Every day,Never,Every day,Every day,I did not vote,Orange Democratic Movement (ODM),Primary School,Trader
Urban,Tana River,48.0,Man,Primary school completed,Unemployed (Actively looking),"Unskilled manual worker (e.g., cleaner, laborer, domestic help, unskilled manufacturing worker)",Going in the wrong direction,Very bad,Disapprove,Not at all,Increased a lot,Very badly,Very badly,Every day,Every day,Every day,Every day,Every day,I voted in the election,Orange Democratic Movement (ODM),Primary School,Skilled/Unskilled Labor
Urban,Tana River,40.0,Woman,No formal schooling,Unemployed (Actively looking),Housewife / homemaker,Going in the wrong direction,Very bad,Strongly disapprove,Not at all,Increased a lot,Very well,Fairly badly,Less than once a month,Less than once a month,Never,Never,Never,I voted in the election,Undecided/No Response,Informal Schooling,Housewife
Urban,Narok,32.0,Man,Secondary school / high school completed,Employed (Full-time),Trader / hawker / vendor,Going in the wrong direction,Very bad,Disapprove,Just a little,Increased a lot,Fairly badly,Very badly,A few times a month,Every day,Less than once a month,Every day,Every day,I voted in the election,Undecided/No Response,Secondary School,Trader
Urban,Tana River,28.0,Man,Primary school completed,Employed (Part-time),Trader / hawker / vendor,Going in the right direction,Fairly good,Approve,Just a little,Stayed the same,Fairly badly,Very badly,A few times a week,A few times a month,Never,A few times a week,A few times a month,I voted in the election,United Democratic Alliance (UDA),Primary School,Trader
Urban,Uasin Gishu,42.0,Man,Secondary school / high school completed,Employed (Part-time),"Unskilled manual worker (e.g., cleaner, laborer, domestic help, unskilled manufacturing worker)",Going in the wrong direction,Very bad,Strongly disapprove,Not at all,Increased a lot,Very badly,Very badly,Every day,Every day,A few times a month,Never,Never,I voted in the election,Orange Democratic Movement (ODM),Secondary School,Skilled/Unskilled Labor
Urban,Narok,31.0,Man,Secondary school / high school completed,Employed (Part-time),"Unskilled manual worker (e.g., cleaner, laborer, domestic help, unskilled manufacturing worker)",Going in the wrong direction,Very bad,Disapprove,Somewhat,Increased a lot,Fairly badly,Very badly,Every day,Every day,Less than once a month,A few times a week,A few times a week,I voted in the election,Orange Democratic Movement (ODM),Secondary School,Skilled/Unskilled Labor
Urban,Makueni,24.0,Woman,Primary school completed,Unemployed (Actively looking),Agriculture / farming / fishing / forestry,Going in the wrong direction,Very bad,Strongly approve,Just a little,Decreased somewhat,Very badly,Fairly well,A few times a week,Every day,Never,Every day,Every day,I did not vote,Undecided/No Response,Primary School,Agriculture
Rural,Kilifi,38.0,Man,Secondary school / high school completed,Employed (Full-time),Trader / hawker / vendor,Going in the wrong direction,Fairly bad,Disapprove,Not at all,Increased a lot,Very badly,Very badly,A few times a week,A few times a month,Never,Never,Never,I voted in the election,Orange Democratic Movement (ODM),Secondary School,Trader
Urban,Migori,75.0,Man,Primary school completed,Unemployed (Not looking),Agriculture / farming / fishing / forestry,Going in the right direction,Very bad,Strongly disapprove,Just a little,Stayed the same,Fairly badly,Fairly badly,Every day,A few times a week,Never,Never,Never,I voted in the election,Orange Democratic Movement (ODM),Primary School,Agriculture
Urban,Makueni,68.0,Man,Primary school completed,Unemployed (Actively looking),"Unskilled manual worker (e.g., cleaner, laborer, domestic help, unskilled manufacturing worker)",Going in the wrong direction,Very bad,Disapprove,Not at all,Increased a lot,Fairly badly,Fairly badly,Every day,Never,Never,Never,Never,I voted in the election,Wiper Democratic Movement (WDM–K),Primary School,Skilled/Unskilled Labor
Urban,Narok,25.0,Woman,Secondary school / high school completed,Employed (Part-time),Trader / hawker / vendor,Going in the right direction,Fairly good,Disapprove,Somewhat,Increased somewhat,Fairly badly,Fairly badly,Every day,Every day,Never,Every day,Never,I voted in the election,Orange Democratic Movement (ODM),Secondary School,Trader
Urban,Narok,22.0,Woman,Secondary school / high school completed,Employed (Full-time),Trader / hawker / vendor,Going in the right direction,Very bad,Disapprove,Somewhat,Increased a lot,Very badly,Very badly,Every day,Never,Less than once a month,Never,Never,I voted in the election,Undecided/No Response,Secondary School,Trader
Rural,Kilifi,42.0,Woman,No formal schooling,Unemployed (Not looking),Agriculture / farming / fishing / forestry,Going in the wrong direction,Very bad,Strongly disapprove,Not at all,Stayed the same,Very badly,Very badly,Never,Every day,Never,Never,Never,I did not vote,Undecided/No Response,Informal Schooling,Agriculture
Urban,Uasin Gishu,32.0,Man,"Post-secondary qualifications, other than university e.g. a diploma or degree from a polytechnic or college",Unemployed (Actively looking),Trader / hawker / vendor,Going in the right direction,Fairly bad,Disapprove,Just a little,Increased somewhat,Fairly badly,Fairly badly,Every day,Every day,Never,A few times a week,Every day,I did not vote,Wiper Democratic Movement (WDM–K),Certificate/Diploma,Trader
Rural,Kisumu,22.0,Woman,"Post-secondary qualifications, other than university e.g. a diploma or degree from a polytechnic or college",Unemployed (Actively looking),Student,Going in the wrong direction,Fairly bad,Disapprove,Not at all,Increased a lot,Very badly,Very badly,Every day,Never,Never,Every day,Every day,I voted in the election,Would not vote,Certificate/Diploma,Student
Rural,Kilifi,20.0,Man,Secondary school / high school completed,Unemployed (Actively looking),Agriculture / farming / fishing / forestry,Going in the wrong direction,Fairly bad,Strongly approve,A lot,Decreased a lot,Very well,Very well,Every day,Never,Never,Every day,A few times a month,I did not vote,Undecided/No Response,Secondary School,Agriculture
Rural,Nyeri,56.0,Man,Secondary school / high school completed,Undecided/No Response,Undecided/No Response,Going in the wrong direction,Fairly good,Strongly disapprove,Just a little,Increased a lot,Very badly,Very badly,Every day,Every day,Never,Every day,Every day,I voted in the election,Orange Democratic Movement (ODM),Secondary School,Undecided/No Response
Rural,Nyeri,25.0,Woman,"Post-secondary qualifications, other than university e.g. a diploma or degree from a polytechnic or college",Employed (Full-time),"Mid-level professional (e.g., teacher, nurse, mid-level government officer)",Going in the wrong direction,Fairly good,Strongly disapprove,Somewhat,Stayed the same,Fairly well,Very badly,Never,Never,Never,A few times a week,A few times a week,I did not vote,United Democratic Alliance (UDA),Certificate/Diploma,Professional
Rural,Bungoma,37.0,Man,"Post-secondary qualifications, other than university e.g. a diploma or degree from a polytechnic or college",Unemployed (Actively looking),Agriculture / farming / fishing / forestry,Going in the wrong direction,Fairly bad,Disapprove,Just a little,Decreased somewhat,Fairly well,Fairly well,Every day,A few times a week,Less than once a month,Every day,A few times a week,I voted in the election,Amani National Congress,Certificate/Diploma,Agriculture
Rural,Nyeri,37.0,Woman,Primary school completed,Employed (Full-time),Housewife / homemaker,Going in the right direction,Fairly good,Approve,A lot,Decreased somewhat,Very well,Fairly well,A few times a week,Never,Never,Never,Never,I did not vote,United Democratic Alliance (UDA),Primary School,Housewife
Rural,Murang’a,59.0,Man,Secondary school / high school completed,Unemployed (Actively looking),Agriculture / farming / fishing / forestry,Going in the right direction,Fairly bad,Strongly disapprove,Somewhat,Stayed the same,Fairly well,Very badly,Every day,Every day,Never,Never,A few times a week,I voted in the election,United Democratic Alliance (UDA),Secondary School,Agriculture
Rural,Kisumu,51.0,Woman,University completed,Employed (Full-time),"Mid-level professional (e.g., teacher, nurse, mid-level government officer)",Going in the wrong direction,Fairly bad,Disapprove,Somewhat,Increased somewhat,Fairly well,Fairly badly,Every day,Every day,Never,Every day,A few times a week,I voted in the election,Would not vote,Bachelors Degree,Professional
Rural,Murang’a,32.0,Woman,Secondary school / high school completed,Unemployed (Actively looking),Trader / hawker / vendor,Going in the wrong direction,Very bad,Strongly disapprove,Just a little,Increased a lot,Very badly,Very well,Every day,Less than once a month,Less than once a month,Every day,Every day,I voted in the election,Would not vote,Secondary School,Trader
Urban,Uasin Gishu,25.0,Woman,"Post-secondary qualifications, other than university e.g. a diploma or degree from a polytechnic or college",Employed (Full-time),Clerical or secretarial,Going in the right direction,Fairly good,Disapprove,Not at all,Increased a lot,Very badly,Very badly,A few times a week,Every day,Never,Every day,Every day,I voted in the election,Would not vote,Certificate/Diploma,Professional
Rural,Murang’a,22.0,Man,Secondary school / high school completed,Unemployed (Actively looking),Agriculture / farming / fishing / forestry,Going in the right direction,Very bad,Approve,A lot,Decreased a lot,Very well,Very badly,Every day,Every day,Never,Never,Never,I did not vote,Would not vote,Secondary School,Agriculture
Rural,Kisumu,24.0,Man,Secondary school / high school completed,Unemployed (Actively looking),"Artisan or skilled manual worker (e.g., trades like electrician, mechanic, machinist or skilled manufacturing worker)",Going in the wrong direction,Fairly bad,Disapprove,Just a little,Increased a lot,Fairly badly,Very badly,A few times a week,Every day,Never,Every day,Every day,I voted in the election,Undecided/No Response,Secondary School,Skilled/Unskilled Labor
Rural,Kericho,36.0,Man,Primary school completed,Employed (Part-time),"Unskilled manual worker (e.g., cleaner, laborer, domestic help, unskilled manufacturing worker)",Going in the right direction,Very good,Strongly approve,A lot,Decreased somewhat,Fairly well,Fairly well,A few times a week,A few times a week,Never,Every day,A few times a week,I voted in the election,United Democratic Alliance (UDA),Primary School,Skilled/Unskilled Labor
Rural,Kisumu,48.0,Man,"Post-secondary qualifications, other than university e.g. a diploma or degree from a polytechnic or college",Employed (Part-time),"Mid-level professional (e.g., teacher, nurse, mid-level government officer)",Going in the wrong direction,Fairly bad,Strongly disapprove,Just a little,Increased a lot,Very badly,Very badly,Never,Every day,Never,Never,A few times a week,I voted in the election,Orange Democratic Movement (ODM),Certificate/Diploma,Professional
Rural,Bungoma,23.0,Woman,Intermediate school or Some secondary school / high school,Unemployed (Not looking),Housewife / homemaker,Going in the right direction,Fairly good,Disapprove,Just a little,Stayed the same,Very badly,Very badly,Every day,Never,Never,Never,Never,I did not vote,Orange Democratic Movement (ODM),Secondary School,Housewife
Urban,Migori,20.0,Man,Secondary school / high school completed,Unemployed (Actively looking),"Artisan or skilled manual worker (e.g., trades like electrician, mechanic, machinist or skilled manufacturing worker)",Going in the wrong direction,Neither good nor bad,Approve,Somewhat,Stayed the same,Very badly,Fairly badly,Every day,Every day,A few times a week,A few times a week,Every day,I did not vote,Orange Democratic Movement (ODM),Secondary School,Skilled/Unskilled Labor
Rural,Murang’a,22.0,Woman,Secondary school / high school completed,Unemployed (Actively looking),Never had a job,Going in the wrong direction,Fairly bad,Disapprove,Just a little,Decreased somewhat,Very badly,Very badly,Every day,Every day,Never,Never,Never,I voted in the election,Undecided/No Response,Secondary School,Undecided/No Response
Rural,Tharaka Nithi,18.0,Woman,Secondary school / high school completed,Employed (Full-time),Trader / hawker / vendor,Going in the wrong direction,Fairly bad,Disapprove,Just a little,Increased a lot,Fairly badly,Fairly badly,Never,Never,Never,Never,Never,I was too young to vote,United Democratic Alliance (UDA),Secondary School,Trader
Rural,Tharaka Nithi,42.0,Man,Primary school completed,Employed (Full-time),Agriculture / farming / fishing / forestry,Going in the wrong direction,Fairly bad,Approve,Somewhat,Increased somewhat,Fairly well,Fairly well,Every day,A few times a month,A few times a month,A few times a month,A few times a month,I voted in the election,United Democratic Alliance (UDA),Primary School,Agriculture
Urban,Migori,35.0,Man,Secondary school / high school completed,Employed (Full-time),"Artisan or skilled manual worker (e.g., trades like electrician, mechanic, machinist or skilled manufacturing worker)",Going in the wrong direction,Neither good nor bad,Strongly disapprove,Just a little,Increased somewhat,Fairly badly,Very badly,Every day,Every day,Never,Every day,Every day,I voted in the election,Orange Democratic Movement (ODM),Secondary School,Skilled/Unskilled Labor
Rural,Bungoma,24.0,Woman,"Post-secondary qualifications, other than university e.g. a diploma or degree from a polytechnic or college",Unemployed (Not looking),Undecided/No Response,Going in the wrong direction,Very good,Approve,Just a little,Increased a lot,Fairly badly,Very badly,Every day,A few times a month,Never,A few times a week,A few times a week,I did not vote,Orange Democratic Movement (ODM),Certificate/Diploma,Undecided/No Response
Rural,Tharaka Nithi,48.0,Woman,University completed,Employed (Full-time),"Security services (police, army, private security)",Going in the wrong direction,Very bad,Strongly disapprove,A lot,Decreased somewhat,Fairly badly,Fairly well,Every day,Every day,Never,A few times a week,Never,I voted in the election,United Democratic Alliance (UDA),Bachelors Degree,Security Services
Rural,Bungoma,25.0,Man,Intermediate school or Some secondary school / high school,Employed (Part-time),"Unskilled manual worker (e.g., cleaner, laborer, domestic help, unskilled manufacturing worker)",Going in the wrong direction,Fairly bad,Disapprove,Just a little,Increased somewhat,Fairly badly,Fairly badly,Every day,Less than once a month,Less than once a month,A few times a week,A few times a week,I voted in the election,United Democratic Alliance (UDA),Secondary School,Skilled/Unskilled Labor
Rural,Kericho,70.0,Woman,No formal schooling,Unemployed (Not looking),Agriculture / farming / fishing / forestry,Going in the right direction,Fairly good,Approve,Somewhat,Decreased somewhat,Fairly well,Undecided/No Response,Every day,A few times a month,Never,Never,Never,I voted in the election,United Democratic Alliance (UDA),Informal Schooling,Agriculture
Urban,Migori,32.0,Man,Secondary school / high school completed,Employed (Part-time),Agriculture / farming / fishing / forestry,Going in the wrong direction,Very bad,Strongly disapprove,Not at all,Increased a lot,Very badly,Very badly,Never,Every day,A few times a month,Every day,Every day,I voted in the election,Would not vote,Secondary School,Agriculture
Urban,Uasin Gishu,38.0,Man,Intermediate school or Some secondary school / high school,Unemployed (Actively looking),Retail / Shop,Going in the wrong direction,Very bad,Undecided/No Response,Not at all,Stayed the same,Very badly,Very badly,Never,Every day,Never,A few times a week,Never,I voted in the election,Undecided/No Response,Secondary School,Trader
Rural,Kilifi,22.0,Woman,Some university,Unemployed (Not looking),Student,Going in the right direction,Very bad,Disapprove,Just a little,Increased a lot,Very badly,Very badly,A few times a week,A few times a week,Never,Never,Never,I was too young to vote,Undecided/No Response,Bachelors Degree,Student
Rural,Nyeri,30.0,Man,Primary school completed,Employed (Full-time),Retail / Shop,Going in the right direction,Very good,Approve,Somewhat,Increased somewhat,Fairly well,Very badly,A few times a week,Every day,Never,Every day,A few times a week,I voted in the election,Orange Democratic Movement (ODM),Primary School,Trader
Rural,Tharaka Nithi,21.0,Woman,Secondary school / high school completed,Employed (Part-time),Agriculture / farming / fishing / forestry,Going in the right direction,Fairly bad,Approve,A lot,Decreased somewhat,Fairly well,Fairly well,Every day,A few times a month,Never,Every day,Every day,I did not vote,United Democratic Alliance (UDA),Secondary School,Agriculture
Rural,Nyeri,38.0,Man,Secondary school / high school completed,Employed (Full-time),Trader / hawker / vendor,Going in the wrong direction,Very bad,Strongly disapprove,Not at all,Increased a lot,Fairly badly,Very badly,Every day,Every day,Every day,A few times a month,A few times a month,I voted in the election,Would not vote,Secondary School,Trader
Rural,Murang’a,26.0,Man,Secondary school / high school completed,Unemployed (Not looking),Agriculture / farming / fishing / forestry,Going in the wrong direction,Fairly bad,Strongly approve,Just a little,Increased a lot,Fairly badly,Fairly well,Every day,Every day,Never,Never,Never,I voted in the election,United Democratic Alliance (UDA),Secondary School,Agriculture
Rural,Nyeri,28.0,Woman,Intermediate school or Some secondary school / high school,Unemployed (Not looking),Housewife / homemaker,Undecided/No Response,Fairly good,Approve,A lot,Increased somewhat,Very badly,Fairly well,Never,Every day,Never,Every day,Never,I voted in the election,Would not vote,Secondary School,Housewife
Rural,Nyeri,48.0,Man,"Post-secondary qualifications, other than university e.g. a diploma or degree from a polytechnic or college",Employed (Part-time),"Mid-level professional (e.g., teacher, nurse, mid-level government officer)",Going in the right direction,Very bad,Approve,Just a little,Stayed the same,Fairly badly,Undecided/No Response,A few times a week,Every day,Never,A few times a week,A few times a week,I voted in the election,Jubilee Alliance Party (JAP),Certificate/Diploma,Professional
Rural,Murang’a,52.0,Woman,Primary school completed,Employed (Part-time),Agriculture / farming / fishing / forestry,Going in the wrong direction,Very bad,Strongly disapprove,Just a little,Increased a lot,Very badly,Very badly,Every day,Every day,Never,Never,Never,I voted in the election,Undecided/No Response,Primary School,Agriculture
Rural,Murang’a,29.0,Man,Secondary school / high school completed,Employed (Full-time),"Artisan or skilled manual worker (e.g., trades like electrician, mechanic, machinist or skilled manufacturing worker)",Going in the right direction,Fairly good,Approve,A lot,Decreased somewhat,Very well,Fairly well,A few times a week,Every day,Never,Never,Never,I did not vote,United Democratic Alliance (UDA),Secondary School,Skilled/Unskilled Labor
Rural,Tharaka Nithi,30.0,Man,Secondary school / high school completed,Employed (Full-time),Agriculture / farming / fishing / forestry,Going in the wrong direction,Very bad,Disapprove,Not at all,Increased a lot,Fairly badly,Fairly badly,Every day,A few times a week,A few times a week,Every day,Every day,I voted in the election,United Democratic Alliance (UDA),Secondary School,Agriculture
Urban,Narok,25.0,Woman,Secondary school / high school completed,Unemployed (Actively looking),Housewife / homemaker,Going in the wrong direction,Very bad,Strongly disapprove,Somewhat,Increased a lot,Very badly,Very badly,Every day,A few times a week,Never,A few times a week,A few times a week,I did not vote,Wiper Democratic Movement (WDM–K),Secondary School,Housewife
Urban,Narok,26.0,Man,Secondary school / high school completed,Employed (Full-time),Retail / Shop,Going in the right direction,Fairly good,Undecided/No Response,Not at all,Increased a lot,Fairly well,Very badly,Every day,Less than once a month,A few times a month,Every day,Every day,I voted in the election,Undecided/No Response,Secondary School,Trader
Rural,Tharaka Nithi,19.0,Woman,Secondary school / high school completed,Employed (Part-time),Agriculture / farming / fishing / forestry,Going in the right direction,Fairly bad,Approve,Not at all,Decreased somewhat,Fairly well,Fairly well,Every day,Every day,A few times a week,Every day,Every day,I was too young to vote,Jubilee Alliance Party (JAP),Secondary School,Agriculture
Urban,Narok,48.0,Man,No formal schooling,Employed (Full-time),"Artisan or skilled manual worker (e.g., trades like electrician, mechanic, machinist or skilled manufacturing worker)",Going in the wrong direction,Very bad,Disapprove,Not at all,Increased a lot,Very badly,Very badly,Every day,Never,Never,Never,Never,I voted in the election,Orange Democratic Movement (ODM),Informal Schooling,Skilled/Unskilled Labor
Urban,Narok,29.0,Woman,Secondary school / high school completed,Employed (Full-time),Trader / hawker / vendor,Going in the wrong direction,Fairly bad,Disapprove,Just a little,Increased a lot,Fairly badly,Very badly,A few times a week,Every day,Never,Every day,Every day,I voted in the election,Would not vote,Secondary School,Trader
Urban,Narok,27.0,Man,"Post-secondary qualifications, other than university e.g. a diploma or degree from a polytechnic or college",Employed (Full-time),Trader / hawker / vendor,Undecided/No Response,Fairly bad,Approve,A lot,Stayed the same,Fairly badly,Very badly,Every day,Every day,A few times a week,Every day,Every day,I voted in the election,Orange Democratic Movement (ODM),Certificate/Diploma,Trader
Rural,Makueni,50.0,Woman,Primary school completed,Unemployed (Not looking),Housewife / homemaker,Going in the right direction,Fairly bad,Strongly disapprove,Not at all,Increased a lot,Very badly,Very badly,A few times a week,Never,Never,Never,Never,I voted in the election,Undecided/No Response,Primary School,Housewife
Rural,Nyeri,28.0,Woman,"Post-secondary qualifications, other than university e.g. a diploma or degree from a polytechnic or college",Employed (Full-time),Trader / hawker / vendor,Undecided/No Response,Fairly bad,Approve,A lot,Increased a lot,Undecided/No Response,Fairly badly,A few times a week,Every day,Never,Every day,Every day,I voted in the election,Undecided/No Response,Certificate/Diploma,Trader
Rural,Murang’a,59.0,Woman,Some primary schooling,Unemployed (Not looking),Agriculture / farming / fishing / forestry,Going in the wrong direction,Fairly good,Approve,Somewhat,Increased somewhat,Fairly well,Fairly well,Never,Every day,Never,Never,Never,I voted in the election,United Democratic Alliance (UDA),Primary School,Agriculture
Rural,Makueni,43.0,Man,Primary school completed,Unemployed (Not looking),Agriculture / farming / fishing / forestry,Going in the wrong direction,Neither good nor bad,Disapprove,Just a little,Increased somewhat,Very badly,Very badly,Less than once a month,A few times a month,A few times a week,Less than once a month,A few times a month,I voted in the election,Wiper Democratic Movement (WDM–K),Primary School,Agriculture
Rural,Makueni,63.0,Man,Some primary schooling,Unemployed (Actively looking),Agriculture / farming / fishing / forestry,Going in the wrong direction,Very bad,Strongly approve,A lot,Increased a lot,Very badly,Very badly,Every day,Never,Never,Never,Never,I voted in the election,Wiper Democratic Movement (WDM–K),Primary School,Agriculture
Rural,Tharaka Nithi,40.0,Man,Secondary school / high school completed,Employed (Part-time),Agriculture / farming / fishing / forestry,Going in the wrong direction,Very bad,Strongly disapprove,A lot,Increased a lot,Very badly,Very badly,Every day,A few times a week,Never,Never,Never,I voted in the election,United Democratic Alliance (UDA),Secondary School,Agriculture
Rural,Tharaka Nithi,50.0,Man,Some primary schooling,Unemployed (Actively looking),Agriculture / farming / fishing / forestry,Going in the right direction,Neither good nor bad,Strongly approve,A lot,Increased a lot,Fairly well,Fairly well,Every day,Every day,Never,Never,Never,I voted in the election,United Democratic Alliance (UDA),Primary School,Agriculture
Rural,Makueni,28.0,Man,University completed,Employed (Full-time),"Mid-level professional (e.g., teacher, nurse, mid-level government officer)",Going in the right direction,Fairly good,Approve,Undecided/No Response,Stayed the same,Fairly well,Very badly,A few times a week,Every day,A few times a month,Every day,A few times a week,I voted in the election,Undecided/No Response,Bachelors Degree,Professional
Rural,Kilifi,32.0,Woman,Primary school completed,Unemployed (Actively looking),Agriculture / farming / fishing / forestry,Going in the wrong direction,Fairly good,Disapprove,Not at all,Increased a lot,Fairly well,Fairly badly,Every day,Every day,Never,Every day,Every day,I did not vote,Jubilee Alliance Party (JAP),Primary School,Agriculture
Urban,Migori,23.0,Woman,"Post-secondary qualifications, other than university e.g. a diploma or degree from a polytechnic or college",Employed (Full-time),"Unskilled manual worker (e.g., cleaner, laborer, domestic help, unskilled manufacturing worker)",Going in the wrong direction,Very bad,Strongly disapprove,Not at all,Increased a lot,Very badly,Very badly,Every day,Every day,Never,Every day,Never,I voted in the election,Orange Democratic Movement (ODM),Certificate/Diploma,Skilled/Unskilled Labor
Rural,Kilifi,55.0,Man,"Post-secondary qualifications, other than university e.g. a diploma or degree from a polytechnic or college",Unemployed (Not looking),Other,Going in the wrong direction,Fairly bad,Strongly disapprove,Just a little,Increased a lot,Very badly,Very badly,A few times a week,Less than once a month,Never,Every day,Every day,I did not vote,Orange Democratic Movement (ODM),Certificate/Diploma,Undecided/No Response
Urban,Migori,18.0,Woman,Intermediate school or Some secondary school / high school,Unemployed (Not looking),Student,Going in the right direction,Fairly bad,Approve,Somewhat,Increased a lot,Fairly badly,Fairly well,A few times a week,Every day,A few times a week,Every day,Every day,I did not vote,United Democratic Alliance (UDA),Secondary School,Student
Urban,Narok,42.0,Woman,Primary school completed,Unemployed (Actively looking),Trader / hawker / vendor,Going in the wrong direction,Very bad,Approve,A lot,Increased a lot,Very badly,Very badly,Every day,Never,A few times a month,Never,Never,I voted in the election,Orange Democratic Movement (ODM),Primary School,Trader
Urban,Narok,36.0,Man,Primary school completed,Employed (Full-time),Retail / Shop,Going in the wrong direction,Very bad,Strongly disapprove,Not at all,Increased a lot,Very badly,Very badly,Every day,Less than once a month,Less than once a month,Never,Never,I voted in the election,Orange Democratic Movement (ODM),Primary School,Trader
Urban,Migori,24.0,Woman,"Post-secondary qualifications, other than university e.g. a diploma or degree from a polytechnic or college",Unemployed (Actively looking),"Mid-level professional (e.g., teacher, nurse, mid-level government officer)",Going in the wrong direction,Fairly bad,Disapprove,Just a little,Increased a lot,Fairly well,Fairly badly,Every day,Every day,A few times a week,Every day,Every day,I voted in the election,Undecided/No Response,Certificate/Diploma,Professional
Rural,Kilifi,27.0,Woman,Some primary schooling,Unemployed (Actively looking),Agriculture / farming / fishing / forestry,Going in the right direction,Fairly good,Strongly disapprove,Somewhat,Stayed the same,Very badly,Undecided/No Response,A few times a month,Never,Never,Never,Never,I voted in the election,Undecided/No Response,Primary School,Agriculture
Rural,Kilifi,18.0,Man,Intermediate school or Some secondary school / high school,Unemployed (Not looking),Student,Going in the right direction,Fairly good,Disapprove,Just a little,Decreased a lot,Fairly badly,Fairly badly,A few times a week,A few times a week,Never,Never,Never,I was too young to vote,Undecided/No Response,Secondary School,Student
Urban,Narok,20.0,Man,Primary school completed,Unemployed (Actively looking),Never had a job,Going in the right direction,Fairly bad,Strongly disapprove,Just a little,Increased somewhat,Fairly badly,Fairly well,Every day,Every day,Every day,Every day,Every day,I did not vote,Undecided/No Response,Primary School,Undecided/No Response
Urban,Uasin Gishu,21.0,Woman,"Post-secondary qualifications, other than university e.g. a diploma or degree from a polytechnic or college",Employed (Part-time),Clerical or secretarial,Going in the right direction,Fairly good,Strongly approve,Just a little,Increased a lot,Fairly well,Very badly,Never,Never,Never,Every day,Never,I voted in the election,United Democratic Alliance (UDA),Certificate/Diploma,Professional
Urban,Uasin Gishu,34.0,Man,University completed,Employed (Part-time),"Upper-level professional (e.g., banker/finance, doctor, lawyer, engineer, accountant, professor, senior-level government",Going in the right direction,Fairly good,Approve,Not at all,Stayed the same,Very badly,Very badly,Never,Never,Never,Every day,Every day,I voted in the election,Would not vote,Bachelors Degree,Professional
Urban,Uasin Gishu,30.0,Woman,"Post-secondary qualifications, other than university e.g. a diploma or degree from a polytechnic or college",Unemployed (Actively looking),"Mid-level professional (e.g., teacher, nurse, mid-level government officer)",Going in the right direction,Neither good nor bad,Approve,A lot,Stayed the same,Fairly well,Fairly badly,Less than once a month,Every day,Never,A few times a week,A few times a month,I did not vote,United Democratic Alliance (UDA),Certificate/Diploma,Professional
Rural,Makueni,49.0,Woman,Secondary school / high school completed,Employed (Full-time),Agriculture / farming / fishing / forestry,Going in the right direction,Very bad,Strongly disapprove,Not at all,Increased a lot,Very badly,Very badly,Every day,Every day,Never,Every day,Every day,I voted in the election,Undecided/No Response,Secondary School,Agriculture
Urban,Kisumu,22.0,Man,University completed,Unemployed (Actively looking),Student,Going in the wrong direction,Very bad,Disapprove,Not at all,Increased somewhat,Fairly well,Very badly,A few times a month,A few times a week,Never,Every day,Every day,I voted in the election,Orange Democratic Movement (ODM),Bachelors Degree,Student
Urban,Migori,32.0,Woman,"Post-secondary qualifications, other than university e.g. a diploma or degree from a polytechnic or college",Unemployed (Not looking),Retail / Shop,Going in the wrong direction,Very bad,Strongly disapprove,Not at all,Increased a lot,Fairly well,Very well,Every day,Every day,A few times a week,A few times a week,Never,I did not vote,Orange Democratic Movement (ODM),Certificate/Diploma,Trader
Rural,Bungoma,19.0,Woman,Intermediate school or Some secondary school / high school,Unemployed (Not looking),Student,Going in the right direction,Fairly good,Approve,Somewhat,Undecided/No Response,Fairly badly,Fairly badly,A few times a week,A few times a month,Never,Never,Never,I did not vote,United Democratic Alliance (UDA),Secondary School,Student
Rural,Bungoma,23.0,Woman,Intermediate school or Some secondary school / high school,Unemployed (Not looking),Housewife / homemaker,Going in the right direction,Neither good nor bad,Approve,Somewhat,Decreased somewhat,Fairly badly,Very badly,Every day,Never,Never,A few times a week,A few times a week,I did not vote,Agano Party,Secondary School,Housewife
Urban,Uasin Gishu,21.0,Man,"Post-secondary qualifications, other than university e.g. a diploma or degree from a polytechnic or college",Unemployed (Not looking),Student,Going in the wrong direction,Very bad,Approve,Just a little,Stayed the same,Fairly badly,Very badly,A few times a week,Never,Never,Every day,Every day,I did not vote,Would not vote,Certificate/Diploma,Student
Urban,Kisumu,24.0,Woman,Secondary school / high school completed,Unemployed (Actively looking),"Artisan or skilled manual worker (e.g., trades like electrician, mechanic, machinist or skilled manufacturing worker)",Going in the wrong direction,Fairly bad,Disapprove,Somewhat,Stayed the same,Fairly badly,Fairly well,Every day,Every day,Never,Every day,Every day,I voted in the election,Orange Democratic Movement (ODM),Secondary School,Skilled/Unskilled Labor
Urban,Kisumu,35.0,Man,Secondary school / high school completed,Unemployed (Actively looking),Trader / hawker / vendor,Going in the wrong direction,Fairly bad,Approve,Somewhat,Stayed the same,Fairly badly,Very well,Every day,Every day,Never,Every day,Every day,I voted in the election,Undecided/No Response,Secondary School,Trader
Rural,Bungoma,48.0,Man,Secondary school / high school completed,Unemployed (Not looking),"Artisan or skilled manual worker (e.g., trades like electrician, mechanic, machinist or skilled manufacturing worker)",Going in the wrong direction,Fairly bad,Approve,Undecided/No Response,Decreased somewhat,Fairly badly,Very badly,Every day,Never,A few times a month,Never,Never,I voted in the election,Undecided/No Response,Secondary School,Skilled/Unskilled Labor
Rural,Makueni,65.0,Man,Some primary schooling,Unemployed (Not looking),Never had a job,Going in the wrong direction,Very good,Approve,Somewhat,Decreased somewhat,Fairly well,Very badly,A few times a week,Never,Never,Never,Never,I voted in the election,United Democratic Alliance (UDA),Primary School,Undecided/No Response
Rural,Makueni,25.0,Woman,Primary school completed,Unemployed (Not looking),Agriculture / farming / fishing / forestry,Going in the wrong direction,Fairly bad,Approve,Somewhat,Increased somewhat,Fairly badly,Fairly badly,Every day,Never,A few times a week,A few times a month,A few times a week,I voted in the election,Orange Democratic Movement (ODM),Primary School,Agriculture
Rural,Bungoma,39.0,Man,Some primary schooling,Unemployed (Not looking),Agriculture / farming / fishing / forestry,Going in the right direction,Fairly bad,Approve,A lot,Decreased somewhat,Fairly well,Fairly well,Every day,A few times a month,Never,Never,Never,I voted in the election,KANU,Primary School,Agriculture
Rural,Kilifi,22.0,Man,Intermediate school or Some secondary school / high school,Employed (Part-time),"Unskilled manual worker (e.g., cleaner, laborer, domestic help, unskilled manufacturing worker)",Going in the right direction,Fairly good,Disapprove,Just a little,Increased somewhat,Fairly well,Fairly well,A few times a week,A few times a week,A few times a month,Every day,Every day,I voted in the election,Roots Party of Kenya (RPK),Secondary School,Skilled/Unskilled Labor
Urban,Kisumu,31.0,Woman,Secondary school / high school completed,Employed (Full-time),Trader / hawker / vendor,Going in the wrong direction,Neither good nor bad,Strongly disapprove,Just a little,Increased a lot,Very badly,Very badly,Every day,Every day,Never,Never,Never,I voted in the election,Orange Democratic Movement (ODM),Secondary School,Trader
Rural,Kilifi,38.0,Woman,Some primary schooling,Unemployed (Actively looking),"Unskilled manual worker (e.g., cleaner, laborer, domestic help, unskilled manufacturing worker)",Going in the right direction,Very bad,Disapprove,Not at all,Increased a lot,Fairly well,Fairly badly,Never,Never,Never,Never,Never,I voted in the election,Undecided/No Response,Primary School,Skilled/Unskilled Labor
Rural,Kilifi,47.0,Man,Primary school completed,Unemployed (Actively looking),Agriculture / farming / fishing / forestry,Going in the wrong direction,Very bad,Strongly disapprove,Not at all,Stayed the same,Very badly,Very badly,A few times a week,Never,Never,Every day,Every day,I voted in the election,Orange Democratic Movement (ODM),Primary School,Agriculture
Urban,Uasin Gishu,24.0,Man,"Post-secondary qualifications, other than university e.g. a diploma or degree from a polytechnic or college",Employed (Full-time),Supervisor / Foreman / Senior Manager,Going in the wrong direction,Fairly bad,Strongly approve,A lot,Increased a lot,Fairly badly,Very badly,Never,Every day,Never,Every day,Every day,I voted in the election,Orange Democratic Movement (ODM),Certificate/Diploma,Professional
Urban,Migori,31.0,Man,"Post-secondary qualifications, other than university e.g. a diploma or degree from a polytechnic or college",Employed (Full-time),"Artisan or skilled manual worker (e.g., trades like electrician, mechanic, machinist or skilled manufacturing worker)",Going in the wrong direction,Very bad,Strongly disapprove,Not at all,Increased a lot,Very badly,Fairly badly,Every day,Every day,Every day,Every day,Every day,I voted in the election,Orange Democratic Movement (ODM),Certificate/Diploma,Skilled/Unskilled Labor
Urban,Migori,18.0,Man,Intermediate school or Some secondary school / high school,Unemployed (Not looking),Student,Going in the wrong direction,Very bad,Disapprove,Just a little,Increased a lot,Very badly,Fairly well,Every day,A few times a week,A few times a week,Every day,Every day,I did not vote,Orange Democratic Movement (ODM),Secondary School,Student
Rural,Makueni,32.0,Woman,Intermediate school or Some secondary school / high school,Unemployed (Actively looking),Agriculture / farming / fishing / forestry,Going in the wrong direction,Very bad,Disapprove,Not at all,Undecided/No Response,Fairly badly,Very badly,Every day,Every day,Never,Every day,Every day,I voted in the election,Wiper Democratic Movement (WDM–K),Secondary School,Agriculture
Urban,Migori,21.0,Man,Secondary school / high school completed,Unemployed (Actively looking),"Unskilled manual worker (e.g., cleaner, laborer, domestic help, unskilled manufacturing worker)",Going in the wrong direction,Fairly bad,Strongly disapprove,Not at all,Increased a lot,Fairly badly,Very badly,Every day,A few times a week,Every day,Every day,Every day,I voted in the election,Orange Democratic Movement (ODM),Secondary School,Skilled/Unskilled Labor
Rural,Kilifi,41.0,Woman,No formal schooling,Unemployed (Not looking),Agriculture / farming / fishing / forestry,Going in the wrong direction,Very good,Strongly disapprove,Just a little,Increased a lot,Very badly,Very badly,Never,Never,Never,Never,Never,I did not vote,Undecided/No Response,Informal Schooling,Agriculture
Urban,Uasin Gishu,28.0,Man,"Post-secondary qualifications, other than university e.g. a diploma or degree from a polytechnic or college",Employed (Part-time),Supervisor / Foreman / Senior Manager,Going in the right direction,Neither good nor bad,Strongly approve,A lot,Increased a lot,Fairly well,Fairly badly,Every day,Every day,Never,Every day,Less than once a month,I voted in the election,United Democratic Alliance (UDA),Certificate/Diploma,Professional
Urban,Kisumu,32.0,Woman,"Post-secondary qualifications, other than university e.g. a diploma or degree from a polytechnic or college",Employed (Full-time),"Upper-level professional (e.g., banker/finance, doctor, lawyer, engineer, accountant, professor, senior-level government",Going in the wrong direction,Very bad,Strongly disapprove,Just a little,Stayed the same,Very badly,Fairly well,Less than once a month,Every day,Never,Every day,Every day,I voted in the election,Would not vote,Certificate/Diploma,Professional
Urban,Uasin Gishu,24.0,Woman,University completed,Employed (Part-time),"Mid-level professional (e.g., teacher, nurse, mid-level government officer)",Going in the wrong direction,Fairly good,Approve,Somewhat,Increased somewhat,Fairly well,Very badly,Never,Every day,Never,Every day,Every day,I did not vote,Would not vote,Bachelors Degree,Professional
Urban,Kisumu,18.0,Man,Secondary school / high school completed,Unemployed (Actively looking),Trader / hawker / vendor,Going in the wrong direction,Very bad,Disapprove,Just a little,Stayed the same,Fairly badly,Very badly,Every day,Every day,Less than once a month,Every day,Every day,I did not vote,Orange Democratic Movement (ODM),Secondary School,Trader
Rural,Bungoma,36.0,Woman,"Post-secondary qualifications, other than university e.g. a diploma or degree from a polytechnic or college",Unemployed (Not looking),Agriculture / farming / fishing / forestry,Going in the wrong direction,Fairly bad,Undecided/No Response,A lot,Increased a lot,Very badly,Very badly,Every day,Never,Never,Never,Never,I voted in the election,Would not vote,Certificate/Diploma,Agriculture
Urban,Uasin Gishu,38.0,Woman,Primary school completed,Unemployed (Not looking),Housewife / homemaker,Going in the right direction,Fairly bad,Disapprove,Just a little,Increased somewhat,Fairly badly,Very badly,Every day,A few times a week,Never,A few times a week,Never,I voted in the election,Orange Democratic Movement (ODM),Primary School,Housewife
Urban,Migori,30.0,Man,"Post-secondary qualifications, other than university e.g. a diploma or degree from a polytechnic or college",Employed (Full-time),"Artisan or skilled manual worker (e.g., trades like electrician, mechanic, machinist or skilled manufacturing worker)",Going in the wrong direction,Very bad,Disapprove,Just a little,Increased a lot,Fairly badly,Very badly,A few times a week,Every day,A few times a week,Every day,Every day,I voted in the election,Orange Democratic Movement (ODM),Certificate/Diploma,Skilled/Unskilled Labor
Urban,Kisumu,22.0,Woman,Secondary school / high school completed,Unemployed (Actively looking),Student,Going in the wrong direction,Undecided/No Response,Approve,Somewhat,Increased a lot,Very well,Fairly well,A few times a week,A few times a week,Never,Every day,Every day,I did not vote,Undecided/No Response,Secondary School,Student
Rural,Bungoma,45.0,Man,Primary school completed,Unemployed (Not looking),"Unskilled manual worker (e.g., cleaner, laborer, domestic help, unskilled manufacturing worker)",Going in the right direction,Neither good nor bad,Approve,Somewhat,Decreased somewhat,Fairly badly,Fairly badly,Every day,Never,Never,Never,Never,I voted in the election,United Democratic Alliance (UDA),Primary School,Skilled/Unskilled Labor
Rural,Bungoma,21.0,Man,Secondary school / high school completed,Unemployed (Actively looking),"Unskilled manual worker (e.g., cleaner, laborer, domestic help, unskilled manufacturing worker)",Going in the wrong direction,Fairly bad,Approve,A lot,Increased somewhat,Fairly well,Very badly,Never,A few times a week,Never,Every day,A few times a week,I did not vote,Orange Democratic Movement (ODM),Secondary School,Skilled/Unskilled Labor
Urban,Kisumu,25.0,Man,"Post-secondary qualifications, other than university e.g. a diploma or degree from a polytechnic or college",Employed (Full-time),"Mid-level professional (e.g., teacher, nurse, mid-level government officer)",Going in the wrong direction,Very bad,Disapprove,Not at all,Increased a lot,Very badly,Very badly,Never,Never,Never,Every day,Every day,I voted in the election,Orange Democratic Movement (ODM),Certificate/Diploma,Professional
Rural,Bungoma,26.0,Woman,Secondary school / high school completed,Unemployed (Actively looking),Housewife / homemaker,Going in the wrong direction,Fairly bad,Disapprove,Just a little,Increased a lot,Fairly badly,Fairly badly,Never,A few times a week,Never,A few times a week,A few times a week,I voted in the election,Undecided/No Response,Secondary School,Housewife
Urban,Kisumu,27.0,Man,Intermediate school or Some secondary school / high school,Unemployed (Actively looking),"Mid-level professional (e.g., teacher, nurse, mid-level government officer)",Going in the wrong direction,Fairly bad,Strongly disapprove,Not at all,Increased a lot,Very badly,Very badly,Every day,Every day,Every day,Every day,Every day,I voted in the election,Orange Democratic Movement (ODM),Secondary School,Professional
Urban,Kisumu,22.0,Man,Secondary school / high school completed,Employed (Part-time),"Artisan or skilled manual worker (e.g., trades like electrician, mechanic, machinist or skilled manufacturing worker)",Going in the right direction,Fairly bad,Strongly disapprove,Just a little,Increased somewhat,Very badly,Very badly,A few times a week,A few times a month,A few times a week,Every day,Every day,I voted in the election,Orange Democratic Movement (ODM),Secondary School,Skilled/Unskilled Labor
Urban,Kisumu,24.0,Woman,"Post-secondary qualifications, other than university e.g. a diploma or degree from a polytechnic or college",Employed (Full-time),"Mid-level professional (e.g., teacher, nurse, mid-level government officer)",Undecided/No Response,Neither good nor bad,Disapprove,Not at all,Increased a lot,Fairly badly,Fairly badly,Every day,Every day,Less than once a month,Every day,Every day,I voted in the election,Undecided/No Response,Certificate/Diploma,Professional
Rural,Kilifi,19.0,Woman,Some primary schooling,Unemployed (Actively looking),Agriculture / farming / fishing / forestry,Going in the right direction,Fairly bad,Approve,Somewhat,Decreased somewhat,Fairly well,Fairly well,Every day,A few times a month,Never,A few times a week,A few times a week,I voted in the election,Orange Democratic Movement (ODM),Primary School,Agriculture
Rural,Bungoma,54.0,Woman,Secondary school / high school completed,Unemployed (Not looking),Trader / hawker / vendor,Going in the right direction,Fairly bad,Approve,Not at all,Stayed the same,Fairly well,Fairly well,Every day,Never,Less than once a month,Every day,Every day,I voted in the election,Would not vote,Secondary School,Trader
Urban,Kisumu,26.0,Woman,Primary school completed,Employed (Full-time),"Unskilled manual worker (e.g., cleaner, laborer, domestic help, unskilled manufacturing worker)",Going in the wrong direction,Very bad,Disapprove,Not at all,Increased a lot,Very badly,Fairly badly,Every day,Less than once a month,Never,Never,Never,I voted in the election,Orange Democratic Movement (ODM),Primary School,Skilled/Unskilled Labor
Rural,Bungoma,29.0,Woman,"Post-secondary qualifications, other than university e.g. a diploma or degree from a polytechnic or college",Unemployed (Actively looking),"Mid-level professional (e.g., teacher, nurse, mid-level government officer)",Going in the right direction,Fairly good,Disapprove,Not at all,Stayed the same,Fairly well,Fairly badly,A few times a week,Every day,Never,Every day,Every day,I voted in the election,United Democratic Alliance (UDA),Certificate/Diploma,Professional
Rural,Bungoma,29.0,Man,"Post-secondary qualifications, other than university e.g. a diploma or degree from a polytechnic or college",Unemployed (Actively looking),"Upper-level professional (e.g., banker/finance, doctor, lawyer, engineer, accountant, professor, senior-level government",Going in the right direction,Fairly good,Approve,Not at all,Increased a lot,Fairly well,Fairly badly,Every day,Every day,Never,Every day,Every day,I voted in the election,KANU,Certificate/Diploma,Professional
Rural,Kilifi,34.0,Woman,Secondary school / high school completed,Employed (Full-time),Supervisor / Foreman / Senior Manager,Going in the wrong direction,Very bad,Approve,Not at all,Undecided/No Response,Very badly,Undecided/No Response,Never,A few times a week,Never,Every day,Every day,I did not vote,United Democratic Alliance (UDA),Secondary School,Professional
Rural,Bungoma,32.0,Man,Secondary school / high school completed,Employed (Full-time),Agriculture / farming / fishing / forestry,Going in the wrong direction,Fairly good,Approve,Somewhat,Stayed the same,Fairly badly,Fairly badly,Every day,Every day,Never,Every day,Every day,I voted in the election,United Democratic Alliance (UDA),Secondary School,Agriculture
Rural,Uasin Gishu,36.0,Woman,Primary school completed,Unemployed (Actively looking),Trader / hawker / vendor,Going in the right direction,Fairly good,Approve,A lot,Increased a lot,Fairly well,Fairly well,Every day,Every day,Less than once a month,Every day,A few times a month,I voted in the election,United Democratic Alliance (UDA),Primary School,Trader
Rural,Meru,50.0,Woman,Secondary school / high school completed,Employed (Full-time),Agriculture / farming / fishing / forestry,Going in the wrong direction,Fairly bad,Disapprove,A lot,Increased a lot,Very badly,Very badly,Never,Every day,Never,Never,Never,I voted in the election,United Democratic Alliance (UDA),Secondary School,Agriculture
Rural,Meru,32.0,Man,"Post-secondary qualifications, other than university e.g. a diploma or degree from a polytechnic or college",Employed (Full-time),Agriculture / farming / fishing / forestry,Going in the right direction,Very good,Strongly approve,A lot,Decreased somewhat,Fairly well,Fairly well,Every day,Every day,Never,Every day,Every day,I voted in the election,United Democratic Alliance (UDA),Certificate/Diploma,Agriculture
Rural,Uasin Gishu,55.0,Woman,Primary school completed,Unemployed (Not looking),Agriculture / farming / fishing / forestry,Going in the wrong direction,Very bad,Undecided/No Response,Just a little,Increased a lot,Very badly,Very badly,Every day,Every day,Never,Every day,Never,I voted in the election,Jubilee Alliance Party (JAP),Primary School,Agriculture
Rural,Murang’a,32.0,Man,Secondary school / high school completed,Unemployed (Actively looking),Agriculture / farming / fishing / forestry,Going in the right direction,Neither good nor bad,Approve,Just a little,Stayed the same,Fairly badly,Very well,A few times a week,Every day,A few times a month,Every day,Every day,I voted in the election,NARC – Kenya,Secondary School,Agriculture
Rural,Meru,46.0,Man,Secondary school / high school completed,Unemployed (Not looking),Agriculture / farming / fishing / forestry,Going in the wrong direction,Very bad,Approve,Somewhat,Increased a lot,Fairly badly,Fairly badly,Every day,Every day,Less than once a month,A few times a week,A few times a week,I voted in the election,United Democratic Alliance (UDA),Secondary School,Agriculture
Rural,Meru,38.0,Man,"Post-secondary qualifications, other than university e.g. a diploma or degree from a polytechnic or college",Employed (Part-time),Agriculture / farming / fishing / forestry,Going in the right direction,Fairly good,Approve,Just a little,Stayed the same,Very badly,Very badly,Every day,Every day,Never,Every day,Never,I voted in the election,United Democratic Alliance (UDA),Certificate/Diploma,Agriculture
Rural,Kilifi,57.0,Man,Some primary schooling,Employed (Full-time),"Artisan or skilled manual worker (e.g., trades like electrician, mechanic, machinist or skilled manufacturing worker)",Going in the wrong direction,Very bad,Strongly disapprove,Somewhat,Increased a lot,Very badly,Very badly,Every day,Every day,Never,A few times a month,A few times a month,I voted in the election,Orange Democratic Movement (ODM),Primary School,Skilled/Unskilled Labor
Rural,Narok,32.0,Man,Secondary school / high school completed,Employed (Full-time),Agriculture / farming / fishing / forestry,Going in the wrong direction,Very good,Strongly disapprove,Just a little,Increased a lot,Very badly,Very badly,Every day,Every day,A few times a week,Every day,Every day,I voted in the election,Orange Democratic Movement (ODM),Secondary School,Agriculture
Rural,Narok,20.0,Woman,Some primary schooling,Unemployed (Not looking),Housewife / homemaker,Going in the right direction,Neither good nor bad,Approve,Somewhat,Decreased somewhat,Very badly,Very badly,Every day,Never,Never,Never,Never,I voted in the election,Orange Democratic Movement (ODM),Primary School,Housewife
Urban,Nairobi,58.0,Man,Intermediate school or Some secondary school / high school,Employed (Full-time),"Security services (police, army, private security)",Going in the wrong direction,Very bad,Approve,Just a little,Increased a lot,Very badly,Fairly badly,Every day,A few times a week,Never,A few times a week,Every day,I voted in the election,Would not vote,Secondary School,Security Services
Rural,Uasin Gishu,36.0,Woman,Post-graduate,Employed (Full-time),Agriculture / farming / fishing / forestry,Going in the right direction,Fairly good,Strongly disapprove,Just a little,Increased a lot,Fairly well,Very badly,Never,Every day,Never,Every day,A few times a week,I did not vote,Would not vote,Masters/PhD,Agriculture
Rural,Murang’a,56.0,Woman,Primary school completed,Employed (Full-time),Trader / hawker / vendor,Going in the wrong direction,Very bad,Strongly disapprove,Just a little,Increased a lot,Very badly,Very badly,A few times a week,Every day,Never,Never,Never,I voted in the election,United Democratic Alliance (UDA),Primary School,Trader
Rural,Nyeri,55.0,Man,Some primary schooling,Unemployed (Not looking),Agriculture / farming / fishing / forestry,Going in the right direction,Neither good nor bad,Strongly approve,Just a little,Increased somewhat,Fairly badly,Very badly,Every day,Never,Never,Never,Never,I voted in the election,Jubilee Alliance Party (JAP),Primary School,Agriculture
Rural,Nyeri,19.0,Man,Secondary school / high school completed,Unemployed (Not looking),Student,Going in the right direction,Fairly good,Approve,Somewhat,Stayed the same,Fairly well,Fairly well,A few times a week,A few times a week,Less than once a month,Every day,Never,I voted in the election,Undecided/No Response,Secondary School,Student
Rural,Narok,25.0,Woman,Some primary schooling,Unemployed (Actively looking),Housewife / homemaker,Going in the wrong direction,Very bad,Disapprove,Just a little,Increased a lot,Fairly badly,Very badly,Every day,Never,Never,Never,Never,I voted in the election,Orange Democratic Movement (ODM),Primary School,Housewife
Rural,Uasin Gishu,20.0,Man,Secondary school / high school completed,Unemployed (Actively looking),Agriculture / farming / fishing / forestry,Going in the right direction,Fairly good,Disapprove,Undecided/No Response,Stayed the same,Fairly well,Fairly badly,Every day,Never,Never,Never,Never,I did not vote,United Democratic Alliance (UDA),Secondary School,Agriculture
Rural,Nyeri,82.0,Woman,Primary school completed,Employed (Full-time),Agriculture / farming / fishing / forestry,Going in the wrong direction,Fairly bad,Approve,Just a little,Stayed the same,Fairly badly,Fairly well,Every day,Every day,Never,Never,Never,I did not vote,Would not vote,Primary School,Agriculture
Urban,Nairobi,35.0,Man,University completed,Employed (Full-time),"Artisan or skilled manual worker (e.g., trades like electrician, mechanic, machinist or skilled manufacturing worker)",Going in the wrong direction,Fairly bad,Strongly disapprove,Not at all,Increased a lot,Fairly badly,Very badly,A few times a week,Every day,A few times a week,Every day,A few times a month,I voted in the election,Orange Democratic Movement (ODM),Bachelors Degree,Skilled/Unskilled Labor
Rural,Narok,62.0,Man,No formal schooling,Unemployed (Actively looking),Agriculture / farming / fishing / forestry,Going in the right direction,Fairly good,Disapprove,Just a little,Increased a lot,Very badly,Very badly,Every day,Never,Never,Never,Never,I voted in the election,Orange Democratic Movement (ODM),Informal Schooling,Agriculture
Urban,Nairobi,43.0,Woman,Some university,Employed (Part-time),Retail / Shop,Going in the wrong direction,Fairly good,Approve,Somewhat,Stayed the same,Fairly badly,Very badly,Never,Every day,A few times a month,Every day,Every day,I voted in the election,Wiper Democratic Movement (WDM–K),Bachelors Degree,Trader
Urban,Nairobi,23.0,Woman,Primary school completed,Unemployed (Actively looking),Housewife / homemaker,Going in the wrong direction,Very bad,Disapprove,A lot,Stayed the same,Fairly badly,Fairly badly,Never,Every day,Never,Every day,Never,I did not vote,United Democratic Alliance (UDA),Primary School,Housewife
Rural,Murang’a,19.0,Man,Secondary school / high school completed,Unemployed (Actively looking),Agriculture / farming / fishing / forestry,Going in the right direction,Fairly bad,Strongly disapprove,Just a little,Stayed the same,Fairly well,Very badly,Every day,Every day,A few times a month,Every day,Every day,I did not vote,United Democratic Alliance (UDA),Secondary School,Agriculture
Rural,Kilifi,61.0,Man,Primary school completed,Unemployed (Not looking),Trader / hawker / vendor,Going in the wrong direction,Very bad,Approve,Just a little,Increased a lot,Fairly well,Fairly badly,Every day,Every day,Every day,Every day,Every day,I voted in the election,Orange Democratic Movement (ODM),Primary School,Trader
Urban,Kisumu,22.0,Woman,Secondary school / high school completed,Unemployed (Actively looking),Housewife / homemaker,Going in the right direction,Very bad,Strongly disapprove,Not at all,Decreased a lot,Very well,Very badly,Every day,Every day,Every day,Every day,Never,I did not vote,Orange Democratic Movement (ODM),Secondary School,Housewife
Rural,Murang’a,26.0,Woman,Secondary school / high school completed,Unemployed (Not looking),Housewife / homemaker,Going in the right direction,Fairly good,Approve,A lot,Increased a lot,Fairly well,Fairly badly,A few times a week,A few times a week,Never,A few times a week,A few times a week,I voted in the election,Would not vote,Secondary School,Housewife
Rural,Nyeri,27.0,Woman,University completed,Employed (Part-time),"Mid-level professional (e.g., teacher, nurse, mid-level government officer)",Going in the right direction,Fairly good,Approve,A lot,Decreased somewhat,Fairly well,Fairly well,Every day,A few times a week,Never,Every day,Every day,I did not vote,United Democratic Alliance (UDA),Bachelors Degree,Professional
Urban,Kisumu,28.0,Man,University completed,Employed (Full-time),"Mid-level professional (e.g., teacher, nurse, mid-level government officer)",Going in the wrong direction,Fairly bad,Approve,Not at all,Increased a lot,Very badly,Very badly,Every day,Every day,Less than once a month,Every day,Every day,I voted in the election,Orange Democratic Movement (ODM),Bachelors Degree,Professional
Rural,Kilifi,40.0,Man,Primary school completed,Employed (Full-time),"Security services (police, army, private security)",Going in the wrong direction,Very bad,Disapprove,Somewhat,Stayed the same,Fairly badly,Fairly well,A few times a week,Every day,Less than once a month,A few times a week,A few times a week,I voted in the election,Orange Democratic Movement (ODM),Primary School,Security Services
Rural,Kisii,62.0,Woman,Some primary schooling,Employed (Part-time),Agriculture / farming / fishing / forestry,Going in the wrong direction,Fairly bad,Strongly disapprove,Somewhat,Decreased somewhat,Very badly,Fairly badly,A few times a week,Never,Never,Never,Never,I voted in the election,United Democratic Alliance (UDA),Primary School,Agriculture
Rural,Kisii,38.0,Woman,Some primary schooling,Employed (Part-time),Trader / hawker / vendor,Going in the right direction,Very good,Strongly approve,A lot,Increased a lot,Very well,Fairly well,Never,Never,Never,Never,Never,I voted in the election,Undecided/No Response,Primary School,Trader
Rural,Narok,23.0,Woman,Some primary schooling,Employed (Part-time),Trader / hawker / vendor,Going in the wrong direction,Very bad,Disapprove,A lot,Increased a lot,Fairly well,Very badly,A few times a week,Never,Never,Never,Never,I voted in the election,United Democratic Alliance (UDA),Primary School,Trader
Rural,Taita Taveta,37.0,Woman,Secondary school / high school completed,Unemployed (Actively looking),Agriculture / farming / fishing / forestry,Going in the wrong direction,Fairly bad,Approve,Somewhat,Stayed the same,Fairly badly,Fairly badly,A few times a month,Never,Never,Never,Never,I voted in the election,Would not vote,Secondary School,Agriculture
Rural,Taita Taveta,45.0,Man,Primary school completed,Unemployed (Actively looking),"Unskilled manual worker (e.g., cleaner, laborer, domestic help, unskilled manufacturing worker)",Going in the wrong direction,Neither good nor bad,Approve,Just a little,Increased somewhat,Fairly badly,Fairly badly,Every day,Never,Never,Never,Never,I voted in the election,Orange Democratic Movement (ODM),Primary School,Skilled/Unskilled Labor
Rural,Taita Taveta,67.0,Woman,Intermediate school or Some secondary school / high school,Unemployed (Not looking),Housewife / homemaker,Going in the wrong direction,Fairly bad,Strongly disapprove,Just a little,Increased a lot,Fairly well,Fairly badly,A few times a week,Every day,Never,Never,Never,I voted in the election,Would not vote,Secondary School,Housewife
Urban,Kisumu,29.0,Man,Some university,Unemployed (Actively looking),"Unskilled manual worker (e.g., cleaner, laborer, domestic help, unskilled manufacturing worker)",Going in the wrong direction,Fairly bad,Strongly disapprove,Just a little,Increased a lot,Fairly badly,Fairly badly,Every day,A few times a week,Undecided/No Response,Every day,Every day,I voted in the election,Orange Democratic Movement (ODM),Bachelors Degree,Skilled/Unskilled Labor
Rural,Bungoma,38.0,Man,Secondary school / high school completed,Unemployed (Actively looking),Agriculture / farming / fishing / forestry,Going in the wrong direction,Fairly bad,Approve,Just a little,Decreased a lot,Fairly badly,Fairly well,Every day,Every day,Never,Every day,Every day,I voted in the election,Orange Democratic Movement (ODM),Secondary School,Agriculture
Rural,Taita Taveta,70.0,Man,No formal schooling,Unemployed (Not looking),Agriculture / farming / fishing / forestry,Going in the wrong direction,Very bad,Strongly disapprove,Just a little,Increased a lot,Very badly,Very badly,Every day,Every day,Never,Never,Never,I voted in the election,KANU,Informal Schooling,Agriculture
Urban,Kisumu,22.0,Woman,Secondary school / high school completed,Employed (Part-time),"Artisan or skilled manual worker (e.g., trades like electrician, mechanic, machinist or skilled manufacturing worker)",Going in the wrong direction,Fairly good,Approve,Just a little,Decreased somewhat,Fairly well,Fairly well,A few times a week,Every day,Never,Every day,Every day,I voted in the election,Undecided/No Response,Secondary School,Skilled/Unskilled Labor
Rural,Bungoma,28.0,Woman,"Post-secondary qualifications, other than university e.g. a diploma or degree from a polytechnic or college",Unemployed (Actively looking),"Mid-level professional (e.g., teacher, nurse, mid-level government officer)",Going in the wrong direction,Very bad,Approve,Not at all,Increased a lot,Fairly badly,Fairly badly,Every day,Every day,Never,Every day,Every day,I voted in the election,KANU,Certificate/Diploma,Professional
Rural,Kilifi,21.0,Man,Primary school completed,Employed (Full-time),"Unskilled manual worker (e.g., cleaner, laborer, domestic help, unskilled manufacturing worker)",Going in the right direction,Fairly good,Approve,Just a little,Decreased a lot,Fairly badly,Fairly well,Every day,A few times a month,Never,Never,Never,I did not vote,Undecided/No Response,Primary School,Skilled/Unskilled Labor
Rural,Kisii,35.0,Woman,Some primary schooling,Unemployed (Actively looking),Agriculture / farming / fishing / forestry,Going in the wrong direction,Very bad,Disapprove,Not at all,Increased a lot,Fairly badly,Fairly badly,Never,Never,Never,A few times a week,Never,I voted in the election,Orange Democratic Movement (ODM),Primary School,Agriculture
Rural,Bungoma,54.0,Man,"Post-secondary qualifications, other than university e.g. a diploma or degree from a polytechnic or college",Employed (Part-time),Agriculture / farming / fishing / forestry,Going in the right direction,Fairly bad,Approve,Somewhat,Stayed the same,Fairly well,Fairly well,Every day,A few times a week,Never,A few times a week,A few times a week,I voted in the election,United Democratic Alliance (UDA),Certificate/Diploma,Agriculture
Rural,Kilifi,53.0,Woman,Primary school completed,Unemployed (Not looking),Agriculture / farming / fishing / forestry,Going in the wrong direction,Very bad,Disapprove,Just a little,Increased a lot,Very badly,Fairly badly,Every day,Never,Every day,Every day,Every day,I did not vote,United Democratic Alliance (UDA),Primary School,Agriculture
Rural,Kisii,28.0,Woman,Intermediate school or Some secondary school / high school,Unemployed (Not looking),Agriculture / farming / fishing / forestry,Going in the wrong direction,Fairly bad,Approve,Just a little,Stayed the same,Fairly well,Fairly well,A few times a week,A few times a week,A few times a week,A few times a week,A few times a week,I voted in the election,United Democratic Alliance (UDA),Secondary School,Agriculture
Rural,Meru,40.0,Woman,Some primary schooling,Unemployed (Not looking),Agriculture / farming / fishing / forestry,Going in the right direction,Fairly good,Approve,Somewhat,Decreased somewhat,Fairly well,Very badly,Every day,Never,Never,Never,Never,I did not vote,Undecided/No Response,Primary School,Agriculture
Urban,Nairobi,19.0,Woman,Some university,Unemployed (Not looking),Student,Going in the wrong direction,Very bad,Approve,Somewhat,Increased somewhat,Fairly well,Very badly,A few times a week,Every day,Never,Every day,A few times a month,I did not vote,Orange Democratic Movement (ODM),Bachelors Degree,Student
Rural,Narok,25.0,Man,Primary school completed,Unemployed (Not looking),Never had a job,Going in the right direction,Fairly good,Disapprove,Somewhat,Increased somewhat,Very badly,Very badly,Every day,Every day,A few times a week,A few times a month,A few times a week,I voted in the election,Orange Democratic Movement (ODM),Primary School,Undecided/No Response
Rural,Uasin Gishu,70.0,Man,Primary school completed,Unemployed (Not looking),Trader / hawker / vendor,Going in the right direction,Fairly good,Approve,A lot,Increased somewhat,Fairly well,Very badly,Every day,Every day,Never,Never,Never,I voted in the election,United Democratic Alliance (UDA),Primary School,Trader
Rural,Kilifi,25.0,Woman,Primary school completed,Unemployed (Actively looking),Agriculture / farming / fishing / forestry,Going in the wrong direction,Very bad,Strongly disapprove,Not at all,Increased somewhat,Very badly,Very badly,A few times a month,A few times a month,Never,Never,Never,I did not vote,Would not vote,Primary School,Agriculture
Urban,Nairobi,29.0,Woman,Secondary school / high school completed,Unemployed (Not looking),Housewife / homemaker,Going in the right direction,Neither good nor bad,Approve,A lot,Decreased somewhat,Fairly well,Fairly well,Never,Every day,Every day,Every day,A few times a week,I did not vote,United Democratic Alliance (UDA),Secondary School,Housewife
Urban,Nairobi,36.0,Man,Secondary school / high school completed,Unemployed (Actively looking),"Artisan or skilled manual worker (e.g., trades like electrician, mechanic, machinist or skilled manufacturing worker)",Going in the wrong direction,Very bad,Approve,Just a little,Decreased somewhat,Fairly badly,Fairly well,Never,Every day,A few times a month,Every day,A few times a month,I voted in the election,Amani National Congress,Secondary School,Skilled/Unskilled Labor
Rural,Bungoma,45.0,Woman,Primary school completed,Employed (Full-time),Agriculture / farming / fishing / forestry,Going in the wrong direction,Fairly bad,Undecided/No Response,Undecided/No Response,Decreased somewhat,Very badly,Fairly badly,Never,Never,Never,Never,Never,I voted in the election,United Democratic Alliance (UDA),Primary School,Agriculture
Rural,Uasin Gishu,53.0,Man,Primary school completed,Unemployed (Not looking),Agriculture / farming / fishing / forestry,Going in the right direction,Fairly good,Strongly approve,Somewhat,Increased a lot,Fairly well,Very badly,Less than once a month,Every day,Never,Never,Never,I voted in the election,Undecided/No Response,Primary School,Agriculture
Rural,Meru,24.0,Woman,"Post-secondary qualifications, other than university e.g. a diploma or degree from a polytechnic or college",Employed (Part-time),Agriculture / farming / fishing / forestry,Going in the right direction,Fairly good,Disapprove,Just a little,Increased a lot,Fairly well,Very badly,Less than once a month,Every day,Never,Every day,Every day,I did not vote,Orange Democratic Movement (ODM),Certificate/Diploma,Agriculture
Urban,Nairobi,20.0,Man,Secondary school / high school completed,Unemployed (Actively looking),Student,Going in the right direction,Fairly good,Strongly approve,Somewhat,Stayed the same,Fairly badly,Very badly,Never,Every day,Never,Every day,A few times a week,I did not vote,Would not vote,Secondary School,Student
Rural,Nyeri,18.0,Woman,Intermediate school or Some secondary school / high school,Unemployed (Not looking),Student,Going in the wrong direction,Neither good nor bad,Disapprove,Not at all,Increased a lot,Very badly,Very badly,A few times a week,Every day,Less than once a month,A few times a week,A few times a week,I was too young to vote,Orange Democratic Movement (ODM),Secondary School,Student
Rural,Narok,28.0,Woman,Some primary schooling,Unemployed (Not looking),Never had a job,Going in the right direction,Fairly bad,Disapprove,Somewhat,Increased somewhat,Very badly,Fairly badly,Every day,Never,Never,A few times a week,Never,I did not vote,Would not vote,Primary School,Undecided/No Response
Rural,Meru,35.0,Woman,Primary school completed,Unemployed (Actively looking),Agriculture / farming / fishing / forestry,Going in the wrong direction,Fairly bad,Approve,Somewhat,Decreased somewhat,Fairly well,Very well,Every day,Every day,Never,Every day,Every day,I voted in the election,Undecided/No Response,Primary School,Agriculture
Rural,Narok,23.0,Man,Secondary school / high school completed,Employed (Full-time),Trader / hawker / vendor,Going in the right direction,Fairly good,Approve,Somewhat,Increased somewhat,Fairly well,Very badly,Every day,Never,Never,A few times a week,A few times a week,I did not vote,Would not vote,Secondary School,Trader
Rural,Nyeri,18.0,Man,Secondary school / high school completed,Unemployed (Not looking),Student,Going in the wrong direction,Fairly bad,Approve,Not at all,Stayed the same,Fairly well,Fairly badly,Less than once a month,Every day,Never,Every day,Every day,I did not vote,United Democratic Alliance (UDA),Secondary School,Student
Rural,Nandi,32.0,Man,Secondary school / high school completed,Unemployed (Actively looking),Agriculture / farming / fishing / forestry,Going in the right direction,Very good,Approve,Somewhat,Decreased somewhat,Fairly well,Fairly badly,Every day,Less than once a month,Never,Less than once a month,Never,I voted in the election,United Democratic Alliance (UDA),Secondary School,Agriculture
Rural,Murang’a,80.0,Man,Primary school completed,Unemployed (Not looking),Supervisor / Foreman / Senior Manager,Going in the wrong direction,Very bad,Approve,Just a little,Increased a lot,Undecided/No Response,Very badly,A few times a week,Every day,Never,Never,Never,I voted in the election,Other,Primary School,Professional
Rural,Murang’a,71.0,Woman,Some primary schooling,Unemployed (Not looking),Agriculture / farming / fishing / forestry,Going in the right direction,Fairly bad,Strongly disapprove,Just a little,Stayed the same,Fairly badly,Very badly,Every day,Every day,Never,Never,Never,I voted in the election,Undecided/No Response,Primary School,Agriculture
Rural,Nandi,65.0,Man,No formal schooling,Unemployed (Not looking),Agriculture / farming / fishing / forestry,Going in the right direction,Fairly good,Strongly disapprove,A lot,Stayed the same,Fairly well,Fairly badly,Every day,Never,Never,Never,Never,I voted in the election,United Democratic Alliance (UDA),Informal Schooling,Agriculture
Rural,Meru,20.0,Man,Post-graduate,Unemployed (Actively looking),Student,Going in the right direction,Fairly good,Strongly disapprove,Somewhat,Decreased somewhat,Fairly well,Fairly well,Every day,A few times a week,Never,Every day,Every day,I voted in the election,Orange Democratic Movement (ODM),Masters/PhD,Student
Rural,Nandi,30.0,Woman,Some primary schooling,Unemployed (Actively looking),Agriculture / farming / fishing / forestry,Going in the right direction,Fairly bad,Approve,Somewhat,Decreased somewhat,Fairly well,Fairly badly,Never,Never,Never,Never,Never,I voted in the election,Undecided/No Response,Primary School,Agriculture
Rural,Nandi,68.0,Man,"Post-secondary qualifications, other than university e.g. a diploma or degree from a polytechnic or college",Unemployed (Not looking),"Mid-level professional (e.g., teacher, nurse, mid-level government officer)",Going in the wrong direction,Fairly bad,Strongly disapprove,Not at all,Increased a lot,Very badly,Very badly,Every day,A few times a week,A few times a month,A few times a month,Less than once a month,I voted in the election,Undecided/No Response,Certificate/Diploma,Professional
Rural,Murang’a,38.0,Man,Secondary school / high school completed,Unemployed (Actively looking),Student,Going in the right direction,Fairly good,Approve,A lot,Decreased a lot,Fairly well,Very well,Every day,Every day,A few times a month,Every day,Every day,I was too young to vote,United Democratic Alliance (UDA),Secondary School,Student
Rural,Nyeri,40.0,Woman,Intermediate school or Some secondary school / high school,Unemployed (Not looking),Agriculture / farming / fishing / forestry,Going in the right direction,Fairly good,Approve,Just a little,Stayed the same,Fairly well,Fairly well,Every day,Every day,Never,A few times a week,Less than once a month,I voted in the election,United Democratic Alliance (UDA),Secondary School,Agriculture
Rural,Taita Taveta,52.0,Man,University completed,Employed (Full-time),"Mid-level professional (e.g., teacher, nurse, mid-level government officer)",Going in the wrong direction,Very bad,Disapprove,Just a little,Increased a lot,Very badly,Very badly,Never,Every day,Never,Less than once a month,Less than once a month,I voted in the election,Would not vote,Bachelors Degree,Professional
Rural,Taita Taveta,24.0,Woman,Primary school completed,Employed (Full-time),Agriculture / farming / fishing / forestry,Going in the right direction,Neither good nor bad,Strongly disapprove,Just a little,Increased somewhat,Fairly badly,Fairly badly,Every day,Every day,Never,Every day,Never,I voted in the election,Undecided/No Response,Primary School,Agriculture
Rural,Taita Taveta,32.0,Woman,Primary school completed,Unemployed (Actively looking),Agriculture / farming / fishing / forestry,Going in the wrong direction,Very bad,Approve,Somewhat,Increased a lot,Very badly,Very badly,Never,Every day,Never,A few times a week,Every day,I can’t remember whether I voted,Orange Democratic Movement (ODM),Primary School,Agriculture
Rural,Taita Taveta,52.0,Man,Secondary school / high school completed,Unemployed (Actively looking),"Unskilled manual worker (e.g., cleaner, laborer, domestic help, unskilled manufacturing worker)",Going in the wrong direction,Neither good nor bad,Strongly disapprove,Just a little,Increased a lot,Very badly,Very badly,A few times a week,A few times a week,Never,Never,Never,I voted in the election,Would not vote,Secondary School,Skilled/Unskilled Labor
Rural,Uasin Gishu,39.0,Man,University completed,Employed (Part-time),"Upper-level professional (e.g., banker/finance, doctor, lawyer, engineer, accountant, professor, senior-level government",Going in the right direction,Fairly good,Approve,Somewhat,Stayed the same,Fairly well,Fairly badly,Less than once a month,A few times a month,Never,Every day,A few times a week,I voted in the election,United Democratic Alliance (UDA),Bachelors Degree,Professional
Rural,Uasin Gishu,43.0,Woman,Primary school completed,Unemployed (Not looking),Never had a job,Going in the wrong direction,Very bad,Strongly disapprove,Not at all,Increased a lot,Very badly,Very badly,Never,A few times a week,Never,Never,Never,I voted in the election,Orange Democratic Movement (ODM),Primary School,Undecided/No Response
Rural,Kisii,35.0,Man,"Post-secondary qualifications, other than university e.g. a diploma or degree from a polytechnic or college",Unemployed (Actively looking),"Artisan or skilled manual worker (e.g., trades like electrician, mechanic, machinist or skilled manufacturing worker)",Going in the wrong direction,Fairly bad,Approve,Somewhat,Decreased somewhat,Fairly badly,Fairly well,A few times a week,A few times a week,A few times a week,A few times a week,A few times a week,I voted in the election,United Democratic Alliance (UDA),Certificate/Diploma,Skilled/Unskilled Labor
Rural,Kisii,32.0,Man,Secondary school / high school completed,Unemployed (Actively looking),"Artisan or skilled manual worker (e.g., trades like electrician, mechanic, machinist or skilled manufacturing worker)",Going in the right direction,Fairly good,Approve,A lot,Decreased a lot,Fairly badly,Fairly badly,Every day,A few times a week,Never,A few times a week,Never,I voted in the election,United Democratic Alliance (UDA),Secondary School,Skilled/Unskilled Labor
Rural,Nyeri,35.0,Man,Secondary school / high school completed,Employed (Part-time),"Unskilled manual worker (e.g., cleaner, laborer, domestic help, unskilled manufacturing worker)",Going in the wrong direction,Fairly bad,Strongly disapprove,Somewhat,Increased a lot,Fairly badly,Very badly,Every day,A few times a week,A few times a month,A few times a week,A few times a week,I voted in the election,Jubilee Alliance Party (JAP),Secondary School,Skilled/Unskilled Labor
Rural,Murang’a,29.0,Woman,Secondary school / high school completed,Unemployed (Not looking),Trader / hawker / vendor,Going in the wrong direction,Fairly bad,Approve,Just a little,Increased a lot,Fairly badly,Fairly well,Every day,Every day,Every day,Never,Never,I voted in the election,Would not vote,Secondary School,Trader
Rural,Kisii,35.0,Man,Primary school completed,Unemployed (Actively looking),Agriculture / farming / fishing / forestry,Going in the wrong direction,Very bad,Strongly approve,A lot,Stayed the same,Very badly,Very well,Never,Never,A few times a week,A few times a week,Never,I voted in the election,United Democratic Alliance (UDA),Primary School,Agriculture
Rural,Kisii,64.0,Man,Some primary schooling,Unemployed (Not looking),Agriculture / farming / fishing / forestry,Going in the right direction,Fairly bad,Strongly approve,A lot,Increased a lot,Fairly well,Fairly well,Every day,Every day,Every day,Never,Never,I voted in the election,Undecided/No Response,Primary School,Agriculture
Rural,Nandi,20.0,Man,Some university,Unemployed (Not looking),Student,Going in the right direction,Fairly good,Approve,Somewhat,Increased somewhat,Fairly well,Fairly well,A few times a week,A few times a week,Never,Every day,Every day,I did not vote,United Democratic Alliance (UDA),Bachelors Degree,Student
Rural,Nandi,26.0,Woman,Intermediate school or Some secondary school / high school,Unemployed (Actively looking),Agriculture / farming / fishing / forestry,Going in the wrong direction,Fairly good,Approve,Somewhat,Decreased somewhat,Fairly well,Fairly badly,Every day,Never,Never,A few times a month,Less than once a month,I voted in the election,United Democratic Alliance (UDA),Secondary School,Agriculture
Rural,Nandi,52.0,Woman,Secondary school / high school completed,Unemployed (Not looking),"Mid-level professional (e.g., teacher, nurse, mid-level government officer)",Going in the right direction,Fairly good,Strongly approve,Somewhat,Decreased somewhat,Very badly,Very badly,A few times a week,A few times a week,Never,Never,Never,I voted in the election,United Democratic Alliance (UDA),Secondary School,Professional
Rural,Nandi,55.0,Woman,Primary school completed,Unemployed (Actively looking),Agriculture / farming / fishing / forestry,Going in the right direction,Neither good nor bad,Approve,A lot,Decreased somewhat,Fairly well,Fairly badly,A few times a week,Never,Never,Never,Never,I voted in the election,United Democratic Alliance (UDA),Primary School,Agriculture
Rural,Tharaka Nithi,31.0,Woman,Secondary school / high school completed,Unemployed (Actively looking),Housewife / homemaker,Going in the wrong direction,Fairly bad,Approve,Not at all,Stayed the same,Fairly well,Fairly well,A few times a week,A few times a week,Never,Never,Never,I did not vote,United Democratic Alliance (UDA),Secondary School,Housewife
Rural,Tharaka Nithi,45.0,Woman,Intermediate school or Some secondary school / high school,Unemployed (Actively looking),Agriculture / farming / fishing / forestry,Going in the wrong direction,Very bad,Strongly disapprove,Not at all,Increased somewhat,Very badly,Very badly,Every day,Every day,Never,Every day,Every day,I voted in the election,Orange Democratic Movement (ODM),Secondary School,Agriculture
Rural,Bungoma,29.0,Woman,Primary school completed,Employed (Full-time),Trader / hawker / vendor,Going in the right direction,Neither good nor bad,Disapprove,A lot,Increased somewhat,Fairly badly,Undecided/No Response,Every day,Never,Never,Never,Never,I voted in the election,United Democratic Alliance (UDA),Primary School,Trader
Rural,Bungoma,32.0,Woman,Primary school completed,Unemployed (Not looking),Housewife / homemaker,Going in the wrong direction,Fairly bad,Approve,Somewhat,Increased a lot,Fairly badly,Fairly well,Every day,Never,Never,Never,Never,I did not vote,Would not vote,Primary School,Housewife
Rural,Bungoma,53.0,Man,"Post-secondary qualifications, other than university e.g. a diploma or degree from a polytechnic or college",Employed (Full-time),Trader / hawker / vendor,Going in the wrong direction,Fairly good,Approve,Somewhat,Stayed the same,Fairly badly,Fairly well,Every day,Every day,Never,Every day,Every day,I voted in the election,United Democratic Alliance (UDA),Certificate/Diploma,Trader
Rural,Tharaka Nithi,60.0,Woman,Some primary schooling,Unemployed (Not looking),Agriculture / farming / fishing / forestry,Going in the wrong direction,Very bad,Disapprove,Just a little,Stayed the same,Fairly badly,Very badly,Every day,A few times a month,Never,Never,Never,I voted in the election,United Democratic Alliance (UDA),Primary School,Agriculture
Rural,Tharaka Nithi,52.0,Woman,Secondary school / high school completed,Employed (Part-time),Agriculture / farming / fishing / forestry,Going in the wrong direction,Fairly bad,Strongly disapprove,Just a little,Increased a lot,Fairly badly,Fairly badly,A few times a week,Never,Never,Never,Never,I voted in the election,Undecided/No Response,Secondary School,Agriculture
Rural,Bungoma,44.0,Man,Secondary school / high school completed,Employed (Part-time),"Unskilled manual worker (e.g., cleaner, laborer, domestic help, unskilled manufacturing worker)",Going in the wrong direction,Fairly bad,Strongly disapprove,Not at all,Increased a lot,Fairly badly,Fairly badly,Every day,Every day,Never,A few times a week,A few times a week,I voted in the election,Orange Democratic Movement (ODM),Secondary School,Skilled/Unskilled Labor
Rural,Taita Taveta,58.0,Woman,Some primary schooling,Unemployed (Not looking),Housewife / homemaker,Going in the wrong direction,Very bad,Approve,Somewhat,Decreased somewhat,Very badly,Very badly,A few times a week,Never,Never,A few times a week,Never,I voted in the election,United Democratic Alliance (UDA),Primary School,Housewife
Urban,Murang’a,38.0,Man,"Post-secondary qualifications, other than university e.g. a diploma or degree from a polytechnic or college",Employed (Part-time),"Artisan or skilled manual worker (e.g., trades like electrician, mechanic, machinist or skilled manufacturing worker)",Going in the right direction,Very bad,Strongly disapprove,Just a little,Stayed the same,Fairly badly,Very badly,Every day,Every day,A few times a month,Every day,Every day,I voted in the election,Orange Democratic Movement (ODM),Certificate/Diploma,Skilled/Unskilled Labor
Rural,Taita Taveta,46.0,Woman,Primary school completed,Unemployed (Actively looking),Agriculture / farming / fishing / forestry,Going in the wrong direction,Fairly good,Disapprove,Somewhat,Increased somewhat,Fairly badly,Fairly badly,A few times a week,A few times a month,A few times a week,A few times a month,A few times a week,I voted in the election,Undecided/No Response,Primary School,Agriculture
Rural,Taita Taveta,30.0,Woman,"Post-secondary qualifications, other than university e.g. a diploma or degree from a polytechnic or college",Unemployed (Actively looking),Agriculture / farming / fishing / forestry,Going in the wrong direction,Very bad,Approve,A lot,Decreased somewhat,Very badly,Very badly,Every day,Never,Never,Never,Never,I voted in the election,United Democratic Alliance (UDA),Certificate/Diploma,Agriculture
Rural,Tharaka Nithi,48.0,Man,Secondary school / high school completed,Unemployed (Not looking),Agriculture / farming / fishing / forestry,Going in the right direction,Fairly good,Approve,Just a little,Decreased a lot,Fairly well,Fairly well,Every day,Never,Never,Never,Never,I voted in the election,United Democratic Alliance (UDA),Secondary School,Agriculture
Urban,Murang’a,28.0,Woman,Secondary school / high school completed,Employed (Full-time),Trader / hawker / vendor,Going in the right direction,Neither good nor bad,Approve,Not at all,Increased a lot,Fairly well,Fairly badly,Every day,Every day,Never,Every day,Every day,I voted in the election,United Democratic Alliance (UDA),Secondary School,Trader
Urban,Murang’a,50.0,Woman,Intermediate school or Some secondary school / high school,Unemployed (Not looking),Trader / hawker / vendor,Going in the right direction,Fairly bad,Disapprove,Not at all,Increased a lot,Very badly,Fairly badly,Every day,Every day,Never,Less than once a month,Less than once a month,I did not vote,Would not vote,Secondary School,Trader
Rural,Kisii,40.0,Woman,Secondary school / high school completed,Unemployed (Actively looking),Housewife / homemaker,Going in the wrong direction,Very bad,Strongly disapprove,Just a little,Increased somewhat,Very badly,Fairly well,Never,Never,Never,Never,Never,I did not vote,Would not vote,Secondary School,Housewife
Urban,Murang’a,19.0,Man,Some university,Unemployed (Actively looking),Student,Going in the right direction,Neither good nor bad,Approve,Somewhat,Increased somewhat,Very badly,Very badly,A few times a week,A few times a week,Never,Every day,Every day,I was too young to vote,United Democratic Alliance (UDA),Bachelors Degree,Student
Rural,Kisii,31.0,Woman,Primary school completed,Employed (Full-time),Agriculture / farming / fishing / forestry,Going in the right direction,Fairly good,Strongly approve,Just a little,Increased somewhat,Fairly well,Fairly well,Every day,Every day,Never,Never,Never,I voted in the election,United Democratic Alliance (UDA),Primary School,Agriculture
Rural,Kisii,56.0,Woman,Secondary school / high school completed,Unemployed (Not looking),Agriculture / farming / fishing / forestry,Going in the right direction,Very bad,Strongly disapprove,Somewhat,Increased a lot,Very badly,Very badly,Every day,Never,Never,Every day,Every day,I voted in the election,Undecided/No Response,Secondary School,Agriculture
Rural,Tharaka Nithi,82.0,Man,Some primary schooling,Employed (Part-time),Trader / hawker / vendor,Going in the right direction,Very bad,Disapprove,A lot,Increased a lot,Very badly,Very badly,Every day,Never,Never,Never,Never,I voted in the election,United Democratic Alliance (UDA),Primary School,Trader
Rural,Kisii,54.0,Woman,Some primary schooling,Unemployed (Actively looking),Agriculture / farming / fishing / forestry,Going in the wrong direction,Fairly bad,Strongly approve,A lot,Increased a lot,Fairly well,Fairly well,Every day,Never,Never,Never,Never,I voted in the election,United Democratic Alliance (UDA),Primary School,Agriculture
Rural,Taita Taveta,65.0,Woman,"Post-secondary qualifications, other than university e.g. a diploma or degree from a polytechnic or college",Unemployed (Not looking),Agriculture / farming / fishing / forestry,Going in the right direction,Fairly good,Approve,A lot,Decreased a lot,Fairly badly,Fairly well,Every day,Never,Never,Never,Never,I voted in the election,United Democratic Alliance (UDA),Certificate/Diploma,Agriculture
Rural,Bungoma,40.0,Man,Secondary school / high school completed,Unemployed (Actively looking),Agriculture / farming / fishing / forestry,Going in the right direction,Fairly good,Approve,Somewhat,Decreased somewhat,Fairly well,Very well,Every day,Less than once a month,Less than once a month,Every day,Less than once a month,I voted in the election,United Democratic Alliance (UDA),Secondary School,Agriculture
Rural,Narok,29.0,Man,"Post-secondary qualifications, other than university e.g. a diploma or degree from a polytechnic or college",Employed (Full-time),"Mid-level professional (e.g., teacher, nurse, mid-level government officer)",Going in the right direction,Very bad,Approve,Somewhat,Increased somewhat,Fairly well,Very badly,Every day,Less than once a month,A few times a month,Every day,Less than once a month,I voted in the election,Orange Democratic Movement (ODM),Certificate/Diploma,Professional
Rural,Narok,20.0,Woman,"Post-secondary qualifications, other than university e.g. a diploma or degree from a polytechnic or college",Employed (Full-time),"Mid-level professional (e.g., teacher, nurse, mid-level government officer)",Going in the right direction,Fairly good,Approve,Somewhat,Increased somewhat,Fairly well,Fairly badly,A few times a week,Every day,Never,Every day,Every day,I did not vote,Would not vote,Certificate/Diploma,Professional
Rural,Tharaka Nithi,27.0,Man,Secondary school / high school completed,Employed (Full-time),"Artisan or skilled manual worker (e.g., trades like electrician, mechanic, machinist or skilled manufacturing worker)",Going in the wrong direction,Fairly bad,Strongly disapprove,Not at all,Increased a lot,Very badly,Very badly,Every day,Every day,Never,Every day,Every day,I voted in the election,Orange Democratic Movement (ODM),Secondary School,Skilled/Unskilled Labor
Rural,Narok,34.0,Woman,Secondary school / high school completed,Employed (Part-time),Trader / hawker / vendor,Going in the wrong direction,Fairly bad,Approve,Somewhat,Increased a lot,Very badly,Very badly,Every day,Never,Never,Never,Never,I did not vote,United Democratic Alliance (UDA),Secondary School,Trader
Rural,Bungoma,42.0,Woman,Secondary school / high school completed,Unemployed (Not looking),Agriculture / farming / fishing / forestry,Going in the right direction,Fairly good,Strongly approve,Just a little,Stayed the same,Fairly well,Fairly badly,Every day,Every day,A few times a month,A few times a week,A few times a week,I voted in the election,United Democratic Alliance (UDA),Secondary School,Agriculture
Rural,Narok,23.0,Man,No formal schooling,Employed (Full-time),"Unskilled manual worker (e.g., cleaner, laborer, domestic help, unskilled manufacturing worker)",Going in the wrong direction,Fairly bad,Approve,Somewhat,Increased a lot,Very badly,Very badly,Every day,A few times a month,Never,A few times a week,A few times a month,I did not vote,United Democratic Alliance (UDA),Informal Schooling,Skilled/Unskilled Labor
Rural,Tharaka Nithi,52.0,Man,Primary school completed,Employed (Full-time),Agriculture / farming / fishing / forestry,Going in the wrong direction,Very bad,Disapprove,A lot,Decreased somewhat,Fairly badly,Fairly badly,Every day,A few times a week,Never,Never,Never,I voted in the election,Undecided/No Response,Primary School,Agriculture
Rural,Uasin Gishu,38.0,Woman,Secondary school / high school completed,Employed (Full-time),"Artisan or skilled manual worker (e.g., trades like electrician, mechanic, machinist or skilled manufacturing worker)",Going in the right direction,Fairly good,Approve,A lot,Decreased somewhat,Fairly well,Fairly badly,Every day,Every day,Never,Never,Never,I voted in the election,United Democratic Alliance (UDA),Secondary School,Skilled/Unskilled Labor
Rural,Bungoma,35.0,Man,University completed,Unemployed (Actively looking),Supervisor / Foreman / Senior Manager,Going in the wrong direction,Neither good nor bad,Disapprove,Just a little,Increased a lot,Fairly badly,Very badly,Every day,Every day,A few times a week,A few times a week,A few times a week,I voted in the election,Undecided/No Response,Bachelors Degree,Professional
Rural,Uasin Gishu,45.0,Woman,Secondary school / high school completed,Employed (Full-time),"Unskilled manual worker (e.g., cleaner, laborer, domestic help, unskilled manufacturing worker)",Going in the right direction,Fairly bad,Approve,A lot,Decreased somewhat,Fairly well,Fairly badly,Every day,Every day,Never,Never,Never,I voted in the election,United Democratic Alliance (UDA),Secondary School,Skilled/Unskilled Labor
Rural,Uasin Gishu,52.0,Woman,Primary school completed,Unemployed (Actively looking),Trader / hawker / vendor,Going in the right direction,Fairly good,Strongly approve,A lot,Increased somewhat,Fairly well,Fairly well,Every day,Never,Never,Never,Never,I voted in the election,Undecided/No Response,Primary School,Trader
Rural,Uasin Gishu,26.0,Woman,Secondary school / high school completed,Employed (Full-time),"Unskilled manual worker (e.g., cleaner, laborer, domestic help, unskilled manufacturing worker)",Going in the right direction,Fairly good,Strongly approve,Somewhat,Increased a lot,Fairly well,Fairly well,Every day,Every day,Never,Every day,Every day,I voted in the election,United Democratic Alliance (UDA),Secondary School,Skilled/Unskilled Labor
Urban,Nyeri,32.0,Man,University completed,Employed (Full-time),"Mid-level professional (e.g., teacher, nurse, mid-level government officer)",Going in the wrong direction,Fairly good,Approve,Somewhat,Increased somewhat,Fairly well,Very badly,Never,Every day,Less than once a month,Every day,Every day,I did not vote,Would not vote,Bachelors Degree,Professional
Urban,Murang’a,41.0,Man,Secondary school / high school completed,Employed (Full-time),Retail / Shop,Going in the right direction,Fairly good,Strongly approve,Undecided/No Response,Undecided/No Response,Fairly well,Undecided/No Response,Every day,Every day,Never,Every day,Every day,I voted in the election,United Democratic Alliance (UDA),Secondary School,Trader
Rural,Taita Taveta,45.0,Man,Primary school completed,Employed (Full-time),"Unskilled manual worker (e.g., cleaner, laborer, domestic help, unskilled manufacturing worker)",Going in the right direction,Neither good nor bad,Approve,Somewhat,Decreased somewhat,Fairly well,Fairly well,Every day,Every day,Never,Never,Never,I voted in the election,Would not vote,Primary School,Skilled/Unskilled Labor
Rural,Taita Taveta,60.0,Man,"Post-secondary qualifications, other than university e.g. a diploma or degree from a polytechnic or college",Employed (Full-time),Retail / Shop,Going in the wrong direction,Very bad,Strongly disapprove,Somewhat,Increased a lot,Very badly,Very badly,Every day,Every day,Never,Every day,Every day,I voted in the election,Orange Democratic Movement (ODM),Certificate/Diploma,Trader
Urban,Nyeri,58.0,Woman,"Post-secondary qualifications, other than university e.g. a diploma or degree from a polytechnic or college",Employed (Full-time),"Mid-level professional (e.g., teacher, nurse, mid-level government officer)",Going in the right direction,Neither good nor bad,Strongly approve,A lot,Decreased somewhat,Fairly well,Very well,A few times a month,Every day,A few times a week,Every day,Every day,I voted in the election,United Democratic Alliance (UDA),Certificate/Diploma,Professional
Urban,Nyeri,26.0,Woman,University completed,Employed (Part-time),Clerical or secretarial,Going in the wrong direction,Fairly bad,Disapprove,Somewhat,Increased somewhat,Fairly badly,Very badly,Every day,Every day,Never,Every day,Every day,I voted in the election,Would not vote,Bachelors Degree,Professional
Rural,Taita Taveta,68.0,Man,"Post-secondary qualifications, other than university e.g. a diploma or degree from a polytechnic or college",Employed (Part-time),"Unskilled manual worker (e.g., cleaner, laborer, domestic help, unskilled manufacturing worker)",Going in the wrong direction,Neither good nor bad,Disapprove,Somewhat,Stayed the same,Fairly badly,Fairly badly,Every day,Never,Never,Never,Never,I voted in the election,Wiper Democratic Movement (WDM–K),Certificate/Diploma,Skilled/Unskilled Labor
Rural,Bungoma,23.0,Woman,"Post-secondary qualifications, other than university e.g. a diploma or degree from a polytechnic or college",Unemployed (Actively looking),Never had a job,Going in the wrong direction,Fairly bad,Disapprove,A lot,Decreased somewhat,Fairly badly,Fairly badly,Every day,A few times a week,A few times a month,Every day,Every day,I voted in the election,United Democratic Alliance (UDA),Certificate/Diploma,Undecided/No Response
Urban,Murang’a,19.0,Woman,Some university,Unemployed (Not looking),Student,Going in the right direction,Neither good nor bad,Strongly disapprove,Somewhat,Increased somewhat,Fairly well,Very badly,Less than once a month,Every day,Less than once a month,A few times a week,A few times a month,I was too young to vote,United Democratic Alliance (UDA),Bachelors Degree,Student
Urban,Murang’a,36.0,Woman,Secondary school / high school completed,Employed (Part-time),Trader / hawker / vendor,Going in the wrong direction,Very bad,Strongly disapprove,Not at all,Increased a lot,Very badly,Fairly badly,Every day,Every day,A few times a week,Every day,A few times a week,I voted in the election,Orange Democratic Movement (ODM),Secondary School,Trader
Rural,Narok,25.0,Man,Secondary school / high school completed,Employed (Part-time),"Unskilled manual worker (e.g., cleaner, laborer, domestic help, unskilled manufacturing worker)",Going in the wrong direction,Fairly bad,Approve,Somewhat,Increased a lot,Very badly,Very badly,Every day,Never,Never,Never,Never,I voted in the election,Orange Democratic Movement (ODM),Secondary School,Skilled/Unskilled Labor
Rural,Narok,21.0,Woman,Secondary school / high school completed,Unemployed (Actively looking),Student,Going in the wrong direction,Very bad,Strongly disapprove,Not at all,Increased a lot,Very badly,Very badly,Every day,Never,Never,Every day,Every day,I did not vote,Undecided/No Response,Secondary School,Student
Urban,Murang’a,50.0,Man,Secondary school / high school completed,Employed (Full-time),"Artisan or skilled manual worker (e.g., trades like electrician, mechanic, machinist or skilled manufacturing worker)",Going in the right direction,Very bad,Approve,Just a little,Stayed the same,Fairly badly,Very badly,Every day,A few times a week,Never,Never,Never,I voted in the election,United Democratic Alliance (UDA),Secondary School,Skilled/Unskilled Labor
Rural,Narok,53.0,Man,Some primary schooling,Employed (Part-time),Agriculture / farming / fishing / forestry,Going in the wrong direction,Fairly bad,Disapprove,Not at all,Increased a lot,Fairly badly,Very badly,Every day,Never,Never,Never,Never,I voted in the election,Undecided/No Response,Primary School,Agriculture
Rural,Taita Taveta,45.0,Man,University completed,Employed (Full-time),"Mid-level professional (e.g., teacher, nurse, mid-level government officer)",Going in the wrong direction,Very bad,Undecided/No Response,Undecided/No Response,Increased a lot,Very badly,Fairly badly,Every day,Every day,A few times a month,Every day,Every day,I voted in the election,Undecided/No Response,Bachelors Degree,Professional
Rural,Narok,28.0,Woman,Some primary schooling,Unemployed (Actively looking),Trader / hawker / vendor,Going in the wrong direction,Very bad,Disapprove,Just a little,Increased a lot,Very badly,Very badly,Every day,Never,Never,Never,Never,I voted in the election,Orange Democratic Movement (ODM),Primary School,Trader
Rural,Uasin Gishu,30.0,Man,Intermediate school or Some secondary school / high school,Employed (Full-time),"Unskilled manual worker (e.g., cleaner, laborer, domestic help, unskilled manufacturing worker)",Going in the right direction,Fairly good,Approve,Just a little,Decreased somewhat,Fairly well,Fairly badly,Every day,Every day,Less than once a month,A few times a week,Less than once a month,I voted in the election,United Democratic Alliance (UDA),Secondary School,Skilled/Unskilled Labor
Urban,Nyeri,63.0,Man,Secondary school / high school completed,Employed (Full-time),Retail / Shop,Going in the right direction,Fairly good,Strongly approve,A lot,Stayed the same,Fairly badly,Fairly badly,Never,Never,A few times a month,Every day,Never,I voted in the election,United Democratic Alliance (UDA),Secondary School,Trader
Rural,Uasin Gishu,27.0,Man,Secondary school / high school completed,Employed (Full-time),Agriculture / farming / fishing / forestry,Going in the right direction,Fairly good,Strongly approve,A lot,Decreased somewhat,Fairly well,Fairly well,Every day,Every day,Never,Every day,Every day,I voted in the election,United Democratic Alliance (UDA),Secondary School,Agriculture
Rural,Uasin Gishu,20.0,Man,Secondary school / high school completed,Unemployed (Not looking),Student,Going in the right direction,Fairly good,Approve,Somewhat,Decreased a lot,Fairly well,Fairly well,Every day,Never,Never,A few times a week,Never,I did not vote,United Democratic Alliance (UDA),Secondary School,Student
Urban,Nyeri,24.0,Woman,University completed,Employed (Full-time),"Mid-level professional (e.g., teacher, nurse, mid-level government officer)",Going in the wrong direction,Fairly bad,Disapprove,Just a little,Stayed the same,Fairly well,Very badly,Never,Every day,A few times a month,Every day,A few times a week,I did not vote,Would not vote,Bachelors Degree,Professional
Rural,Uasin Gishu,56.0,Man,Secondary school / high school completed,Employed (Full-time),"Mid-level professional (e.g., teacher, nurse, mid-level government officer)",Going in the right direction,Fairly good,Strongly approve,Somewhat,Decreased somewhat,Fairly well,Fairly well,Every day,Every day,A few times a week,Every day,Less than once a month,I voted in the election,United Democratic Alliance (UDA),Secondary School,Professional
Urban,Nyeri,27.0,Man,"Post-secondary qualifications, other than university e.g. a diploma or degree from a polytechnic or college",Employed (Full-time),Retail / Shop,Going in the wrong direction,Fairly bad,Disapprove,Not at all,Increased somewhat,Very badly,Very badly,A few times a month,Every day,Never,Every day,Every day,I voted in the election,Jubilee Alliance Party (JAP),Certificate/Diploma,Trader
Urban,Nyeri,20.0,Man,Some university,Unemployed (Not looking),Student,Going in the wrong direction,Fairly good,Approve,Not at all,Increased a lot,Fairly badly,Fairly badly,Every day,Every day,Less than once a month,Every day,Every day,I voted in the election,Orange Democratic Movement (ODM),Bachelors Degree,Student
Urban,Nyeri,23.0,Woman,Secondary school / high school completed,Unemployed (Not looking),Student,Going in the right direction,Fairly good,Approve,Not at all,Stayed the same,Very badly,Very badly,Never,Never,Never,Every day,Never,I voted in the election,Would not vote,Secondary School,Student
Urban,Taita Taveta,32.0,Man,"Post-secondary qualifications, other than university e.g. a diploma or degree from a polytechnic or college",Employed (Full-time),"Security services (police, army, private security)",Going in the wrong direction,Very bad,Disapprove,Just a little,Stayed the same,Fairly badly,Fairly badly,Every day,A few times a month,A few times a week,A few times a month,A few times a week,I voted in the election,Amani National Congress,Certificate/Diploma,Security Services
Urban,Taita Taveta,29.0,Man,"Post-secondary qualifications, other than university e.g. a diploma or degree from a polytechnic or college",Employed (Full-time),"Unskilled manual worker (e.g., cleaner, laborer, domestic help, unskilled manufacturing worker)",Going in the wrong direction,Neither good nor bad,Approve,Just a little,Decreased somewhat,Fairly well,Fairly badly,A few times a month,A few times a month,Less than once a month,Every day,Every day,I voted in the election,Would not vote,Certificate/Diploma,Skilled/Unskilled Labor
Urban,Taita Taveta,25.0,Woman,Primary school completed,Employed (Full-time),"Unskilled manual worker (e.g., cleaner, laborer, domestic help, unskilled manufacturing worker)",Going in the wrong direction,Very bad,Disapprove,Just a little,Increased somewhat,Fairly badly,Fairly badly,A few times a month,Every day,Never,Less than once a month,Less than once a month,I voted in the election,Would not vote,Primary School,Skilled/Unskilled Labor
Rural,Kisii,31.0,Man,"Post-secondary qualifications, other than university e.g. a diploma or degree from a polytechnic or college",Employed (Full-time),"Mid-level professional (e.g., teacher, nurse, mid-level government officer)",Going in the right direction,Fairly good,Strongly approve,A lot,Decreased a lot,Fairly well,Very badly,Every day,Every day,A few times a week,Every day,Every day,I voted in the election,United Democratic Alliance (UDA),Certificate/Diploma,Professional
Rural,Kisii,26.0,Man,"Post-secondary qualifications, other than university e.g. a diploma or degree from a polytechnic or college",Employed (Full-time),"Unskilled manual worker (e.g., cleaner, laborer, domestic help, unskilled manufacturing worker)",Going in the wrong direction,Very bad,Approve,A lot,Increased a lot,Fairly well,Fairly well,A few times a week,Every day,A few times a week,Every day,Every day,I voted in the election,Undecided/No Response,Certificate/Diploma,Skilled/Unskilled Labor
Rural,Kisii,20.0,Man,Intermediate school or Some secondary school / high school,Unemployed (Not looking),Student,Going in the wrong direction,Fairly good,Strongly approve,Just a little,Increased somewhat,Fairly badly,Fairly well,A few times a week,A few times a week,Never,Never,Never,I did not vote,United Democratic Alliance (UDA),Secondary School,Student
Rural,Nandi,30.0,Woman,Intermediate school or Some secondary school / high school,Unemployed (Actively looking),Agriculture / farming / fishing / forestry,Going in the right direction,Neither good nor bad,Disapprove,A lot,Increased a lot,Very badly,Very badly,Every day,Every day,Never,Never,Never,I voted in the election,United Democratic Alliance (UDA),Secondary School,Agriculture
Rural,Nandi,61.0,Man,Intermediate school or Some secondary school / high school,Unemployed (Not looking),Agriculture / farming / fishing / forestry,Going in the right direction,Fairly good,Approve,Somewhat,Stayed the same,Fairly well,Fairly badly,Every day,Every day,Never,A few times a month,A few times a month,I voted in the election,United Democratic Alliance (UDA),Secondary School,Agriculture
Rural,Nandi,31.0,Man,Intermediate school or Some secondary school / high school,Unemployed (Actively looking),Trader / hawker / vendor,Going in the right direction,Fairly good,Approve,Somewhat,Decreased somewhat,Very badly,Very badly,Every day,Every day,Never,Every day,A few times a week,I voted in the election,United Democratic Alliance (UDA),Secondary School,Trader
Rural,Nandi,41.0,Woman,"Post-secondary qualifications, other than university e.g. a diploma or degree from a polytechnic or college",Unemployed (Actively looking),"Unskilled manual worker (e.g., cleaner, laborer, domestic help, unskilled manufacturing worker)",Going in the right direction,Fairly good,Approve,A lot,Decreased somewhat,Fairly well,Fairly well,Every day,A few times a week,Never,A few times a week,Less than once a month,I voted in the election,United Democratic Alliance (UDA),Certificate/Diploma,Skilled/Unskilled Labor
Rural,Kisumu,38.0,Woman,Secondary school / high school completed,Unemployed (Not looking),"Unskilled manual worker (e.g., cleaner, laborer, domestic help, unskilled manufacturing worker)",Going in the wrong direction,Fairly bad,Disapprove,Somewhat,Increased somewhat,Fairly well,Fairly well,Every day,Never,Never,Never,Never,I voted in the election,Orange Democratic Movement (ODM),Secondary School,Skilled/Unskilled Labor
Rural,Tharaka Nithi,25.0,Woman,"Post-secondary qualifications, other than university e.g. a diploma or degree from a polytechnic or college",Unemployed (Actively looking),Agriculture / farming / fishing / forestry,Going in the wrong direction,Neither good nor bad,Approve,Just a little,Increased somewhat,Fairly badly,Fairly badly,Every day,Every day,Never,Every day,Every day,I did not vote,United Democratic Alliance (UDA),Certificate/Diploma,Agriculture
Rural,Kisii,51.0,Man,University completed,Employed (Full-time),"Mid-level professional (e.g., teacher, nurse, mid-level government officer)",Going in the right direction,Fairly good,Approve,Somewhat,Increased somewhat,Fairly well,Very badly,Every day,A few times a week,Never,Every day,Every day,I voted in the election,United Democratic Alliance (UDA),Bachelors Degree,Professional
Rural,Kisumu,31.0,Woman,Primary school completed,Employed (Full-time),Trader / hawker / vendor,Going in the wrong direction,Very bad,Strongly disapprove,Not at all,Stayed the same,Very badly,Very badly,Never,Every day,Never,Every day,Every day,I voted in the election,Other,Primary School,Trader
Rural,Tharaka Nithi,29.0,Woman,Primary school completed,Unemployed (Not looking),Agriculture / farming / fishing / forestry,Going in the wrong direction,Fairly good,Strongly approve,A lot,Decreased somewhat,Fairly well,Fairly well,Every day,A few times a week,Never,Never,Never,I voted in the election,United Democratic Alliance (UDA),Primary School,Agriculture
Rural,Tharaka Nithi,34.0,Woman,Secondary school / high school completed,Unemployed (Actively looking),Agriculture / farming / fishing / forestry,Going in the right direction,Very good,Approve,Somewhat,Increased a lot,Very badly,Very badly,A few times a week,Never,Never,Never,Never,I voted in the election,Would not vote,Secondary School,Agriculture
Urban,Taita Taveta,43.0,Man,Primary school completed,Unemployed (Actively looking),"Unskilled manual worker (e.g., cleaner, laborer, domestic help, unskilled manufacturing worker)",Going in the right direction,Very bad,Approve,Somewhat,Stayed the same,Fairly well,Fairly badly,Every day,Never,Never,Never,Never,I voted in the election,Orange Democratic Movement (ODM),Primary School,Skilled/Unskilled Labor
Rural,Kisumu,35.0,Woman,Primary school completed,Unemployed (Not looking),Trader / hawker / vendor,Going in the wrong direction,Very bad,Strongly disapprove,Not at all,Increased a lot,Very badly,Very badly,A few times a week,A few times a week,Never,Never,Never,I voted in the election,Orange Democratic Movement (ODM),Primary School,Trader
Urban,Taita Taveta,19.0,Woman,Primary school completed,Unemployed (Actively looking),Housewife / homemaker,Going in the wrong direction,Fairly bad,Strongly disapprove,Just a little,Increased a lot,Fairly badly,Fairly badly,Every day,Never,Less than once a month,A few times a month,A few times a week,I voted in the election,Undecided/No Response,Primary School,Housewife
Rural,Murang’a,45.0,Man,Secondary school / high school completed,Employed (Full-time),Agriculture / farming / fishing / forestry,Going in the wrong direction,Very bad,Strongly disapprove,Not at all,Increased somewhat,Very badly,Very badly,Every day,Never,A few times a week,Every day,Less than once a month,I did not vote,Undecided/No Response,Secondary School,Agriculture
Rural,Tharaka Nithi,30.0,Man,Secondary school / high school completed,Unemployed (Actively looking),Agriculture / farming / fishing / forestry,Going in the wrong direction,Very bad,Approve,A lot,Increased a lot,Fairly badly,Very badly,Every day,A few times a month,Never,Every day,Every day,I voted in the election,United Democratic Alliance (UDA),Secondary School,Agriculture
Rural,Murang’a,21.0,Woman,"Post-secondary qualifications, other than university e.g. a diploma or degree from a polytechnic or college",Unemployed (Actively looking),Student,Going in the wrong direction,Neither good nor bad,Strongly approve,A lot,Increased somewhat,Very badly,Fairly badly,A few times a week,Every day,Never,Every day,Every day,I did not vote,Jubilee Alliance Party (JAP),Certificate/Diploma,Student
Urban,Taita Taveta,36.0,Man,University completed,Unemployed (Actively looking),"Mid-level professional (e.g., teacher, nurse, mid-level government officer)",Going in the wrong direction,Very bad,Approve,Just a little,Increased somewhat,Very badly,Very badly,Every day,Every day,Never,Every day,Every day,I voted in the election,Orange Democratic Movement (ODM),Bachelors Degree,Professional
Rural,Murang’a,70.0,Woman,No formal schooling,Employed (Full-time),Agriculture / farming / fishing / forestry,Going in the right direction,Fairly good,Approve,A lot,Stayed the same,Fairly badly,Fairly well,Every day,Never,Never,Never,Never,I voted in the election,Undecided/No Response,Informal Schooling,Agriculture
Urban,Taita Taveta,46.0,Woman,"Post-secondary qualifications, other than university e.g. a diploma or degree from a polytechnic or college",Employed (Full-time),Retail / Shop,Going in the wrong direction,Fairly good,Disapprove,Not at all,Stayed the same,Fairly well,Fairly badly,A few times a month,Every day,Never,Every day,Every day,I voted in the election,Orange Democratic Movement (ODM),Certificate/Diploma,Trader
Rural,Murang’a,38.0,Man,Secondary school / high school completed,Employed (Part-time),Agriculture / farming / fishing / forestry,Going in the wrong direction,Very bad,Strongly disapprove,Somewhat,Increased a lot,Very badly,Very badly,A few times a week,A few times a week,A few times a week,A few times a month,A few times a month,I voted in the election,Jubilee Alliance Party (JAP),Secondary School,Agriculture
Rural,Nyeri,50.0,Man,Secondary school / high school completed,Employed (Full-time),Retail / Shop,Going in the right direction,Fairly bad,Approve,Just a little,Stayed the same,Fairly badly,Very badly,Never,Every day,A few times a month,Every day,Never,I voted in the election,United Democratic Alliance (UDA),Secondary School,Trader
Rural,Nyeri,18.0,Man,Intermediate school or Some secondary school / high school,Unemployed (Not looking),Student,Going in the wrong direction,Very bad,Strongly disapprove,Just a little,Increased somewhat,Very badly,Very badly,A few times a week,Every day,Less than once a month,A few times a week,A few times a month,I was too young to vote,Would not vote,Secondary School,Student
Rural,Nyeri,30.0,Woman,Some primary schooling,Employed (Part-time),Trader / hawker / vendor,Going in the wrong direction,Fairly good,Strongly disapprove,Not at all,Stayed the same,Fairly badly,Very badly,Every day,A few times a week,Never,Never,Never,I voted in the election,Wiper Democratic Movement (WDM–K),Primary School,Trader
Rural,Nyeri,40.0,Woman,Secondary school / high school completed,Employed (Full-time),Retail / Shop,Going in the wrong direction,Fairly bad,Disapprove,Not at all,Increased a lot,Fairly badly,Fairly badly,A few times a week,Every day,Never,A few times a week,A few times a week,I voted in the election,NARC – Kenya,Secondary School,Trader
Rural,Kisumu,22.0,Man,"Post-secondary qualifications, other than university e.g. a diploma or degree from a polytechnic or college",Unemployed (Actively looking),Student,Going in the right direction,Neither good nor bad,Strongly approve,A lot,Decreased somewhat,Fairly well,Very well,Every day,Every day,A few times a month,Never,Never,I voted in the election,United Democratic Alliance (UDA),Certificate/Diploma,Student
Rural,Nandi,63.0,Woman,Informal schooling only (including Koranic schooling),Unemployed (Not looking),Agriculture / farming / fishing / forestry,Going in the right direction,Fairly good,Approve,Somewhat,Stayed the same,Fairly well,Fairly badly,Every day,Less than once a month,Never,Never,Never,I voted in the election,United Democratic Alliance (UDA),Informal Schooling,Agriculture
Rural,Nandi,21.0,Woman,Intermediate school or Some secondary school / high school,Employed (Part-time),Trader / hawker / vendor,Going in the right direction,Fairly bad,Approve,Just a little,Increased somewhat,Fairly badly,Fairly badly,Every day,Never,Never,Every day,Every day,I did not vote,United Democratic Alliance (UDA),Secondary School,Trader
Rural,Uasin Gishu,57.0,Woman,"Post-secondary qualifications, other than university e.g. a diploma or degree from a polytechnic or college",Employed (Full-time),"Security services (police, army, private security)",Going in the wrong direction,Very bad,Strongly disapprove,Just a little,Increased somewhat,Very badly,Very badly,Every day,Every day,A few times a week,Every day,Every day,I voted in the election,Undecided/No Response,Certificate/Diploma,Security Services
Rural,Nandi,20.0,Man,Secondary school / high school completed,Unemployed (Actively looking),"Unskilled manual worker (e.g., cleaner, laborer, domestic help, unskilled manufacturing worker)",Going in the right direction,Neither good nor bad,Approve,Not at all,Decreased somewhat,Fairly well,Fairly badly,Every day,Every day,Less than once a month,Every day,A few times a week,I voted in the election,United Democratic Alliance (UDA),Secondary School,Skilled/Unskilled Labor
Rural,Kisumu,18.0,Man,Secondary school / high school completed,Unemployed (Actively looking),Student,Going in the right direction,Fairly good,Approve,Not at all,Increased somewhat,Fairly well,Very badly,A few times a week,Every day,Never,Every day,Every day,I did not vote,Other,Secondary School,Student
Rural,Uasin Gishu,24.0,Man,Secondary school / high school completed,Unemployed (Actively looking),Agriculture / farming / fishing / forestry,Going in the right direction,Fairly bad,Strongly approve,A lot,Decreased somewhat,Very well,Very well,A few times a week,A few times a week,Never,Every day,A few times a week,I did not vote,United Democratic Alliance (UDA),Secondary School,Agriculture
Rural,Tharaka Nithi,28.0,Man,"Post-secondary qualifications, other than university e.g. a diploma or degree from a polytechnic or college",Employed (Full-time),"Artisan or skilled manual worker (e.g., trades like electrician, mechanic, machinist or skilled manufacturing worker)",Going in the right direction,Fairly good,Approve,Just a little,Increased somewhat,Fairly badly,Fairly badly,Every day,Every day,A few times a month,Every day,Every day,I voted in the election,Undecided/No Response,Certificate/Diploma,Skilled/Unskilled Labor
Rural,Uasin Gishu,20.0,Woman,Secondary school / high school completed,Unemployed (Not looking),Student,Going in the wrong direction,Neither good nor bad,Approve,A lot,Increased somewhat,Fairly badly,Fairly badly,Every day,Never,Never,Never,Never,I was too young to vote,United Democratic Alliance (UDA),Secondary School,Student
Rural,Nandi,19.0,Man,Intermediate school or Some secondary school / high school,Employed (Part-time),Agriculture / farming / fishing / forestry,Going in the right direction,Fairly good,Strongly approve,A lot,Decreased somewhat,Fairly well,Fairly well,Every day,A few times a week,Less than once a month,Every day,Every day,I voted in the election,United Democratic Alliance (UDA),Secondary School,Agriculture
Rural,Uasin Gishu,18.0,Man,Secondary school / high school completed,Unemployed (Actively looking),Student,Going in the right direction,Fairly bad,Strongly approve,A lot,Decreased somewhat,Very badly,Fairly badly,A few times a week,A few times a week,Never,A few times a week,A few times a week,I did not vote,United Democratic Alliance (UDA),Secondary School,Student
Rural,Kilifi,36.0,Man,Primary school completed,Unemployed (Actively looking),"Artisan or skilled manual worker (e.g., trades like electrician, mechanic, machinist or skilled manufacturing worker)",Going in the right direction,Fairly good,Approve,Just a little,Stayed the same,Fairly well,Fairly well,A few times a week,Never,Never,Never,Never,I voted in the election,Other,Primary School,Skilled/Unskilled Labor
Rural,Kilifi,60.0,Man,Primary school completed,Employed (Full-time),"Unskilled manual worker (e.g., cleaner, laborer, domestic help, unskilled manufacturing worker)",Going in the wrong direction,Very bad,Strongly disapprove,Not at all,Increased a lot,Very badly,Fairly well,Every day,Never,Never,Every day,Never,I voted in the election,Orange Democratic Movement (ODM),Primary School,Skilled/Unskilled Labor
Rural,Kisumu,26.0,Man,Secondary school / high school completed,Employed (Part-time),Agriculture / farming / fishing / forestry,Going in the wrong direction,Very bad,Disapprove,Somewhat,Decreased somewhat,Very badly,Very badly,Every day,Every day,Never,Every day,Every day,I voted in the election,United Democratic Alliance (UDA),Secondary School,Agriculture
Rural,Tharaka Nithi,30.0,Man,Secondary school / high school completed,Unemployed (Actively looking),Agriculture / farming / fishing / forestry,Going in the right direction,Fairly bad,Approve,A lot,Decreased somewhat,Fairly well,Fairly well,Every day,Every day,Never,A few times a week,A few times a week,I did not vote,United Democratic Alliance (UDA),Secondary School,Agriculture
Rural,Kilifi,28.0,Woman,Some primary schooling,Unemployed (Not looking),Agriculture / farming / fishing / forestry,Going in the wrong direction,Fairly bad,Approve,Not at all,Increased somewhat,Fairly well,Fairly well,Every day,Every day,Never,A few times a week,A few times a week,I voted in the election,Orange Democratic Movement (ODM),Primary School,Agriculture
Urban,Taita Taveta,35.0,Woman,"Post-secondary qualifications, other than university e.g. a diploma or degree from a polytechnic or college",Employed (Full-time),Retail / Shop,Going in the wrong direction,Very bad,Approve,Somewhat,Increased a lot,Very badly,Very badly,Every day,Every day,Never,Every day,Every day,I voted in the election,Orange Democratic Movement (ODM),Certificate/Diploma,Trader
Rural,Kisumu,28.0,Man,Secondary school / high school completed,Unemployed (Not looking),Agriculture / farming / fishing / forestry,Going in the wrong direction,Very bad,Disapprove,Not at all,Increased a lot,Very badly,Very badly,Every day,Never,Never,Never,Never,I voted in the election,Orange Democratic Movement (ODM),Secondary School,Agriculture
Rural,Kilifi,69.0,Woman,No formal schooling,Unemployed (Not looking),Agriculture / farming / fishing / forestry,Going in the wrong direction,Very bad,Approve,A lot,Increased a lot,Very badly,Very badly,Never,Never,Never,Never,Never,I voted in the election,Undecided/No Response,Informal Schooling,Agriculture
Urban,Bungoma,53.0,Woman,Some primary schooling,Employed (Part-time),Agriculture / farming / fishing / forestry,Going in the wrong direction,Very bad,Approve,Somewhat,Decreased somewhat,Fairly badly,Fairly well,A few times a week,Never,Never,Never,Never,I voted in the election,United Democratic Alliance (UDA),Primary School,Agriculture
Urban,Nairobi,26.0,Woman,University completed,Employed (Part-time),"Upper-level professional (e.g., banker/finance, doctor, lawyer, engineer, accountant, professor, senior-level government",Going in the right direction,Fairly good,Strongly approve,A lot,Stayed the same,Fairly well,Fairly badly,Less than once a month,Every day,A few times a week,Every day,Every day,I did not vote,United Democratic Alliance (UDA),Bachelors Degree,Professional
Urban,Bungoma,19.0,Man,Secondary school / high school completed,Unemployed (Not looking),Student,Going in the wrong direction,Neither good nor bad,Disapprove,Somewhat,Stayed the same,Very badly,Fairly well,Every day,Never,Never,Never,Never,I was too young to vote,United Democratic Alliance (UDA),Secondary School,Student
Rural,Murang’a,56.0,Man,Primary school completed,Employed (Part-time),Agriculture / farming / fishing / forestry,Going in the wrong direction,Very bad,Disapprove,Just a little,Increased a lot,Very badly,Fairly badly,Every day,Never,Never,Never,Never,I voted in the election,Undecided/No Response,Primary School,Agriculture
Urban,Nairobi,22.0,Woman,Secondary school / high school completed,Unemployed (Actively looking),Student,Going in the wrong direction,Very bad,Disapprove,Not at all,Increased somewhat,Fairly badly,Very badly,Less than once a month,A few times a month,Never,Every day,Every day,I was too young to vote,Orange Democratic Movement (ODM),Secondary School,Student
Urban,Nairobi,59.0,Man,"Post-secondary qualifications, other than university e.g. a diploma or degree from a polytechnic or college",Employed (Full-time),"Upper-level professional (e.g., banker/finance, doctor, lawyer, engineer, accountant, professor, senior-level government",Going in the right direction,Very bad,Disapprove,Somewhat,Increased a lot,Fairly well,Fairly badly,A few times a week,Every day,A few times a week,Every day,Every day,I did not vote,Wiper Democratic Movement (WDM–K),Certificate/Diploma,Professional
Rural,Nyeri,29.0,Woman,Secondary school / high school completed,Employed (Full-time),Trader / hawker / vendor,Going in the wrong direction,Fairly good,Disapprove,Just a little,Stayed the same,Very badly,Very badly,A few times a week,Every day,Never,Every day,A few times a week,I voted in the election,United Democratic Alliance (UDA),Secondary School,Trader
Rural,Murang’a,74.0,Man,Secondary school / high school completed,Employed (Full-time),Agriculture / farming / fishing / forestry,Going in the wrong direction,Fairly good,Strongly disapprove,Somewhat,Increased a lot,Very badly,Very badly,Every day,Every day,A few times a week,A few times a week,A few times a week,I voted in the election,Orange Democratic Movement (ODM),Secondary School,Agriculture
Urban,Bungoma,47.0,Woman,"Post-secondary qualifications, other than university e.g. a diploma or degree from a polytechnic or college",Employed (Full-time),"Mid-level professional (e.g., teacher, nurse, mid-level government officer)",Going in the right direction,Neither good nor bad,Approve,Just a little,Stayed the same,Fairly well,Fairly badly,Less than once a month,Every day,Never,Every day,Every day,I voted in the election,Orange Democratic Movement (ODM),Certificate/Diploma,Professional
Rural,Murang’a,21.0,Woman,Secondary school / high school completed,Unemployed (Actively looking),Trader / hawker / vendor,Going in the right direction,Neither good nor bad,Disapprove,Somewhat,Increased a lot,Very badly,Very badly,Every day,Every day,Less than once a month,Every day,A few times a week,I did not vote,United Democratic Alliance (UDA),Secondary School,Trader
Urban,Nairobi,23.0,Man,University completed,Unemployed (Actively looking),Student,Going in the right direction,Fairly good,Approve,Somewhat,Increased a lot,Fairly well,Very badly,Never,Never,A few times a week,Every day,Never,I voted in the election,United Democratic Alliance (UDA),Bachelors Degree,Student
Rural,Nyeri,25.0,Woman,University completed,Unemployed (Actively looking),Clerical or secretarial,Going in the right direction,Fairly bad,Approve,Somewhat,Stayed the same,Fairly well,Very badly,Never,Every day,Never,Every day,A few times a week,I did not vote,United Democratic Alliance (UDA),Bachelors Degree,Professional
Rural,Tharaka Nithi,25.0,Man,Primary school completed,Unemployed (Actively looking),"Unskilled manual worker (e.g., cleaner, laborer, domestic help, unskilled manufacturing worker)",Going in the wrong direction,Very bad,Disapprove,Just a little,Decreased somewhat,Very well,Fairly badly,Every day,Every day,A few times a week,A few times a week,A few times a week,I voted in the election,Undecided/No Response,Primary School,Skilled/Unskilled Labor
Urban,Bungoma,68.0,Man,Some primary schooling,Unemployed (Not looking),Agriculture / farming / fishing / forestry,Going in the right direction,Fairly bad,Approve,A lot,Decreased a lot,Fairly well,Fairly well,Every day,Never,Never,Never,Never,I voted in the election,United Democratic Alliance (UDA),Primary School,Agriculture
Rural,Nyeri,70.0,Man,"Post-secondary qualifications, other than university e.g. a diploma or degree from a polytechnic or college",Employed (Full-time),Agriculture / farming / fishing / forestry,Going in the right direction,Fairly bad,Strongly approve,A lot,Decreased somewhat,Fairly well,Very well,Never,Every day,Never,A few times a week,Never,I voted in the election,United Democratic Alliance (UDA),Certificate/Diploma,Agriculture
Rural,Kisumu,26.0,Woman,Secondary school / high school completed,Unemployed (Actively looking),Trader / hawker / vendor,Going in the wrong direction,Very bad,Strongly disapprove,Not at all,Increased a lot,Fairly well,Undecided/No Response,Every day,Every day,A few times a week,A few times a week,A few times a month,I voted in the election,Undecided/No Response,Secondary School,Trader
Rural,Murang’a,58.0,Woman,Secondary school / high school completed,Employed (Part-time),Agriculture / farming / fishing / forestry,Going in the right direction,Neither good nor bad,Strongly approve,A lot,Stayed the same,Fairly well,Fairly badly,Every day,Every day,Never,Never,Never,I voted in the election,United Democratic Alliance (UDA),Secondary School,Agriculture
Rural,Kilifi,28.0,Woman,Secondary school / high school completed,Unemployed (Actively looking),Clerical or secretarial,Going in the right direction,Fairly good,Approve,Somewhat,Increased somewhat,Fairly badly,Fairly badly,Every day,Every day,Never,Every day,Never,I did not vote,Undecided/No Response,Secondary School,Professional
Rural,Nyeri,40.0,Man,Secondary school / high school completed,Employed (Full-time),Agriculture / farming / fishing / forestry,Going in the wrong direction,Fairly bad,Disapprove,Just a little,Increased a lot,Fairly badly,Very badly,Every day,A few times a week,Never,Every day,Every day,I voted in the election,Undecided/No Response,Secondary School,Agriculture
Rural,Kilifi,35.0,Man,Primary school completed,Employed (Full-time),"Unskilled manual worker (e.g., cleaner, laborer, domestic help, unskilled manufacturing worker)",Going in the wrong direction,Neither good nor bad,Disapprove,Not at all,Increased a lot,Fairly badly,Very badly,Every day,A few times a week,Never,Every day,Every day,I voted in the election,Orange Democratic Movement (ODM),Primary School,Skilled/Unskilled Labor
Rural,Tharaka Nithi,52.0,Woman,Primary school completed,Unemployed (Not looking),Agriculture / farming / fishing / forestry,Going in the wrong direction,Very bad,Approve,Just a little,Stayed the same,Very badly,Very badly,Every day,Every day,Never,Never,Never,I voted in the election,United Democratic Alliance (UDA),Primary School,Agriculture
Rural,Kisii,34.0,Woman,Primary school completed,Unemployed (Not looking),Trader / hawker / vendor,Going in the right direction,Neither good nor bad,Strongly approve,A lot,Decreased somewhat,Fairly well,Fairly badly,Every day,Every day,Never,Every day,Never,I voted in the election,Orange Democratic Movement (ODM),Primary School,Trader
Rural,Uasin Gishu,42.0,Man,Primary school completed,Unemployed (Not looking),Agriculture / farming / fishing / forestry,Going in the right direction,Fairly bad,Approve,A lot,Decreased somewhat,Fairly well,Very badly,Every day,Never,Never,Never,Never,I voted in the election,United Democratic Alliance (UDA),Primary School,Agriculture
Rural,Kisii,46.0,Woman,Secondary school / high school completed,Unemployed (Not looking),Agriculture / farming / fishing / forestry,Going in the right direction,Fairly good,Approve,A lot,Decreased somewhat,Fairly well,Fairly well,Every day,Every day,Never,Never,Never,I voted in the election,United Democratic Alliance (UDA),Secondary School,Agriculture
Urban,Taita Taveta,26.0,Man,"Post-secondary qualifications, other than university e.g. a diploma or degree from a polytechnic or college",Employed (Part-time),"Unskilled manual worker (e.g., cleaner, laborer, domestic help, unskilled manufacturing worker)",Going in the wrong direction,Very bad,Strongly disapprove,Just a little,Increased a lot,Very badly,Very badly,Never,Every day,Never,Every day,Every day,I voted in the election,Orange Democratic Movement (ODM),Certificate/Diploma,Skilled/Unskilled Labor
Rural,Kisii,38.0,Woman,Some primary schooling,Employed (Part-time),Agriculture / farming / fishing / forestry,Going in the right direction,Fairly bad,Strongly disapprove,Somewhat,Increased a lot,Fairly badly,Fairly badly,Every day,Never,Never,Never,Never,I voted in the election,Orange Democratic Movement (ODM),Primary School,Agriculture
Urban,Taita Taveta,41.0,Man,Primary school completed,Unemployed (Not looking),Agriculture / farming / fishing / forestry,Going in the wrong direction,Fairly bad,Strongly disapprove,Just a little,Increased a lot,Fairly badly,Fairly badly,A few times a week,Never,A few times a month,A few times a week,A few times a month,I voted in the election,Orange Democratic Movement (ODM),Primary School,Agriculture
Rural,Kisii,28.0,Woman,Primary school completed,Unemployed (Actively looking),"Unskilled manual worker (e.g., cleaner, laborer, domestic help, unskilled manufacturing worker)",Going in the wrong direction,Very bad,Strongly disapprove,Not at all,Increased a lot,Very badly,Fairly well,A few times a month,A few times a week,Never,Every day,Every day,I voted in the election,Undecided/No Response,Primary School,Skilled/Unskilled Labor
Urban,Taita Taveta,32.0,Woman,Primary school completed,Unemployed (Actively looking),Trader / hawker / vendor,Going in the wrong direction,Fairly bad,Strongly disapprove,Just a little,Increased somewhat,Fairly badly,Fairly badly,A few times a week,A few times a week,Never,Never,Never,I voted in the election,Orange Democratic Movement (ODM),Primary School,Trader
Rural,Uasin Gishu,19.0,Woman,Secondary school / high school completed,Unemployed (Not looking),Student,Going in the right direction,Fairly good,Strongly approve,A lot,Increased a lot,Fairly well,Fairly well,A few times a week,Every day,Never,Every day,Every day,I did not vote,United Democratic Alliance (UDA),Secondary School,Student
Urban,Nairobi,23.0,Man,Intermediate school or Some secondary school / high school,Employed (Part-time),"Unskilled manual worker (e.g., cleaner, laborer, domestic help, unskilled manufacturing worker)",Going in the right direction,Fairly bad,Approve,Somewhat,Stayed the same,Very badly,Very badly,A few times a month,A few times a week,Less than once a month,Every day,Every day,I voted in the election,Orange Democratic Movement (ODM),Secondary School,Skilled/Unskilled Labor
Urban,Taita Taveta,53.0,Man,"Post-secondary qualifications, other than university e.g. a diploma or degree from a polytechnic or college",Unemployed (Actively looking),Student,Going in the right direction,Fairly bad,Approve,Somewhat,Stayed the same,Fairly well,Fairly well,Never,Every day,Never,Every day,Every day,I voted in the election,Orange Democratic Movement (ODM),Certificate/Diploma,Student
Rural,Kilifi,20.0,Man,Secondary school / high school completed,Unemployed (Not looking),Student,Going in the right direction,Fairly bad,Disapprove,A lot,Increased somewhat,Fairly badly,Fairly well,A few times a week,A few times a week,A few times a month,Every day,Every day,I did not vote,Orange Democratic Movement (ODM),Secondary School,Student
Urban,Bungoma,33.0,Woman,"Post-secondary qualifications, other than university e.g. a diploma or degree from a polytechnic or college",Unemployed (Actively looking),"Artisan or skilled manual worker (e.g., trades like electrician, mechanic, machinist or skilled manufacturing worker)",Going in the right direction,Fairly good,Undecided/No Response,A lot,Stayed the same,Fairly well,Fairly well,A few times a week,Every day,Never,Every day,Every day,I did not vote,Would not vote,Certificate/Diploma,Skilled/Unskilled Labor
Rural,Uasin Gishu,23.0,Woman,Primary school completed,Unemployed (Actively looking),Housewife / homemaker,Going in the wrong direction,Neither good nor bad,Approve,Just a little,Decreased somewhat,Fairly well,Fairly well,Every day,Never,Never,A few times a week,A few times a week,I voted in the election,United Democratic Alliance (UDA),Primary School,Housewife
Rural,Kilifi,48.0,Woman,No formal schooling,Unemployed (Actively looking),"Unskilled manual worker (e.g., cleaner, laborer, domestic help, unskilled manufacturing worker)",Going in the wrong direction,Fairly bad,Strongly disapprove,Not at all,Increased a lot,Very badly,Undecided/No Response,Never,Never,Never,Never,Never,I voted in the election,Undecided/No Response,Informal Schooling,Skilled/Unskilled Labor
Urban,Nairobi,33.0,Man,"Post-secondary qualifications, other than university e.g. a diploma or degree from a polytechnic or college",Employed (Part-time),"Artisan or skilled manual worker (e.g., trades like electrician, mechanic, machinist or skilled manufacturing worker)",Going in the wrong direction,Fairly bad,Approve,Just a little,Increased a lot,Fairly badly,Fairly badly,A few times a week,Every day,Never,Every day,Every day,I voted in the election,Orange Democratic Movement (ODM),Certificate/Diploma,Skilled/Unskilled Labor
Urban,Nairobi,37.0,Woman,"Post-secondary qualifications, other than university e.g. a diploma or degree from a polytechnic or college",Employed (Part-time),Trader / hawker / vendor,Going in the wrong direction,Very bad,Disapprove,Not at all,Increased a lot,Very badly,Very badly,Every day,Every day,A few times a month,Every day,Every day,I voted in the election,Would not vote,Certificate/Diploma,Trader
Urban,Bungoma,21.0,Man,Secondary school / high school completed,Unemployed (Not looking),Student,Going in the right direction,Fairly bad,Disapprove,Just a little,Increased a lot,Very badly,Very badly,Every day,Every day,Less than once a month,Every day,Every day,I voted in the election,United Democratic Alliance (UDA),Secondary School,Student
Rural,Uasin Gishu,43.0,Man,Primary school completed,Employed (Part-time),Agriculture / farming / fishing / forestry,Going in the wrong direction,Very bad,Disapprove,Somewhat,Increased a lot,Very badly,Fairly badly,A few times a week,Never,Never,Never,Never,I did not vote,United Democratic Alliance (UDA),Primary School,Agriculture
Urban,Bungoma,38.0,Man,"Post-secondary qualifications, other than university e.g. a diploma or degree from a polytechnic or college",Employed (Full-time),"Mid-level professional (e.g., teacher, nurse, mid-level government officer)",Going in the wrong direction,Very bad,Approve,Just a little,Stayed the same,Fairly well,Fairly well,A few times a week,Every day,Less than once a month,Every day,A few times a week,I did not vote,United Democratic Alliance (UDA),Certificate/Diploma,Professional
Urban,Nairobi,32.0,Woman,Secondary school / high school completed,Unemployed (Actively looking),Housewife / homemaker,Going in the wrong direction,Fairly bad,Approve,Somewhat,Increased a lot,Fairly well,Fairly badly,Every day,Every day,Never,A few times a week,Never,I voted in the election,Orange Democratic Movement (ODM),Secondary School,Housewife
Urban,Nandi,24.0,Man,Some university,Unemployed (Actively looking),Student,Going in the right direction,Fairly good,Disapprove,Somewhat,Increased a lot,Fairly badly,Very badly,Every day,Every day,Less than once a month,Every day,A few times a week,I voted in the election,United Democratic Alliance (UDA),Bachelors Degree,Student
Urban,Nandi,22.0,Man,Some university,Unemployed (Actively looking),Student,Going in the right direction,Fairly good,Disapprove,Not at all,Increased a lot,Fairly badly,Very badly,A few times a week,A few times a month,Never,Every day,Every day,I voted in the election,Would not vote,Bachelors Degree,Student
Urban,Nandi,25.0,Man,Some university,Unemployed (Actively looking),Student,Going in the right direction,Fairly good,Strongly disapprove,Not at all,Increased a lot,Very badly,Very badly,Never,Never,Never,Every day,Every day,I voted in the election,Undecided/No Response,Bachelors Degree,Student
Urban,Nandi,19.0,Man,Some university,Unemployed (Not looking),Student,Undecided/No Response,Very bad,Strongly disapprove,Not at all,Stayed the same,Fairly well,Fairly well,A few times a week,Every day,Never,A few times a week,A few times a week,I was too young to vote,Orange Democratic Movement (ODM),Bachelors Degree,Student
Urban,Taita Taveta,24.0,Woman,Primary school completed,Unemployed (Actively looking),Housewife / homemaker,Going in the wrong direction,Very bad,Strongly approve,A lot,Increased a lot,Very well,Fairly well,A few times a week,A few times a month,Never,A few times a month,Never,I voted in the election,Would not vote,Primary School,Housewife
Urban,Taita Taveta,48.0,Man,Primary school completed,Unemployed (Actively looking),"Unskilled manual worker (e.g., cleaner, laborer, domestic help, unskilled manufacturing worker)",Going in the wrong direction,Very bad,Undecided/No Response,Undecided/No Response,Increased somewhat,Fairly badly,Very badly,Every day,Every day,Every day,A few times a month,A few times a month,I voted in the election,Would not vote,Primary School,Skilled/Unskilled Labor
Rural,Narok,35.0,Woman,Secondary school / high school completed,Unemployed (Not looking),Agriculture / farming / fishing / forestry,Going in the right direction,Fairly bad,Strongly disapprove,A lot,Stayed the same,Very badly,Fairly badly,Every day,Every day,A few times a month,Undecided/No Response,Every day,I voted in the election,United Democratic Alliance (UDA),Secondary School,Agriculture
Rural,Kisii,36.0,Man,Some primary schooling,Unemployed (Actively looking),Agriculture / farming / fishing / forestry,Going in the wrong direction,Very bad,Strongly approve,Just a little,Increased somewhat,Fairly badly,Fairly well,Less than once a month,Every day,Never,Never,Never,I voted in the election,Orange Democratic Movement (ODM),Primary School,Agriculture
Urban,Taita Taveta,45.0,Woman,Primary school completed,Unemployed (Actively looking),Never had a job,Going in the wrong direction,Neither good nor bad,Disapprove,Just a little,Increased a lot,Fairly badly,Fairly badly,A few times a month,Never,Less than once a month,A few times a week,Less than once a month,I did not vote,Wiper Democratic Movement (WDM–K),Primary School,Undecided/No Response
Rural,Kisii,24.0,Man,Some university,Unemployed (Not looking),Student,Going in the right direction,Fairly good,Approve,Somewhat,Decreased somewhat,Fairly badly,Fairly well,Every day,Never,A few times a month,Every day,Every day,I did not vote,Orange Democratic Movement (ODM),Bachelors Degree,Student
Urban,Murang’a,23.0,Woman,Secondary school / high school completed,Employed (Part-time),Retail / Shop,Going in the right direction,Very good,Strongly approve,A lot,Decreased a lot,Fairly well,Very well,A few times a week,Every day,Never,A few times a week,Never,I voted in the election,United Democratic Alliance (UDA),Secondary School,Trader
Urban,Taita Taveta,22.0,Woman,"Post-secondary qualifications, other than university e.g. a diploma or degree from a polytechnic or college",Unemployed (Not looking),Student,Going in the right direction,Neither good nor bad,Strongly approve,Somewhat,Stayed the same,Fairly well,Fairly well,Every day,Less than once a month,Never,Every day,Every day,I did not vote,United Democratic Alliance (UDA),Certificate/Diploma,Student
Rural,Kisii,54.0,Man,Some primary schooling,Unemployed (Not looking),Agriculture / farming / fishing / forestry,Going in the wrong direction,Very bad,Approve,Somewhat,Increased a lot,Very badly,Fairly badly,Every day,Every day,Never,Never,Never,I voted in the election,Undecided/No Response,Primary School,Agriculture
Urban,Murang’a,56.0,Man,Some primary schooling,Employed (Part-time),Agriculture / farming / fishing / forestry,Going in the wrong direction,Very bad,Strongly disapprove,Just a little,Increased a lot,Very badly,Very badly,Every day,Never,Never,Never,Never,I voted in the election,Other,Primary School,Agriculture
Rural,Kisii,62.0,Man,Primary school completed,Employed (Full-time),Agriculture / farming / fishing / forestry,Going in the wrong direction,Fairly bad,Approve,Somewhat,Decreased somewhat,Fairly badly,Fairly badly,Every day,Never,Never,A few times a week,A few times a week,I voted in the election,United Democratic Alliance (UDA),Primary School,Agriculture
Urban,Murang’a,27.0,Woman,University completed,Unemployed (Actively looking),Never had a job,Undecided/No Response,Very bad,Disapprove,Just a little,Increased somewhat,Fairly badly,Very badly,A few times a week,Every day,Never,Every day,Every day,I voted in the election,Other,Bachelors Degree,Undecided/No Response
Rural,Narok,60.0,Man,No formal schooling,Employed (Full-time),Agriculture / farming / fishing / forestry,Going in the right direction,Fairly good,Approve,A lot,Decreased somewhat,Fairly well,Fairly badly,Every day,Every day,A few times a month,A few times a month,Never,I voted in the election,United Democratic Alliance (UDA),Informal Schooling,Agriculture
Urban,Nandi,23.0,Woman,Some university,Unemployed (Not looking),Student,Going in the right direction,Fairly good,Approve,Somewhat,Decreased somewhat,Fairly well,Very badly,Never,Never,Never,Every day,Every day,I voted in the election,United Democratic Alliance (UDA),Bachelors Degree,Student
Urban,Murang’a,40.0,Man,"Post-secondary qualifications, other than university e.g. a diploma or degree from a polytechnic or college",Unemployed (Not looking),"Mid-level professional (e.g., teacher, nurse, mid-level government officer)",Going in the wrong direction,Fairly bad,Approve,A lot,Decreased somewhat,Fairly well,Fairly well,A few times a month,Every day,Never,A few times a week,A few times a week,I voted in the election,United Democratic Alliance (UDA),Certificate/Diploma,Professional
Urban,Nandi,19.0,Woman,Secondary school / high school completed,Unemployed (Not looking),Never had a job,Undecided/No Response,Fairly bad,Approve,Somewhat,Undecided/No Response,Fairly well,Fairly badly,Less than once a month,Less than once a month,Never,A few times a week,A few times a week,I was too young to vote,Undecided/No Response,Secondary School,Undecided/No Response
Urban,Nandi,22.0,Woman,Some university,Unemployed (Actively looking),Student,Going in the wrong direction,Fairly bad,Strongly disapprove,Not at all,Increased somewhat,Very badly,Very badly,Less than once a month,A few times a month,Never,Every day,Every day,I voted in the election,Orange Democratic Movement (ODM),Bachelors Degree,Student
Urban,Nandi,22.0,Woman,Some university,Unemployed (Actively looking),Student,Undecided/No Response,Neither good nor bad,Strongly disapprove,Not at all,Increased a lot,Very badly,Very badly,Never,Never,Never,Every day,Every day,I did not vote,Orange Democratic Movement (ODM),Bachelors Degree,Student
Urban,Embu,20.0,Woman,Some university,Unemployed (Not looking),Student,Going in the right direction,Fairly bad,Approve,Just a little,Decreased a lot,Fairly badly,Fairly well,Less than once a month,Every day,Never,Every day,Every day,I was too young to vote,Undecided/No Response,Bachelors Degree,Student
Rural,Narok,19.0,Man,Intermediate school or Some secondary school / high school,Unemployed (Not looking),Student,Going in the right direction,Fairly bad,Approve,Just a little,Stayed the same,Fairly well,Fairly badly,A few times a month,A few times a month,Never,A few times a month,A few times a month,I did not vote,Would not vote,Secondary School,Student
Urban,Embu,20.0,Man,"Post-secondary qualifications, other than university e.g. a diploma or degree from a polytechnic or college",Unemployed (Not looking),Student,Going in the right direction,Fairly good,Approve,A lot,Increased somewhat,Fairly well,Fairly well,Every day,Every day,Never,Every day,Every day,I did not vote,United Democratic Alliance (UDA),Certificate/Diploma,Student
Urban,Embu,35.0,Man,"Post-secondary qualifications, other than university e.g. a diploma or degree from a polytechnic or college",Employed (Full-time),"Mid-level professional (e.g., teacher, nurse, mid-level government officer)",Going in the wrong direction,Very bad,Disapprove,Not at all,Increased a lot,Fairly badly,Very badly,Every day,Every day,A few times a week,Every day,Every day,I voted in the election,Undecided/No Response,Certificate/Diploma,Professional
Rural,Narok,28.0,Woman,Secondary school / high school completed,Unemployed (Actively looking),Agriculture / farming / fishing / forestry,Going in the wrong direction,Neither good nor bad,Strongly approve,A lot,Decreased somewhat,Fairly well,Fairly well,Every day,Every day,Every day,Every day,Every day,I did not vote,United Democratic Alliance (UDA),Secondary School,Agriculture
Urban,Embu,32.0,Man,"Post-secondary qualifications, other than university e.g. a diploma or degree from a polytechnic or college",Employed (Full-time),"Upper-level professional (e.g., banker/finance, doctor, lawyer, engineer, accountant, professor, senior-level government",Going in the wrong direction,Fairly bad,Disapprove,Not at all,Stayed the same,Fairly badly,Fairly well,Every day,Every day,A few times a month,Every day,Every day,I voted in the election,Undecided/No Response,Certificate/Diploma,Professional
Rural,Kisumu,31.0,Woman,Intermediate school or Some secondary school / high school,Unemployed (Not looking),Housewife / homemaker,Going in the wrong direction,Fairly bad,Disapprove,Undecided/No Response,Increased a lot,Fairly badly,Very badly,Every day,Never,Never,A few times a week,Never,I voted in the election,Orange Democratic Movement (ODM),Secondary School,Housewife
Urban,Murang’a,23.0,Man,Secondary school / high school completed,Unemployed (Actively looking),"Artisan or skilled manual worker (e.g., trades like electrician, mechanic, machinist or skilled manufacturing worker)",Going in the wrong direction,Fairly good,Strongly approve,A lot,Increased somewhat,Fairly badly,Fairly badly,A few times a week,Every day,A few times a week,Every day,Every day,I voted in the election,United Democratic Alliance (UDA),Secondary School,Skilled/Unskilled Labor
Urban,Murang’a,29.0,Man,Primary school completed,Employed (Part-time),"Unskilled manual worker (e.g., cleaner, laborer, domestic help, unskilled manufacturing worker)",Going in the right direction,Very bad,Strongly approve,A lot,Decreased a lot,Fairly well,Fairly badly,Every day,Every day,Never,Every day,Every day,I voted in the election,United Democratic Alliance (UDA),Primary School,Skilled/Unskilled Labor
Rural,Kisumu,35.0,Woman,Secondary school / high school completed,Employed (Part-time),"Unskilled manual worker (e.g., cleaner, laborer, domestic help, unskilled manufacturing worker)",Going in the wrong direction,Fairly bad,Strongly disapprove,Somewhat,Increased somewhat,Very badly,Fairly badly,A few times a week,Every day,Never,A few times a week,A few times a week,I did not vote,Orange Democratic Movement (ODM),Secondary School,Skilled/Unskilled Labor
Rural,Narok,23.0,Woman,No formal schooling,Unemployed (Actively looking),Housewife / homemaker,Going in the right direction,Fairly good,Approve,Somewhat,Increased a lot,Fairly badly,Very badly,Every day,Every day,Never,Never,Never,I voted in the election,United Democratic Alliance (UDA),Informal Schooling,Housewife
Rural,Kisumu,67.0,Man,No formal schooling,Unemployed (Not looking),Agriculture / farming / fishing / forestry,Going in the wrong direction,Very bad,Strongly disapprove,Not at all,Increased a lot,Very badly,Very badly,Every day,Less than once a month,Never,Never,Never,I voted in the election,Orange Democratic Movement (ODM),Informal Schooling,Agriculture
Rural,Kisumu,21.0,Man,Secondary school / high school completed,Employed (Full-time),Agriculture / farming / fishing / forestry,Going in the wrong direction,Very bad,Strongly disapprove,Just a little,Increased a lot,Fairly well,Very badly,A few times a week,A few times a week,A few times a week,A few times a week,Less than once a month,I did not vote,Undecided/No Response,Secondary School,Agriculture
Urban,Nyeri,45.0,Woman,"Post-secondary qualifications, other than university e.g. a diploma or degree from a polytechnic or college",Employed (Full-time),Supervisor / Foreman / Senior Manager,Going in the right direction,Fairly bad,Disapprove,Somewhat,Decreased somewhat,Very well,Fairly well,A few times a month,Every day,Never,Every day,Every day,I voted in the election,Would not vote,Certificate/Diploma,Professional
Urban,Nyeri,18.0,Man,Secondary school / high school completed,Unemployed (Not looking),Student,Going in the right direction,Very bad,Strongly approve,Just a little,Increased somewhat,Very badly,Very badly,Never,Every day,Never,Every day,Never,I did not vote,United Democratic Alliance (UDA),Secondary School,Student
Urban,Murang’a,41.0,Woman,Secondary school / high school completed,Employed (Part-time),Agriculture / farming / fishing / forestry,Going in the wrong direction,Very bad,Strongly approve,Not at all,Stayed the same,Very badly,Very well,Never,Every day,Never,A few times a week,Never,I voted in the election,United Democratic Alliance (UDA),Secondary School,Agriculture
Urban,Embu,24.0,Man,Some university,Unemployed (Not looking),Student,Going in the wrong direction,Fairly bad,Approve,A lot,Decreased somewhat,Fairly well,Very well,A few times a week,A few times a week,Less than once a month,Every day,Less than once a month,I voted in the election,United Democratic Alliance (UDA),Bachelors Degree,Student
Urban,Murang’a,45.0,Woman,Primary school completed,Employed (Part-time),"Unskilled manual worker (e.g., cleaner, laborer, domestic help, unskilled manufacturing worker)",Going in the wrong direction,Very bad,Strongly disapprove,Not at all,Increased a lot,Very badly,Very badly,Every day,Every day,Never,Never,Never,I voted in the election,United Democratic Alliance (UDA),Primary School,Skilled/Unskilled Labor
Rural,Narok,45.0,Man,Secondary school / high school completed,Unemployed (Not looking),Agriculture / farming / fishing / forestry,Going in the right direction,Very good,Disapprove,Just a little,Stayed the same,Fairly badly,Fairly badly,Every day,Never,Never,Never,Never,I was too young to vote,United Democratic Alliance (UDA),Secondary School,Agriculture
Rural,Nandi,25.0,Man,Secondary school / high school completed,Unemployed (Actively looking),Agriculture / farming / fishing / forestry,Going in the right direction,Neither good nor bad,Approve,Just a little,Decreased somewhat,Fairly badly,Fairly well,Every day,Less than once a month,Never,A few times a week,A few times a week,I did not vote,United Democratic Alliance (UDA),Secondary School,Agriculture
Urban,Nyeri,35.0,Woman,University completed,Employed (Full-time),"Mid-level professional (e.g., teacher, nurse, mid-level government officer)",Going in the wrong direction,Very bad,Strongly disapprove,Not at all,Increased a lot,Very badly,Very badly,Never,Every day,A few times a week,Every day,Every day,I voted in the election,Orange Democratic Movement (ODM),Bachelors Degree,Professional
Rural,Nandi,19.0,Woman,Intermediate school or Some secondary school / high school,Unemployed (Not looking),Student,Going in the right direction,Very bad,Strongly approve,A lot,Decreased somewhat,Very badly,Fairly well,Every day,Never,Never,Never,Never,I was too young to vote,Undecided/No Response,Secondary School,Student
Urban,Embu,19.0,Woman,Some university,Unemployed (Not looking),Student,Going in the right direction,Fairly good,Approve,A lot,Decreased somewhat,Fairly well,Fairly well,A few times a week,Every day,Never,Every day,Every day,I was too young to vote,United Democratic Alliance (UDA),Bachelors Degree,Student
Urban,Embu,19.0,Woman,Secondary school / high school completed,Unemployed (Actively looking),Student,Going in the right direction,Neither good nor bad,Approve,A lot,Stayed the same,Fairly badly,Fairly well,A few times a week,A few times a week,Never,A few times a week,A few times a week,I did not vote,United Democratic Alliance (UDA),Secondary School,Student
Rural,Kilifi,52.0,Man,"Post-secondary qualifications, other than university e.g. a diploma or degree from a polytechnic or college",Unemployed (Actively looking),Trader / hawker / vendor,Going in the right direction,Fairly good,Approve,Somewhat,Decreased somewhat,Fairly well,Fairly well,Every day,Every day,Never,Every day,Every day,I voted in the election,United Democratic Alliance (UDA),Certificate/Diploma,Trader
Rural,Nandi,50.0,Woman,Some primary schooling,Unemployed (Not looking),Agriculture / farming / fishing / forestry,Going in the right direction,Very bad,Approve,Somewhat,Decreased somewhat,Very badly,Fairly badly,Every day,Never,Never,Never,Never,I voted in the election,United Democratic Alliance (UDA),Primary School,Agriculture
Urban,Nyeri,24.0,Man,Secondary school / high school completed,Employed (Part-time),Retail / Shop,Going in the right direction,Fairly good,Strongly approve,A lot,Stayed the same,Very well,Very well,Less than once a month,Every day,Never,Every day,Every day,I voted in the election,United Democratic Alliance (UDA),Secondary School,Trader
Rural,Nandi,26.0,Woman,Some primary schooling,Employed (Part-time),"Unskilled manual worker (e.g., cleaner, laborer, domestic help, unskilled manufacturing worker)",Going in the right direction,Fairly good,Approve,Just a little,Stayed the same,Fairly badly,Fairly badly,A few times a month,Never,Never,Never,Never,I voted in the election,United Democratic Alliance (UDA),Primary School,Skilled/Unskilled Labor
Urban,Bungoma,56.0,Woman,Some primary schooling,Unemployed (Not looking),Agriculture / farming / fishing / forestry,Going in the wrong direction,Very bad,Disapprove,A lot,Decreased somewhat,Fairly badly,Fairly well,Every day,Less than once a month,Never,Never,Never,I voted in the election,Undecided/No Response,Primary School,Agriculture
Rural,Kilifi,28.0,Woman,Intermediate school or Some secondary school / high school,Employed (Full-time),Trader / hawker / vendor,Going in the right direction,Fairly good,Disapprove,Not at all,Increased a lot,Fairly badly,Fairly well,Every day,Less than once a month,Never,Every day,A few times a week,I voted in the election,Orange Democratic Movement (ODM),Secondary School,Trader
Rural,Kilifi,71.0,Man,Primary school completed,Unemployed (Not looking),"Artisan or skilled manual worker (e.g., trades like electrician, mechanic, machinist or skilled manufacturing worker)",Going in the wrong direction,Very bad,Approve,Somewhat,Increased a lot,Very badly,Fairly badly,Every day,Never,Every day,Never,Never,I voted in the election,United Democratic Alliance (UDA),Primary School,Skilled/Unskilled Labor
Rural,Kilifi,42.0,Woman,Primary school completed,Unemployed (Actively looking),"Unskilled manual worker (e.g., cleaner, laborer, domestic help, unskilled manufacturing worker)",Going in the wrong direction,Very bad,Strongly disapprove,Just a little,Increased a lot,Very badly,Very badly,A few times a week,A few times a week,Never,Never,Never,I voted in the election,Undecided/No Response,Primary School,Skilled/Unskilled Labor
Rural,Narok,41.0,Woman,Primary school completed,Employed (Part-time),Agriculture / farming / fishing / forestry,Going in the right direction,Neither good nor bad,Approve,Somewhat,Stayed the same,Fairly well,Fairly badly,Every day,Never,Never,Never,Never,I voted in the election,United Democratic Alliance (UDA),Primary School,Agriculture
Urban,Embu,21.0,Woman,Primary school completed,Unemployed (Actively looking),Agriculture / farming / fishing / forestry,Going in the wrong direction,Fairly bad,Strongly approve,A lot,Decreased somewhat,Very badly,Very well,A few times a week,Never,Never,Never,Never,I voted in the election,United Democratic Alliance (UDA),Primary School,Agriculture
Rural,Kisumu,25.0,Man,Intermediate school or Some secondary school / high school,Unemployed (Actively looking),"Artisan or skilled manual worker (e.g., trades like electrician, mechanic, machinist or skilled manufacturing worker)",Going in the wrong direction,Very bad,Strongly disapprove,Just a little,Increased a lot,Very badly,Very badly,A few times a week,Every day,A few times a month,Never,Never,I voted in the election,Orange Democratic Movement (ODM),Secondary School,Skilled/Unskilled Labor
Rural,Narok,30.0,Man,"Post-secondary qualifications, other than university e.g. a diploma or degree from a polytechnic or college",Employed (Full-time),Clerical or secretarial,Going in the right direction,Fairly good,Strongly approve,A lot,Stayed the same,Fairly well,Fairly badly,Every day,A few times a week,Less than once a month,A few times a week,Never,I voted in the election,United Democratic Alliance (UDA),Certificate/Diploma,Professional
Rural,Kisumu,50.0,Woman,Secondary school / high school completed,Unemployed (Actively looking),Trader / hawker / vendor,Going in the wrong direction,Very bad,Strongly disapprove,Not at all,Increased a lot,Very badly,Very badly,A few times a week,Every day,Less than once a month,Every day,Every day,I voted in the election,Orange Democratic Movement (ODM),Secondary School,Trader
Rural,Kisumu,74.0,Man,Secondary school / high school completed,Employed (Full-time),Agriculture / farming / fishing / forestry,Going in the wrong direction,Fairly bad,Strongly disapprove,Just a little,Stayed the same,Fairly badly,Very badly,Every day,Every day,Never,Never,Never,I voted in the election,Orange Democratic Movement (ODM),Secondary School,Agriculture
Urban,Nyeri,23.0,Woman,Secondary school / high school completed,Unemployed (Actively looking),"Unskilled manual worker (e.g., cleaner, laborer, domestic help, unskilled manufacturing worker)",Going in the wrong direction,Neither good nor bad,Approve,Somewhat,Stayed the same,Fairly well,Fairly well,A few times a week,Every day,Never,Every day,Undecided/No Response,I can’t remember whether I voted,United Democratic Alliance (UDA),Secondary School,Skilled/Unskilled Labor
Urban,Nyeri,38.0,Man,"Post-secondary qualifications, other than university e.g. a diploma or degree from a polytechnic or college",Employed (Full-time),"Unskilled manual worker (e.g., cleaner, laborer, domestic help, unskilled manufacturing worker)",Going in the wrong direction,Fairly bad,Disapprove,Not at all,Stayed the same,Fairly badly,Fairly badly,A few times a month,A few times a week,A few times a month,A few times a week,A few times a week,I voted in the election,Would not vote,Certificate/Diploma,Skilled/Unskilled Labor
Rural,Kisumu,33.0,Woman,Primary school completed,Employed (Part-time),Trader / hawker / vendor,Going in the wrong direction,Fairly bad,Approve,Somewhat,Increased somewhat,Very badly,Fairly badly,Every day,Never,Never,Never,Never,I voted in the election,Orange Democratic Movement (ODM),Primary School,Trader
Rural,Kilifi,20.0,Man,Secondary school / high school completed,Employed (Part-time),"Artisan or skilled manual worker (e.g., trades like electrician, mechanic, machinist or skilled manufacturing worker)",Going in the wrong direction,Fairly bad,Disapprove,Somewhat,Increased a lot,Very badly,Fairly badly,Every day,Every day,Never,Less than once a month,Less than once a month,I did not vote,NARC – Kenya,Secondary School,Skilled/Unskilled Labor
Rural,Kilifi,42.0,Woman,Secondary school / high school completed,Unemployed (Actively looking),Housewife / homemaker,Going in the wrong direction,Very bad,Disapprove,Just a little,Stayed the same,Fairly badly,Fairly badly,Never,Never,Never,Never,Never,I voted in the election,Orange Democratic Movement (ODM),Secondary School,Housewife
Rural,Kilifi,19.0,Man,Primary school completed,Unemployed (Actively looking),"Unskilled manual worker (e.g., cleaner, laborer, domestic help, unskilled manufacturing worker)",Going in the right direction,Fairly bad,Strongly disapprove,Just a little,Increased somewhat,Fairly badly,Very badly,Every day,A few times a month,Never,Never,Never,I did not vote,Orange Democratic Movement (ODM),Primary School,Skilled/Unskilled Labor
Urban,Nyeri,24.0,Man,"Post-secondary qualifications, other than university e.g. a diploma or degree from a polytechnic or college",Employed (Full-time),"Artisan or skilled manual worker (e.g., trades like electrician, mechanic, machinist or skilled manufacturing worker)",Going in the wrong direction,Very good,Strongly disapprove,Somewhat,Increased a lot,Fairly badly,Fairly badly,Less than once a month,A few times a week,Never,Every day,Every day,I voted in the election,Would not vote,Certificate/Diploma,Skilled/Unskilled Labor
Rural,Kilifi,63.0,Woman,Primary school completed,Employed (Full-time),Agriculture / farming / fishing / forestry,Going in the right direction,Fairly bad,Disapprove,Somewhat,Stayed the same,Fairly badly,Very badly,Less than once a month,Every day,Never,Never,Never,I voted in the election,United Democratic Alliance (UDA),Primary School,Agriculture
Urban,Nyeri,53.0,Woman,"Post-secondary qualifications, other than university e.g. a diploma or degree from a polytechnic or college",Employed (Full-time),Trader / hawker / vendor,Going in the right direction,Fairly good,Approve,Somewhat,Stayed the same,Very badly,Fairly badly,Less than once a month,A few times a week,Never,Every day,A few times a month,I voted in the election,Would not vote,Certificate/Diploma,Trader
Rural,Nandi,44.0,Man,Some primary schooling,Unemployed (Actively looking),Agriculture / farming / fishing / forestry,Going in the right direction,Neither good nor bad,Approve,A lot,Increased a lot,Fairly badly,Undecided/No Response,A few times a week,A few times a week,Never,Never,Never,I voted in the election,United Democratic Alliance (UDA),Primary School,Agriculture
Rural,Nandi,24.0,Man,Some primary schooling,Unemployed (Actively looking),Agriculture / farming / fishing / forestry,Going in the right direction,Fairly good,Strongly approve,A lot,Decreased somewhat,Very well,Very badly,Every day,A few times a week,Never,A few times a week,A few times a week,I voted in the election,United Democratic Alliance (UDA),Primary School,Agriculture
Rural,Nandi,28.0,Man,University completed,Employed (Full-time),"Mid-level professional (e.g., teacher, nurse, mid-level government officer)",Going in the wrong direction,Fairly bad,Disapprove,Somewhat,Increased somewhat,Fairly well,Fairly well,A few times a week,Every day,Never,Every day,A few times a week,I voted in the election,Would not vote,Bachelors Degree,Professional
Rural,Nandi,25.0,Woman,Secondary school / high school completed,Unemployed (Not looking),Housewife / homemaker,Going in the right direction,Fairly good,Approve,Somewhat,Decreased somewhat,Fairly well,Fairly badly,A few times a week,Every day,Less than once a month,Every day,Less than once a month,I voted in the election,United Democratic Alliance (UDA),Secondary School,Housewife
Urban,Turkana,25.0,Man,"Post-secondary qualifications, other than university e.g. a diploma or degree from a polytechnic or college",Unemployed (Actively looking),Student,Going in the right direction,Fairly good,Approve,Somewhat,Decreased a lot,Fairly well,Fairly badly,Every day,Never,Never,Every day,A few times a month,I did not vote,Would not vote,Certificate/Diploma,Student
Urban,Turkana,57.0,Woman,Secondary school / high school completed,Unemployed (Not looking),"Mid-level professional (e.g., teacher, nurse, mid-level government officer)",Going in the wrong direction,Very bad,Strongly disapprove,Just a little,Increased a lot,Very badly,Very badly,Every day,A few times a month,Never,Never,Never,I voted in the election,KANU,Secondary School,Professional
Urban,Turkana,31.0,Woman,Some primary schooling,Unemployed (Actively looking),Trader / hawker / vendor,Undecided/No Response,Very bad,Approve,A lot,Undecided/No Response,Fairly well,Undecided/No Response,Every day,Every day,Never,Never,Never,I voted in the election,Orange Democratic Movement (ODM),Primary School,Trader
Rural,Makueni,29.0,Man,Post-graduate,Employed (Full-time),"Artisan or skilled manual worker (e.g., trades like electrician, mechanic, machinist or skilled manufacturing worker)",Going in the right direction,Very bad,Approve,Somewhat,Increased a lot,Fairly well,Very badly,Less than once a month,Every day,Never,Every day,Every day,I did not vote,United Democratic Alliance (UDA),Masters/PhD,Skilled/Unskilled Labor
Urban,Turkana,50.0,Man,Some primary schooling,Unemployed (Actively looking),Trader / hawker / vendor,Going in the wrong direction,Very bad,Strongly disapprove,Not at all,Increased a lot,Very badly,Very badly,Every day,Less than once a month,Never,Never,Never,I voted in the election,Orange Democratic Movement (ODM),Primary School,Trader
Rural,Makueni,32.0,Man,University completed,Employed (Full-time),"Mid-level professional (e.g., teacher, nurse, mid-level government officer)",Going in the wrong direction,Neither good nor bad,Approve,Not at all,Increased a lot,Fairly badly,Fairly badly,A few times a month,A few times a week,A few times a month,Every day,Less than once a month,I voted in the election,Wiper Democratic Movement (WDM–K),Bachelors Degree,Professional
Rural,Makueni,34.0,Man,Secondary school / high school completed,Employed (Full-time),Trader / hawker / vendor,Going in the wrong direction,Fairly bad,Disapprove,Just a little,Decreased somewhat,Very badly,Fairly well,A few times a week,Every day,Never,Every day,Every day,I voted in the election,Wiper Democratic Movement (WDM–K),Secondary School,Trader
Rural,Makueni,36.0,Woman,Secondary school / high school completed,Unemployed (Actively looking),Housewife / homemaker,Going in the wrong direction,Very bad,Approve,A lot,Stayed the same,Fairly badly,Very well,Every day,A few times a week,Never,Never,Never,I voted in the election,United Democratic Alliance (UDA),Secondary School,Housewife
Urban,Kisumu,23.0,Woman,Intermediate school or Some secondary school / high school,Unemployed (Not looking),Housewife / homemaker,Going in the right direction,Fairly good,Approve,Just a little,Increased somewhat,Fairly well,Fairly well,Every day,Never,Never,Never,Never,I did not vote,Orange Democratic Movement (ODM),Secondary School,Housewife
Urban,Kisumu,37.0,Man,Some primary schooling,Employed (Full-time),"Mid-level professional (e.g., teacher, nurse, mid-level government officer)",Going in the wrong direction,Neither good nor bad,Strongly disapprove,Not at all,Increased a lot,Very badly,Very badly,Every day,Every day,Never,Every day,Every day,I voted in the election,Would not vote,Primary School,Professional
Rural,Kisii,24.0,Woman,Secondary school / high school completed,Unemployed (Actively looking),Housewife / homemaker,Going in the wrong direction,Fairly bad,Strongly disapprove,Somewhat,Increased somewhat,Fairly badly,Fairly well,Every day,Every day,Never,Every day,Never,I did not vote,Orange Democratic Movement (ODM),Secondary School,Housewife
Urban,Kisumu,19.0,Woman,Secondary school / high school completed,Unemployed (Actively looking),Student,Going in the wrong direction,Very bad,Disapprove,Not at all,Increased a lot,Fairly badly,Very badly,A few times a month,A few times a week,Less than once a month,Every day,Every day,I was too young to vote,Would not vote,Secondary School,Student
Urban,Kisumu,70.0,Woman,"Post-secondary qualifications, other than university e.g. a diploma or degree from a polytechnic or college",Unemployed (Not looking),Clerical or secretarial,Going in the wrong direction,Neither good nor bad,Disapprove,Just a little,Increased a lot,Very badly,Very badly,Never,Every day,Never,Never,Never,I voted in the election,Orange Democratic Movement (ODM),Certificate/Diploma,Professional
Rural,Kisii,49.0,Woman,Some university,Employed (Full-time),"Mid-level professional (e.g., teacher, nurse, mid-level government officer)",Going in the wrong direction,Fairly bad,Approve,Somewhat,Increased a lot,Fairly well,Fairly badly,A few times a week,Every day,Never,A few times a week,A few times a week,I voted in the election,Would not vote,Bachelors Degree,Professional
Rural,Kisii,31.0,Woman,University completed,Employed (Full-time),"Mid-level professional (e.g., teacher, nurse, mid-level government officer)",Going in the wrong direction,Very bad,Strongly disapprove,Not at all,Increased a lot,Very badly,Very badly,Every day,Every day,Never,Every day,Every day,I voted in the election,Undecided/No Response,Bachelors Degree,Professional
Rural,Kirinyaga,40.0,Woman,Primary school completed,Employed (Full-time),Agriculture / farming / fishing / forestry,Going in the right direction,Neither good nor bad,Approve,Just a little,Increased a lot,Fairly badly,Fairly well,A few times a week,A few times a week,Never,Never,Never,I voted in the election,Would not vote,Primary School,Agriculture
Urban,Kilifi,61.0,Woman,University completed,Employed (Full-time),Other,Going in the wrong direction,Fairly bad,Disapprove,Somewhat,Increased somewhat,Fairly badly,Very badly,Every day,Every day,Less than once a month,Every day,Every day,I voted in the election,Orange Democratic Movement (ODM),Bachelors Degree,Undecided/No Response
Urban,Kilifi,25.0,Man,Secondary school / high school completed,Unemployed (Actively looking),Student,Going in the wrong direction,Very bad,Disapprove,Not at all,Decreased somewhat,Fairly badly,Fairly badly,A few times a week,A few times a month,Never,Every day,A few times a week,I voted in the election,Would not vote,Secondary School,Student
Rural,Kirinyaga,42.0,Woman,Secondary school / high school completed,Unemployed (Not looking),Agriculture / farming / fishing / forestry,Going in the right direction,Fairly bad,Strongly approve,A lot,Decreased somewhat,Fairly well,Fairly well,Less than once a month,Every day,Never,Every day,Every day,I did not vote,Undecided/No Response,Secondary School,Agriculture
Urban,Kilifi,40.0,Woman,Primary school completed,Unemployed (Actively looking),Agriculture / farming / fishing / forestry,Going in the wrong direction,Very bad,Approve,A lot,Decreased a lot,Fairly well,Fairly well,Never,Every day,Never,A few times a week,Never,I voted in the election,United Democratic Alliance (UDA),Primary School,Agriculture
Urban,Embu,18.0,Woman,Secondary school / high school completed,Unemployed (Actively looking),"Artisan or skilled manual worker (e.g., trades like electrician, mechanic, machinist or skilled manufacturing worker)",Going in the right direction,Fairly bad,Approve,Not at all,Increased somewhat,Fairly well,Fairly well,Never,Never,Never,Never,Never,I did not vote,United Democratic Alliance (UDA),Secondary School,Skilled/Unskilled Labor
Rural,Kirinyaga,36.0,Man,Primary school completed,Unemployed (Actively looking),"Unskilled manual worker (e.g., cleaner, laborer, domestic help, unskilled manufacturing worker)",Going in the wrong direction,Very bad,Strongly approve,Just a little,Stayed the same,Very badly,Fairly well,Never,Every day,Never,Never,Never,I voted in the election,United Democratic Alliance (UDA),Primary School,Skilled/Unskilled Labor
Urban,Embu,21.0,Man,Some university,Employed (Part-time),Student,Going in the right direction,Fairly good,Approve,Just a little,Stayed the same,Fairly well,Fairly badly,A few times a week,Every day,Less than once a month,Every day,Every day,I voted in the election,Orange Democratic Movement (ODM),Bachelors Degree,Student
Urban,Kilifi,28.0,Man,Primary school completed,Unemployed (Actively looking),"Unskilled manual worker (e.g., cleaner, laborer, domestic help, unskilled manufacturing worker)",Going in the wrong direction,Very bad,Disapprove,Somewhat,Increased a lot,Fairly well,Very badly,Every day,Every day,Never,Never,Never,I did not vote,Undecided/No Response,Primary School,Skilled/Unskilled Labor
Urban,Embu,38.0,Woman,Secondary school / high school completed,Employed (Full-time),Trader / hawker / vendor,Going in the right direction,Fairly bad,Approve,Somewhat,Increased somewhat,Fairly badly,Fairly badly,A few times a week,A few times a week,Never,Every day,Every day,I voted in the election,Undecided/No Response,Secondary School,Trader
Urban,Turkana,24.0,Man,Intermediate school or Some secondary school / high school,Employed (Full-time),"Artisan or skilled manual worker (e.g., trades like electrician, mechanic, machinist or skilled manufacturing worker)",Going in the right direction,Fairly bad,Strongly disapprove,A lot,Increased a lot,Fairly well,Fairly well,Every day,A few times a week,A few times a week,Never,Undecided/No Response,I did not vote,Would not vote,Secondary School,Skilled/Unskilled Labor
Urban,Embu,41.0,Woman,Some primary schooling,Employed (Part-time),Trader / hawker / vendor,Going in the wrong direction,Very bad,Strongly disapprove,Not at all,Increased a lot,Very badly,Very badly,A few times a week,Never,Never,Every day,Every day,I did not vote,Orange Democratic Movement (ODM),Primary School,Trader
Urban,Turkana,28.0,Woman,Primary school completed,Unemployed (Not looking),Trader / hawker / vendor,Going in the right direction,Fairly good,Approve,Somewhat,Decreased somewhat,Fairly well,Fairly badly,A few times a week,Never,Never,Never,Never,I voted in the election,Orange Democratic Movement (ODM),Primary School,Trader
Rural,Murang’a,44.0,Man,"Post-secondary qualifications, other than university e.g. a diploma or degree from a polytechnic or college",Employed (Part-time),Agriculture / farming / fishing / forestry,Going in the right direction,Neither good nor bad,Strongly disapprove,Just a little,Increased a lot,Fairly well,Very badly,Every day,Every day,Never,Never,Never,I voted in the election,United Democratic Alliance (UDA),Certificate/Diploma,Agriculture
Rural,Makueni,26.0,Woman,"Post-secondary qualifications, other than university e.g. a diploma or degree from a polytechnic or college",Unemployed (Actively looking),Housewife / homemaker,Going in the right direction,Neither good nor bad,Approve,A lot,Decreased somewhat,Fairly well,Fairly well,Every day,A few times a week,A few times a month,Every day,Every day,I did not vote,United Democratic Alliance (UDA),Certificate/Diploma,Housewife
Urban,Nandi,21.0,Man,"Post-secondary qualifications, other than university e.g. a diploma or degree from a polytechnic or college",Unemployed (Actively looking),Student,Going in the wrong direction,Fairly bad,Disapprove,Just a little,Increased a lot,Fairly well,Fairly badly,A few times a week,Every day,Never,Every day,A few times a week,I did not vote,Orange Democratic Movement (ODM),Certificate/Diploma,Student
Rural,Murang’a,19.0,Man,Intermediate school or Some secondary school / high school,Unemployed (Not looking),Student,Going in the right direction,Very good,Approve,Just a little,Increased a lot,Fairly well,Fairly badly,A few times a week,Every day,Never,Every day,Every day,I was too young to vote,United Democratic Alliance (UDA),Secondary School,Student
Urban,Nandi,21.0,Woman,University completed,Employed (Part-time),"Upper-level professional (e.g., banker/finance, doctor, lawyer, engineer, accountant, professor, senior-level government",Going in the right direction,Fairly good,Strongly disapprove,Just a little,Decreased somewhat,Fairly well,Fairly well,Every day,Every day,Never,Every day,Every day,I did not vote,United Democratic Alliance (UDA),Bachelors Degree,Professional
Urban,Turkana,27.0,Woman,Secondary school / high school completed,Unemployed (Not looking),Housewife / homemaker,Going in the wrong direction,Very bad,Strongly disapprove,Not at all,Increased a lot,Very badly,Fairly badly,A few times a month,Every day,Never,Never,Never,I voted in the election,Would not vote,Secondary School,Housewife
Urban,Nandi,27.0,Woman,Intermediate school or Some secondary school / high school,Employed (Part-time),Trader / hawker / vendor,Going in the wrong direction,Very bad,Strongly disapprove,Somewhat,Increased a lot,Fairly badly,Fairly badly,A few times a week,A few times a week,Never,Every day,A few times a week,I did not vote,Would not vote,Secondary School,Trader
Urban,Kisumu,18.0,Man,Intermediate school or Some secondary school / high school,Unemployed (Not looking),Student,Going in the wrong direction,Fairly bad,Approve,Not at all,Decreased somewhat,Very badly,Very badly,A few times a month,Never,Never,Never,Never,I did not vote,Orange Democratic Movement (ODM),Secondary School,Student
Rural,Makueni,36.0,Woman,Primary school completed,Unemployed (Not looking),Agriculture / farming / fishing / forestry,Going in the wrong direction,Fairly bad,Strongly disapprove,Somewhat,Increased a lot,Fairly well,Very badly,Every day,Less than once a month,A few times a month,A few times a week,Every day,I voted in the election,Wiper Democratic Movement (WDM–K),Primary School,Agriculture
Urban,Nandi,21.0,Man,Some university,Unemployed (Not looking),Student,Going in the right direction,Neither good nor bad,Disapprove,Just a little,Increased a lot,Fairly well,Very badly,Never,A few times a month,Less than once a month,Every day,Never,I did not vote,Undecided/No Response,Bachelors Degree,Student
Rural,Murang’a,65.0,Woman,Intermediate school or Some secondary school / high school,Unemployed (Actively looking),Agriculture / farming / fishing / forestry,Going in the wrong direction,Very bad,Approve,Somewhat,Increased somewhat,Very badly,Fairly well,Every day,Every day,Never,Undecided/No Response,Less than once a month,I voted in the election,United Democratic Alliance (UDA),Secondary School,Agriculture
Rural,Murang’a,65.0,Woman,Primary school completed,Employed (Full-time),Agriculture / farming / fishing / forestry,Going in the wrong direction,Very bad,Disapprove,A lot,Increased a lot,Very badly,Very badly,Every day,Never,Never,Never,Never,I voted in the election,Jubilee Alliance Party (JAP),Primary School,Agriculture
Urban,Kilifi,23.0,Man,Primary school completed,Unemployed (Actively looking),"Unskilled manual worker (e.g., cleaner, laborer, domestic help, unskilled manufacturing worker)",Going in the right direction,Fairly bad,Approve,Somewhat,Increased somewhat,Very well,Fairly well,Every day,Every day,Never,Every day,Every day,I did not vote,United Democratic Alliance (UDA),Primary School,Skilled/Unskilled Labor
Rural,Kisii,38.0,Woman,Primary school completed,Unemployed (Not looking),Agriculture / farming / fishing / forestry,Going in the wrong direction,Fairly bad,Approve,Somewhat,Decreased somewhat,Very badly,Very badly,Every day,Never,Never,Never,Never,I voted in the election,Undecided/No Response,Primary School,Agriculture
Urban,Kisumu,41.0,Man,Primary school completed,Employed (Part-time),"Unskilled manual worker (e.g., cleaner, laborer, domestic help, unskilled manufacturing worker)",Going in the wrong direction,Neither good nor bad,Approve,Somewhat,Increased somewhat,Fairly well,Fairly well,Every day,A few times a month,Less than once a month,Less than once a month,Less than once a month,I voted in the election,Orange Democratic Movement (ODM),Primary School,Skilled/Unskilled Labor
Rural,Makueni,49.0,Woman,Secondary school / high school completed,Employed (Full-time),Agriculture / farming / fishing / forestry,Going in the wrong direction,Fairly bad,Strongly disapprove,Not at all,Increased a lot,Very badly,Very badly,Never,Every day,Never,Never,Never,I voted in the election,Orange Democratic Movement (ODM),Secondary School,Agriculture
Rural,Baringo,19.0,Woman,Intermediate school or Some secondary school / high school,Unemployed (Actively looking),Never had a job,Going in the wrong direction,Fairly good,Strongly disapprove,Somewhat,Increased a lot,Very badly,Fairly badly,A few times a week,Never,Never,Never,Never,I did not vote,Orange Democratic Movement (ODM),Secondary School,Undecided/No Response
Urban,Kilifi,56.0,Man,Some primary schooling,Employed (Full-time),"Security services (police, army, private security)",Going in the wrong direction,Very bad,Strongly disapprove,Not at all,Increased a lot,Very badly,Very badly,Never,A few times a week,Never,Never,Never,I voted in the election,Undecided/No Response,Primary School,Security Services
Rural,Kakamega,24.0,Woman,Primary school completed,Unemployed (Not looking),Agriculture / farming / fishing / forestry,Going in the wrong direction,Fairly good,Disapprove,Just a little,Increased somewhat,Fairly badly,Undecided/No Response,Every day,Every day,Never,Never,Never,I voted in the election,Orange Democratic Movement (ODM),Primary School,Agriculture
Urban,Kilifi,20.0,Woman,Intermediate school or Some secondary school / high school,Unemployed (Actively looking),"Unskilled manual worker (e.g., cleaner, laborer, domestic help, unskilled manufacturing worker)",Going in the wrong direction,Very bad,Strongly disapprove,Not at all,Increased a lot,Very badly,Very badly,A few times a week,Never,Never,Never,Never,I did not vote,Would not vote,Secondary School,Skilled/Unskilled Labor
Urban,Kisumu,38.0,Man,"Post-secondary qualifications, other than university e.g. a diploma or degree from a polytechnic or college",Employed (Full-time),"Mid-level professional (e.g., teacher, nurse, mid-level government officer)",Going in the wrong direction,Neither good nor bad,Disapprove,Just a little,Increased a lot,Fairly badly,Very badly,Every day,Every day,Never,Never,Never,I voted in the election,Orange Democratic Movement (ODM),Certificate/Diploma,Professional
Rural,Kakamega,69.0,Man,Secondary school / high school completed,Unemployed (Not looking),"Mid-level professional (e.g., teacher, nurse, mid-level government officer)",Going in the right direction,Fairly good,Disapprove,Just a little,Decreased somewhat,Fairly well,Fairly badly,A few times a week,Never,A few times a month,Never,Never,I voted in the election,Orange Democratic Movement (ODM),Secondary School,Professional
Rural,Kirinyaga,23.0,Man,Some university,Unemployed (Not looking),Student,Going in the right direction,Neither good nor bad,Approve,Somewhat,Stayed the same,Fairly well,Fairly badly,Never,A few times a week,Less than once a month,Every day,Less than once a month,I voted in the election,United Democratic Alliance (UDA),Bachelors Degree,Student
Urban,Kisumu,25.0,Woman,Intermediate school or Some secondary school / high school,Unemployed (Actively looking),Housewife / homemaker,Going in the wrong direction,Very bad,Strongly approve,Somewhat,Increased a lot,Very badly,Fairly well,Less than once a month,Every day,Never,A few times a month,A few times a week,I did not vote,Undecided/No Response,Secondary School,Housewife
Urban,Embu,22.0,Man,Secondary school / high school completed,Employed (Part-time),"Mid-level professional (e.g., teacher, nurse, mid-level government officer)",Going in the wrong direction,Very bad,Disapprove,Just a little,Increased a lot,Fairly well,Very badly,Every day,Every day,A few times a month,Every day,Every day,I did not vote,Orange Democratic Movement (ODM),Secondary School,Professional
Rural,Kisii,50.0,Man,University completed,Unemployed (Actively looking),Agriculture / farming / fishing / forestry,Going in the wrong direction,Very bad,Strongly disapprove,Not at all,Increased a lot,Very badly,Very badly,Every day,Every day,A few times a month,A few times a month,A few times a month,I voted in the election,Would not vote,Bachelors Degree,Agriculture
Rural,Baringo,22.0,Man,Primary school completed,Unemployed (Not looking),Agriculture / farming / fishing / forestry,Going in the right direction,Neither good nor bad,Approve,A lot,Decreased somewhat,Undecided/No Response,Very badly,A few times a week,A few times a week,Never,Never,Never,I was too young to vote,Undecided/No Response,Primary School,Agriculture
Rural,Baringo,23.0,Woman,Intermediate school or Some secondary school / high school,Employed (Part-time),"Unskilled manual worker (e.g., cleaner, laborer, domestic help, unskilled manufacturing worker)",Going in the wrong direction,Fairly bad,Disapprove,Not at all,Increased somewhat,Fairly badly,Fairly badly,Every day,Every day,Never,Never,Never,I voted in the election,Undecided/No Response,Secondary School,Skilled/Unskilled Labor
Urban,Kilifi,47.0,Woman,Some primary schooling,Unemployed (Not looking),Trader / hawker / vendor,Going in the wrong direction,Very bad,Strongly disapprove,Not at all,Increased a lot,Fairly badly,Fairly badly,A few times a month,A few times a month,Never,Never,Never,I voted in the election,Undecided/No Response,Primary School,Trader
Rural,Kisii,20.0,Man,Some university,Unemployed (Not looking),Student,Going in the wrong direction,Fairly bad,Strongly disapprove,Just a little,Increased a lot,Very badly,Very badly,Every day,Every day,Less than once a month,Every day,Every day,I did not vote,Orange Democratic Movement (ODM),Bachelors Degree,Student
Rural,Kakamega,28.0,Woman,Some primary schooling,Employed (Part-time),"Unskilled manual worker (e.g., cleaner, laborer, domestic help, unskilled manufacturing worker)",Going in the right direction,Neither good nor bad,Disapprove,Just a little,Increased somewhat,Fairly badly,Fairly badly,A few times a month,Never,Never,Never,Never,I did not vote,Undecided/No Response,Primary School,Skilled/Unskilled Labor
Rural,Kakamega,62.0,Man,Primary school completed,Unemployed (Not looking),Agriculture / farming / fishing / forestry,Going in the wrong direction,Fairly bad,Disapprove,Not at all,Stayed the same,Fairly badly,Fairly badly,Less than once a month,A few times a week,Never,Less than once a month,A few times a month,I voted in the election,Orange Democratic Movement (ODM),Primary School,Agriculture
Urban,Turkana,42.0,Man,University completed,Employed (Full-time),Supervisor / Foreman / Senior Manager,Going in the wrong direction,Very bad,Approve,Just a little,Increased somewhat,Fairly well,Very badly,Every day,Every day,A few times a week,Every day,Every day,I voted in the election,Orange Democratic Movement (ODM),Bachelors Degree,Professional
Rural,Kirinyaga,44.0,Woman,Some primary schooling,Unemployed (Not looking),Housewife / homemaker,Going in the right direction,Fairly bad,Approve,A lot,Stayed the same,Very badly,Fairly badly,A few times a week,Every day,Never,Every day,A few times a week,I voted in the election,Would not vote,Primary School,Housewife
Urban,Nandi,28.0,Woman,Secondary school / high school completed,Unemployed (Actively looking),Never had a job,Going in the wrong direction,Fairly bad,Strongly disapprove,Somewhat,Increased somewhat,Fairly well,Fairly badly,Less than once a month,Every day,Never,Every day,A few times a week,I did not vote,Orange Democratic Movement (ODM),Secondary School,Undecided/No Response
Rural,Kirinyaga,42.0,Man,Secondary school / high school completed,Unemployed (Not looking),Agriculture / farming / fishing / forestry,Going in the wrong direction,Fairly bad,Disapprove,Just a little,Increased somewhat,Fairly badly,Very badly,Every day,A few times a month,Never,Never,Never,I voted in the election,Jubilee Alliance Party (JAP),Secondary School,Agriculture
Urban,Embu,19.0,Woman,Secondary school / high school completed,Unemployed (Actively looking),Student,Going in the right direction,Fairly bad,Approve,A lot,Decreased a lot,Fairly well,Fairly badly,A few times a week,A few times a week,Never,A few times a week,A few times a week,I did not vote,United Democratic Alliance (UDA),Secondary School,Student
Urban,Embu,22.0,Man,University completed,Unemployed (Actively looking),Student,Going in the right direction,Neither good nor bad,Approve,Somewhat,Decreased somewhat,Fairly well,Fairly well,Never,A few times a month,A few times a month,Every day,Every day,I voted in the election,United Democratic Alliance (UDA),Bachelors Degree,Student
Rural,Kirinyaga,31.0,Man,University completed,Employed (Full-time),"Artisan or skilled manual worker (e.g., trades like electrician, mechanic, machinist or skilled manufacturing worker)",Going in the right direction,Fairly good,Strongly disapprove,Just a little,Increased somewhat,Very badly,Very badly,A few times a week,A few times a week,Never,Every day,A few times a week,I voted in the election,Undecided/No Response,Bachelors Degree,Skilled/Unskilled Labor
Urban,Embu,28.0,Man,University completed,Unemployed (Actively looking),"Mid-level professional (e.g., teacher, nurse, mid-level government officer)",Going in the right direction,Fairly bad,Undecided/No Response,Just a little,Increased a lot,Very badly,Very badly,Every day,Every day,Every day,Every day,Every day,I did not vote,United Democratic Alliance (UDA),Bachelors Degree,Professional
Rural,Baringo,23.0,Woman,Primary school completed,Unemployed (Not looking),Housewife / homemaker,Going in the right direction,Very bad,Strongly approve,A lot,Increased a lot,Fairly well,Very well,Every day,Never,Never,Never,Never,I voted in the election,United Democratic Alliance (UDA),Primary School,Housewife
Urban,Nandi,21.0,Man,Some university,Unemployed (Not looking),Student,Going in the wrong direction,Fairly bad,Disapprove,Somewhat,Undecided/No Response,Fairly well,Very badly,Less than once a month,Every day,Less than once a month,Every day,Every day,I did not vote,Undecided/No Response,Bachelors Degree,Student
Rural,Kisii,30.0,Man,Secondary school / high school completed,Unemployed (Actively looking),"Unskilled manual worker (e.g., cleaner, laborer, domestic help, unskilled manufacturing worker)",Going in the wrong direction,Very bad,Strongly disapprove,Not at all,Increased a lot,Very badly,Very badly,Every day,A few times a week,Never,Every day,Every day,I voted in the election,Would not vote,Secondary School,Skilled/Unskilled Labor
Urban,Nandi,19.0,Woman,Some university,Unemployed (Actively looking),Student,Going in the right direction,Fairly good,Approve,Just a little,Increased somewhat,Fairly well,Very badly,Never,A few times a week,Never,Every day,A few times a week,I was too young to vote,Undecided/No Response,Bachelors Degree,Student
Urban,Nandi,50.0,Man,Primary school completed,Unemployed (Actively looking),Agriculture / farming / fishing / forestry,Going in the right direction,Fairly good,Strongly approve,A lot,Decreased somewhat,Fairly well,Fairly well,A few times a week,Every day,Never,A few times a week,A few times a week,I voted in the election,United Democratic Alliance (UDA),Primary School,Agriculture
Rural,Murang’a,72.0,Woman,Intermediate school or Some secondary school / high school,Unemployed (Not looking),Agriculture / farming / fishing / forestry,Going in the wrong direction,Fairly bad,Strongly approve,A lot,Decreased somewhat,Very well,Very well,A few times a month,Every day,Never,Never,Never,I voted in the election,United Democratic Alliance (UDA),Secondary School,Agriculture
Rural,Kisii,32.0,Man,"Post-secondary qualifications, other than university e.g. a diploma or degree from a polytechnic or college",Unemployed (Actively looking),Agriculture / farming / fishing / forestry,Going in the wrong direction,Fairly good,Disapprove,Just a little,Increased somewhat,Very badly,Very badly,Never,Every day,Never,Every day,Every day,I voted in the election,Orange Democratic Movement (ODM),Certificate/Diploma,Agriculture
Rural,Murang’a,60.0,Man,Secondary school / high school completed,Employed (Full-time),Agriculture / farming / fishing / forestry,Going in the wrong direction,Very bad,Strongly disapprove,Just a little,Increased somewhat,Fairly badly,Fairly badly,Every day,Every day,Never,A few times a week,A few times a week,I voted in the election,Undecided/No Response,Secondary School,Agriculture
Rural,Murang’a,40.0,Man,Primary school completed,Employed (Part-time),Agriculture / farming / fishing / forestry,Going in the right direction,Fairly good,Strongly approve,Somewhat,Increased a lot,Very well,Fairly well,Every day,Every day,Never,A few times a month,Never,I voted in the election,Would not vote,Primary School,Agriculture
Rural,Makueni,42.0,Man,Secondary school / high school completed,Employed (Full-time),"Unskilled manual worker (e.g., cleaner, laborer, domestic help, unskilled manufacturing worker)",Going in the wrong direction,Fairly bad,Approve,Just a little,Increased a lot,Fairly badly,Fairly badly,A few times a week,A few times a month,A few times a month,Every day,A few times a week,I voted in the election,Undecided/No Response,Secondary School,Skilled/Unskilled Labor
Rural,Kirinyaga,19.0,Woman,Secondary school / high school completed,Unemployed (Actively looking),Never had a job,Going in the right direction,Neither good nor bad,Strongly approve,A lot,Increased a lot,Fairly well,Very badly,Every day,Every day,A few times a month,Never,Less than once a month,I voted in the election,United Democratic Alliance (UDA),Secondary School,Undecided/No Response
Rural,Murang’a,23.0,Woman,"Post-secondary qualifications, other than university e.g. a diploma or degree from a polytechnic or college",Unemployed (Not looking),Student,Going in the right direction,Fairly good,Approve,Just a little,Increased somewhat,Fairly badly,Fairly well,Every day,Every day,A few times a month,Every day,Every day,I did not vote,Orange Democratic Movement (ODM),Certificate/Diploma,Student
Rural,Kakamega,31.0,Man,University completed,Employed (Full-time),"Mid-level professional (e.g., teacher, nurse, mid-level government officer)",Going in the wrong direction,Very bad,Approve,Just a little,Stayed the same,Very badly,Fairly badly,Every day,Never,Every day,Every day,Every day,I voted in the election,Orange Democratic Movement (ODM),Bachelors Degree,Professional
Rural,Kakamega,48.0,Woman,Intermediate school or Some secondary school / high school,Employed (Full-time),Trader / hawker / vendor,Going in the wrong direction,Fairly bad,Strongly disapprove,Just a little,Increased a lot,Very badly,Very badly,Every day,Every day,Never,Never,Never,I voted in the election,Orange Democratic Movement (ODM),Secondary School,Trader
Rural,Baringo,54.0,Man,Primary school completed,Employed (Part-time),Agriculture / farming / fishing / forestry,Going in the right direction,Neither good nor bad,Approve,Somewhat,Decreased somewhat,Fairly well,Fairly well,Every day,Never,Never,Never,Never,I voted in the election,Undecided/No Response,Primary School,Agriculture
Rural,Baringo,25.0,Man,Secondary school / high school completed,Unemployed (Not looking),Trader / hawker / vendor,Going in the wrong direction,Very bad,Approve,Just a little,Decreased somewhat,Fairly badly,Fairly badly,Less than once a month,Never,Never,Every day,Never,I voted in the election,United Democratic Alliance (UDA),Secondary School,Trader
Urban,Wajir,30.0,Woman,Primary school completed,Unemployed (Actively looking),Housewife / homemaker,Going in the right direction,Fairly good,Disapprove,Not at all,Decreased somewhat,Fairly badly,Fairly badly,Every day,A few times a week,Never,A few times a week,A few times a week,I voted in the election,Jubilee Alliance Party (JAP),Primary School,Housewife
Urban,Wajir,58.0,Man,No formal schooling,Unemployed (Not looking),Trader / hawker / vendor,Going in the right direction,Fairly good,Disapprove,A lot,Decreased somewhat,Fairly badly,Fairly well,Every day,Never,Never,Every day,A few times a week,I voted in the election,Orange Democratic Movement (ODM),Informal Schooling,Trader
Urban,Wajir,19.0,Man,Secondary school / high school completed,Unemployed (Not looking),Student,Going in the wrong direction,Very bad,Strongly disapprove,Somewhat,Increased a lot,Fairly badly,Fairly badly,A few times a week,Never,A few times a month,Every day,Every day,I did not vote,United Democratic Alliance (UDA),Secondary School,Student
Urban,Wajir,21.0,Woman,Some university,Unemployed (Not looking),Student,Going in the right direction,Fairly bad,Disapprove,Just a little,Stayed the same,Fairly badly,Very badly,A few times a month,A few times a week,Never,Every day,Every day,I voted in the election,Orange Democratic Movement (ODM),Bachelors Degree,Student
Rural,Embu,50.0,Woman,Secondary school / high school completed,Unemployed (Actively looking),Agriculture / farming / fishing / forestry,Going in the wrong direction,Fairly bad,Approve,A lot,Increased a lot,Fairly badly,Very badly,Every day,Every day,Never,Never,Never,I voted in the election,United Democratic Alliance (UDA),Secondary School,Agriculture
Rural,Embu,20.0,Man,Secondary school / high school completed,Unemployed (Actively looking),"Unskilled manual worker (e.g., cleaner, laborer, domestic help, unskilled manufacturing worker)",Going in the right direction,Fairly bad,Approve,Just a little,Decreased somewhat,Fairly well,Fairly well,Every day,A few times a week,Less than once a month,Every day,Every day,I did not vote,United Democratic Alliance (UDA),Secondary School,Skilled/Unskilled Labor
Rural,Embu,50.0,Woman,Primary school completed,Employed (Part-time),Agriculture / farming / fishing / forestry,Going in the right direction,Fairly good,Strongly approve,A lot,Decreased somewhat,Fairly well,Fairly well,Every day,Every day,Never,Never,Never,I voted in the election,United Democratic Alliance (UDA),Primary School,Agriculture
Rural,Embu,23.0,Man,Secondary school / high school completed,Employed (Full-time),Trader / hawker / vendor,Going in the right direction,Neither good nor bad,Approve,Just a little,Decreased somewhat,Fairly well,Very badly,Every day,Never,Never,A few times a week,A few times a week,I did not vote,United Democratic Alliance (UDA),Secondary School,Trader
Rural,Kakamega,23.0,Man,Some university,Unemployed (Not looking),Student,Going in the right direction,Neither good nor bad,Approve,Somewhat,Decreased somewhat,Fairly well,Fairly badly,Every day,A few times a month,Less than once a month,Every day,Every day,I did not vote,Orange Democratic Movement (ODM),Bachelors Degree,Student
Rural,Baringo,52.0,Man,Primary school completed,Employed (Full-time),Trader / hawker / vendor,Going in the right direction,Fairly good,Strongly approve,A lot,Decreased somewhat,Very well,Fairly badly,Every day,Never,Never,Never,Never,I voted in the election,Orange Democratic Movement (ODM),Primary School,Trader
Rural,Baringo,20.0,Woman,Primary school completed,Unemployed (Actively looking),Housewife / homemaker,Going in the wrong direction,Fairly bad,Disapprove,A lot,Stayed the same,Fairly badly,Fairly well,A few times a month,A few times a month,A few times a month,A few times a month,A few times a month,I voted in the election,United Democratic Alliance (UDA),Primary School,Housewife
Urban,Wajir,45.0,Woman,No formal schooling,Employed (Full-time),Retail / Shop,Going in the wrong direction,Very bad,Disapprove,Not at all,Undecided/No Response,Undecided/No Response,Fairly well,Every day,Never,Never,Never,Never,I voted in the election,Would not vote,Informal Schooling,Trader
Rural,Embu,34.0,Man,"Post-secondary qualifications, other than university e.g. a diploma or degree from a polytechnic or college",Unemployed (Actively looking),"Mid-level professional (e.g., teacher, nurse, mid-level government officer)",Undecided/No Response,Very bad,Strongly disapprove,Just a little,Stayed the same,Fairly badly,Fairly badly,A few times a week,Never,Never,A few times a week,A few times a week,I voted in the election,Would not vote,Certificate/Diploma,Professional
Urban,Wajir,20.0,Man,"Post-secondary qualifications, other than university e.g. a diploma or degree from a polytechnic or college",Unemployed (Actively looking),Never had a job,Going in the wrong direction,Fairly bad,Disapprove,Not at all,Increased a lot,Fairly badly,Very badly,Never,Every day,Never,Every day,Every day,I voted in the election,Orange Democratic Movement (ODM),Certificate/Diploma,Undecided/No Response
Urban,Wajir,18.0,Woman,Intermediate school or Some secondary school / high school,Unemployed (Not looking),Student,Going in the right direction,Very bad,Approve,Just a little,Increased somewhat,Fairly well,Fairly badly,Never,Less than once a month,A few times a week,Every day,A few times a week,I did not vote,United Democratic Alliance (UDA),Secondary School,Student
Rural,Embu,37.0,Woman,Secondary school / high school completed,Employed (Part-time),Agriculture / farming / fishing / forestry,Going in the right direction,Fairly bad,Disapprove,Not at all,Increased somewhat,Fairly badly,Fairly well,A few times a week,Every day,Never,Every day,A few times a week,I voted in the election,Undecided/No Response,Secondary School,Agriculture
Rural,Kakamega,26.0,Woman,Intermediate school or Some secondary school / high school,Employed (Full-time),"Unskilled manual worker (e.g., cleaner, laborer, domestic help, unskilled manufacturing worker)",Going in the right direction,Fairly bad,Approve,A lot,Increased somewhat,Fairly badly,Fairly well,Every day,Every day,A few times a week,Every day,A few times a week,I did not vote,United Democratic Alliance (UDA),Secondary School,Skilled/Unskilled Labor
Rural,Embu,31.0,Woman,Secondary school / high school completed,Unemployed (Actively looking),Housewife / homemaker,Going in the right direction,Neither good nor bad,Approve,A lot,Decreased somewhat,Fairly well,Fairly well,Every day,Every day,Never,Every day,Every day,I voted in the election,United Democratic Alliance (UDA),Secondary School,Housewife
Rural,Nandi,21.0,Man,"Post-secondary qualifications, other than university e.g. a diploma or degree from a polytechnic or college",Unemployed (Actively looking),Agriculture / farming / fishing / forestry,Going in the wrong direction,Neither good nor bad,Disapprove,Somewhat,Increased a lot,Fairly badly,Very badly,A few times a week,Every day,A few times a month,Every day,Every day,I voted in the election,United Democratic Alliance (UDA),Certificate/Diploma,Agriculture
Rural,Nandi,24.0,Woman,Intermediate school or Some secondary school / high school,Unemployed (Actively looking),Agriculture / farming / fishing / forestry,Going in the right direction,Fairly bad,Strongly approve,Somewhat,Increased somewhat,Very badly,Fairly well,Every day,A few times a month,Never,Every day,Every day,I did not vote,United Democratic Alliance (UDA),Secondary School,Agriculture
Rural,Nandi,30.0,Woman,Intermediate school or Some secondary school / high school,Unemployed (Actively looking),"Unskilled manual worker (e.g., cleaner, laborer, domestic help, unskilled manufacturing worker)",Going in the right direction,Fairly bad,Approve,A lot,Undecided/No Response,Fairly well,Fairly badly,A few times a month,Never,Never,Never,Never,I voted in the election,Undecided/No Response,Secondary School,Skilled/Unskilled Labor
Rural,Nandi,21.0,Man,Intermediate school or Some secondary school / high school,Employed (Full-time),"Unskilled manual worker (e.g., cleaner, laborer, domestic help, unskilled manufacturing worker)",Going in the right direction,Fairly good,Approve,Somewhat,Increased somewhat,Fairly well,Very badly,A few times a week,Every day,Never,A few times a week,A few times a month,I voted in the election,United Democratic Alliance (UDA),Secondary School,Skilled/Unskilled Labor
Rural,Embu,25.0,Man,"Post-secondary qualifications, other than university e.g. a diploma or degree from a polytechnic or college",Unemployed (Actively looking),"Artisan or skilled manual worker (e.g., trades like electrician, mechanic, machinist or skilled manufacturing worker)",Going in the right direction,Fairly bad,Strongly approve,Not at all,Decreased somewhat,Fairly well,Fairly badly,Every day,Every day,Every day,Every day,Every day,I voted in the election,Undecided/No Response,Certificate/Diploma,Skilled/Unskilled Labor
Rural,Murang’a,54.0,Woman,Primary school completed,Employed (Full-time),Trader / hawker / vendor,Going in the wrong direction,Fairly bad,Strongly disapprove,Not at all,Increased a lot,Very badly,Fairly badly,Every day,Every day,Never,Never,Never,I voted in the election,Undecided/No Response,Primary School,Trader
Rural,Narok,39.0,Woman,Some primary schooling,Employed (Part-time),Agriculture / farming / fishing / forestry,Going in the wrong direction,Very bad,Strongly disapprove,Not at all,Increased a lot,Very badly,Very badly,Every day,A few times a week,Less than once a month,A few times a week,A few times a month,I voted in the election,Would not vote,Primary School,Agriculture
Rural,Narok,35.0,Woman,Secondary school / high school completed,Employed (Part-time),Agriculture / farming / fishing / forestry,Going in the right direction,Neither good nor bad,Approve,Just a little,Increased somewhat,Fairly well,Fairly badly,Every day,Every day,Never,Never,Never,I voted in the election,United Democratic Alliance (UDA),Secondary School,Agriculture
Rural,Murang’a,35.0,Woman,Secondary school / high school completed,Unemployed (Not looking),Housewife / homemaker,Going in the right direction,Fairly good,Approve,Not at all,Stayed the same,Fairly well,Fairly well,Every day,Every day,A few times a week,Every day,Every day,I voted in the election,Would not vote,Secondary School,Housewife
Rural,Narok,21.0,Woman,Intermediate school or Some secondary school / high school,Unemployed (Not looking),Student,Going in the wrong direction,Very bad,Strongly disapprove,Not at all,Increased a lot,Very badly,Very badly,A few times a week,Every day,Never,Every day,Never,I voted in the election,United Democratic Alliance (UDA),Secondary School,Student
Rural,Narok,19.0,Man,Secondary school / high school completed,Unemployed (Not looking),Student,Going in the right direction,Fairly good,Disapprove,Not at all,Increased a lot,Very badly,Very badly,Never,Never,Never,Never,Never,I was too young to vote,United Democratic Alliance (UDA),Secondary School,Student
Rural,Murang’a,21.0,Man,Secondary school / high school completed,Unemployed (Not looking),Student,Going in the wrong direction,Fairly bad,Approve,Just a little,Decreased somewhat,Fairly well,Very well,Every day,Every day,A few times a month,Every day,A few times a week,I was too young to vote,United Democratic Alliance (UDA),Secondary School,Student
Rural,Murang’a,32.0,Man,"Post-secondary qualifications, other than university e.g. a diploma or degree from a polytechnic or college",Employed (Part-time),"Mid-level professional (e.g., teacher, nurse, mid-level government officer)",Going in the wrong direction,Fairly good,Strongly disapprove,Just a little,Increased a lot,Very badly,Very badly,A few times a week,Every day,Less than once a month,A few times a week,A few times a week,I voted in the election,Other,Certificate/Diploma,Professional
Urban,Turkana,30.0,Man,"Post-secondary qualifications, other than university e.g. a diploma or degree from a polytechnic or college",Unemployed (Actively looking),"Artisan or skilled manual worker (e.g., trades like electrician, mechanic, machinist or skilled manufacturing worker)",Going in the wrong direction,Very bad,Approve,Just a little,Increased a lot,Fairly well,Very badly,Never,A few times a week,Never,Every day,Every day,I voted in the election,Orange Democratic Movement (ODM),Certificate/Diploma,Skilled/Unskilled Labor
Urban,Turkana,31.0,Woman,Secondary school / high school completed,Unemployed (Actively looking),"Mid-level professional (e.g., teacher, nurse, mid-level government officer)",Going in the wrong direction,Neither good nor bad,Disapprove,Somewhat,Increased somewhat,Fairly badly,Very badly,Every day,Every day,Less than once a month,Every day,Every day,I voted in the election,Would not vote,Secondary School,Professional
Rural,Nandi,47.0,Woman,Primary school completed,Unemployed (Not looking),Agriculture / farming / fishing / forestry,Going in the right direction,Fairly good,Approve,A lot,Decreased somewhat,Fairly badly,Fairly badly,Every day,A few times a month,Less than once a month,Less than once a month,Less than once a month,I voted in the election,United Democratic Alliance (UDA),Primary School,Agriculture
Urban,Makueni,23.0,Man,"Post-secondary qualifications, other than university e.g. a diploma or degree from a polytechnic or college",Employed (Part-time),Student,Going in the wrong direction,Very bad,Approve,Somewhat,Decreased somewhat,Very badly,Fairly well,Every day,Every day,Never,Every day,Every day,I did not vote,Jubilee Alliance Party (JAP),Certificate/Diploma,Student
Urban,Makueni,25.0,Man,"Post-secondary qualifications, other than university e.g. a diploma or degree from a polytechnic or college",Unemployed (Actively looking),Student,Going in the wrong direction,Neither good nor bad,Approve,Somewhat,Stayed the same,Fairly well,Fairly badly,Every day,A few times a month,A few times a week,Less than once a month,A few times a week,I did not vote,Wiper Democratic Movement (WDM–K),Certificate/Diploma,Student
Urban,Turkana,59.0,Man,"Post-secondary qualifications, other than university e.g. a diploma or degree from a polytechnic or college",Employed (Full-time),Supervisor / Foreman / Senior Manager,Going in the right direction,Fairly good,Strongly approve,A lot,Decreased somewhat,Fairly well,Fairly badly,Every day,Less than once a month,Never,Every day,A few times a week,I voted in the election,United Democratic Alliance (UDA),Certificate/Diploma,Professional
Urban,Turkana,20.0,Woman,"Post-secondary qualifications, other than university e.g. a diploma or degree from a polytechnic or college",Unemployed (Not looking),Student,Going in the wrong direction,Very bad,Undecided/No Response,Just a little,Increased somewhat,Fairly badly,Fairly badly,Never,A few times a week,Less than once a month,Every day,Every day,I was too young to vote,Undecided/No Response,Certificate/Diploma,Student
Rural,Nandi,44.0,Man,Secondary school / high school completed,Employed (Full-time),Trader / hawker / vendor,Going in the right direction,Fairly good,Strongly approve,A lot,Decreased somewhat,Fairly well,Very badly,Every day,Every day,A few times a week,Every day,Every day,I voted in the election,United Democratic Alliance (UDA),Secondary School,Trader
Urban,Makueni,21.0,Woman,"Post-secondary qualifications, other than university e.g. a diploma or degree from a polytechnic or college",Unemployed (Actively looking),Student,Going in the wrong direction,Very bad,Disapprove,Not at all,Increased a lot,Very badly,Very badly,Every day,Never,Never,Every day,Every day,I did not vote,Wiper Democratic Movement (WDM–K),Certificate/Diploma,Student
Rural,Narok,18.0,Woman,Secondary school / high school completed,Unemployed (Not looking),Student,Going in the right direction,Very good,Disapprove,A lot,Increased somewhat,Fairly badly,Fairly well,Every day,Every day,A few times a month,A few times a week,Less than once a month,I was too young to vote,Would not vote,Secondary School,Student
Urban,Makueni,22.0,Man,"Post-secondary qualifications, other than university e.g. a diploma or degree from a polytechnic or college",Unemployed (Not looking),Student,Going in the right direction,Fairly bad,Approve,A lot,Undecided/No Response,Fairly well,Undecided/No Response,A few times a month,Never,Never,Every day,Every day,I did not vote,United Democratic Alliance (UDA),Certificate/Diploma,Student
Urban,Kisii,25.0,Woman,"Post-secondary qualifications, other than university e.g. a diploma or degree from a polytechnic or college",Unemployed (Actively looking),Housewife / homemaker,Going in the wrong direction,Very bad,Approve,Somewhat,Increased somewhat,Fairly badly,Fairly well,A few times a month,A few times a week,Never,Every day,Every day,I did not vote,Orange Democratic Movement (ODM),Certificate/Diploma,Housewife
Rural,Nandi,45.0,Man,Some primary schooling,Employed (Full-time),"Unskilled manual worker (e.g., cleaner, laborer, domestic help, unskilled manufacturing worker)",Going in the right direction,Fairly good,Strongly approve,Somewhat,Increased somewhat,Fairly well,Fairly well,A few times a week,A few times a month,Never,Never,Never,I voted in the election,United Democratic Alliance (UDA),Primary School,Skilled/Unskilled Labor
Urban,Wajir,33.0,Man,University completed,Employed (Full-time),"Mid-level professional (e.g., teacher, nurse, mid-level government officer)",Going in the wrong direction,Fairly bad,Approve,Somewhat,Stayed the same,Very badly,Very badly,Never,Every day,A few times a week,Every day,Every day,I voted in the election,Jubilee Alliance Party (JAP),Bachelors Degree,Professional
Rural,Nandi,24.0,Woman,Secondary school / high school completed,Employed (Part-time),"Unskilled manual worker (e.g., cleaner, laborer, domestic help, unskilled manufacturing worker)",Going in the wrong direction,Fairly good,Approve,Just a little,Stayed the same,Fairly well,Very badly,Every day,Every day,Never,A few times a week,Never,I voted in the election,United Democratic Alliance (UDA),Secondary School,Skilled/Unskilled Labor
Urban,Kirinyaga,20.0,Woman,Secondary school / high school completed,Employed (Full-time),Trader / hawker / vendor,Going in the wrong direction,Neither good nor bad,Disapprove,Not at all,Stayed the same,Fairly badly,Fairly well,A few times a week,Every day,A few times a week,A few times a week,A few times a week,I did not vote,Would not vote,Secondary School,Trader
Urban,Kirinyaga,34.0,Woman,Secondary school / high school completed,Employed (Full-time),Retail / Shop,Going in the wrong direction,Fairly bad,Disapprove,Just a little,Increased somewhat,Fairly badly,Very badly,A few times a week,Every day,Never,A few times a week,A few times a week,I voted in the election,Would not vote,Secondary School,Trader
Urban,Kirinyaga,29.0,Man,"Post-secondary qualifications, other than university e.g. a diploma or degree from a polytechnic or college",Employed (Full-time),"Artisan or skilled manual worker (e.g., trades like electrician, mechanic, machinist or skilled manufacturing worker)",Going in the wrong direction,Fairly bad,Strongly approve,Just a little,Decreased somewhat,Fairly badly,Very badly,Every day,Every day,Never,Every day,Every day,I voted in the election,Would not vote,Certificate/Diploma,Skilled/Unskilled Labor
Urban,Kirinyaga,22.0,Man,Secondary school / high school completed,Unemployed (Actively looking),Student,Going in the wrong direction,Fairly bad,Disapprove,A lot,Stayed the same,Fairly badly,Fairly badly,Every day,Every day,Never,Every day,Every day,I voted in the election,Orange Democratic Movement (ODM),Secondary School,Student
Rural,Narok,45.0,Man,Primary school completed,Employed (Part-time),Agriculture / farming / fishing / forestry,Going in the wrong direction,Fairly bad,Disapprove,Just a little,Increased a lot,Fairly badly,Fairly badly,Every day,Never,Never,Never,Never,I voted in the election,Undecided/No Response,Primary School,Agriculture
Urban,Kisii,24.0,Woman,"Post-secondary qualifications, other than university e.g. a diploma or degree from a polytechnic or college",Unemployed (Not looking),Housewife / homemaker,Going in the wrong direction,Very bad,Strongly disapprove,Not at all,Increased a lot,Very badly,Very badly,A few times a week,A few times a month,Never,Every day,Every day,I did not vote,Orange Democratic Movement (ODM),Certificate/Diploma,Housewife
Rural,Narok,18.0,Man,Intermediate school or Some secondary school / high school,Unemployed (Not looking),Student,Going in the right direction,Very bad,Strongly disapprove,Somewhat,Increased somewhat,Very badly,Very badly,Every day,Every day,Never,Never,Never,I did not vote,United Democratic Alliance (UDA),Secondary School,Student
Rural,Narok,48.0,Man,Some primary schooling,Employed (Part-time),Retail / Shop,Going in the wrong direction,Very bad,Strongly disapprove,Not at all,Increased a lot,Very badly,Very badly,Every day,Never,Never,A few times a month,A few times a month,I voted in the election,Wiper Democratic Movement (WDM–K),Primary School,Trader
Rural,Murang’a,45.0,Man,Intermediate school or Some secondary school / high school,Employed (Part-time),"Unskilled manual worker (e.g., cleaner, laborer, domestic help, unskilled manufacturing worker)",Going in the wrong direction,Fairly bad,Approve,Just a little,Decreased somewhat,Fairly well,Fairly badly,Every day,Every day,Every day,Every day,Every day,I voted in the election,Jubilee Alliance Party (JAP),Secondary School,Skilled/Unskilled Labor
Urban,Kisii,30.0,Woman,"Post-secondary qualifications, other than university e.g. a diploma or degree from a polytechnic or college",Unemployed (Actively looking),"Mid-level professional (e.g., teacher, nurse, mid-level government officer)",Going in the wrong direction,Fairly bad,Strongly disapprove,Not at all,Stayed the same,Fairly badly,Very badly,Every day,Every day,Never,Every day,Never,I voted in the election,Undecided/No Response,Certificate/Diploma,Professional
Urban,Makueni,30.0,Woman,"Post-secondary qualifications, other than university e.g. a diploma or degree from a polytechnic or college",Unemployed (Not looking),Agriculture / farming / fishing / forestry,Going in the wrong direction,Very bad,Approve,Somewhat,Decreased somewhat,Very badly,Fairly well,Every day,Every day,Never,Every day,Every day,I did not vote,Wiper Democratic Movement (WDM–K),Certificate/Diploma,Agriculture
Urban,Turkana,30.0,Woman,Secondary school / high school completed,Unemployed (Actively looking),Trader / hawker / vendor,Going in the wrong direction,Very bad,Disapprove,Somewhat,Increased a lot,Fairly badly,Very badly,Every day,Every day,Never,Never,Never,I did not vote,Orange Democratic Movement (ODM),Secondary School,Trader
Rural,Murang’a,42.0,Man,Primary school completed,Employed (Full-time),Trader / hawker / vendor,Going in the wrong direction,Fairly bad,Approve,Somewhat,Increased a lot,Very badly,Fairly well,A few times a week,Every day,Never,Every day,Every day,I voted in the election,United Democratic Alliance (UDA),Primary School,Trader
Urban,Makueni,21.0,Woman,"Post-secondary qualifications, other than university e.g. a diploma or degree from a polytechnic or college",Unemployed (Not looking),Student,Going in the right direction,Fairly good,Approve,Not at all,Increased somewhat,Fairly well,Undecided/No Response,Less than once a month,A few times a week,Never,Every day,Every day,I did not vote,Would not vote,Certificate/Diploma,Student
Urban,Makueni,24.0,Woman,Primary school completed,Unemployed (Actively looking),Housewife / homemaker,Going in the wrong direction,Neither good nor bad,Disapprove,Just a little,Increased a lot,Fairly badly,Fairly well,Every day,A few times a month,A few times a month,Less than once a month,Never,I did not vote,Undecided/No Response,Primary School,Housewife
Urban,Turkana,27.0,Man,Secondary school / high school completed,Employed (Full-time),Retail / Shop,Going in the wrong direction,Fairly bad,Disapprove,Somewhat,Increased a lot,Very badly,Very badly,Every day,Every day,Every day,Every day,Every day,I voted in the election,Orange Democratic Movement (ODM),Secondary School,Trader
Rural,Murang’a,35.0,Woman,Secondary school / high school completed,Employed (Part-time),Agriculture / farming / fishing / forestry,Going in the wrong direction,Very bad,Strongly disapprove,Not at all,Increased a lot,Very badly,Very badly,Every day,Every day,A few times a week,Every day,A few times a week,I voted in the election,Jubilee Alliance Party (JAP),Secondary School,Agriculture
Urban,Kirinyaga,27.0,Man,Secondary school / high school completed,Employed (Full-time),"Unskilled manual worker (e.g., cleaner, laborer, domestic help, unskilled manufacturing worker)",Going in the wrong direction,Fairly good,Approve,Just a little,Stayed the same,Fairly badly,Very badly,A few times a week,A few times a week,Never,Every day,Every day,I did not vote,Would not vote,Secondary School,Skilled/Unskilled Labor
Urban,Turkana,20.0,Woman,Secondary school / high school completed,Unemployed (Actively looking),Retail / Shop,Going in the wrong direction,Very bad,Strongly disapprove,Not at all,Increased a lot,Very badly,Very badly,Every day,A few times a month,Never,Every day,A few times a week,I was too young to vote,Would not vote,Secondary School,Trader
Urban,Makueni,22.0,Man,"Post-secondary qualifications, other than university e.g. a diploma or degree from a polytechnic or college",Unemployed (Actively looking),Student,Going in the wrong direction,Very bad,Disapprove,Not at all,Increased a lot,Very badly,Very badly,A few times a week,Never,Never,Every day,Every day,I voted in the election,Would not vote,Certificate/Diploma,Student
Urban,Turkana,43.0,Man,"Post-secondary qualifications, other than university e.g. a diploma or degree from a polytechnic or college",Employed (Full-time),"Mid-level professional (e.g., teacher, nurse, mid-level government officer)",Going in the right direction,Fairly good,Strongly approve,Somewhat,Increased somewhat,Fairly badly,Fairly badly,Every day,Every day,A few times a month,A few times a week,A few times a week,I voted in the election,United Democratic Alliance (UDA),Certificate/Diploma,Professional
Urban,Kirinyaga,33.0,Man,Secondary school / high school completed,Employed (Full-time),"Artisan or skilled manual worker (e.g., trades like electrician, mechanic, machinist or skilled manufacturing worker)",Going in the wrong direction,Very bad,Strongly disapprove,Not at all,Increased a lot,Very badly,Very badly,Every day,Every day,A few times a month,A few times a week,A few times a week,I voted in the election,Would not vote,Secondary School,Skilled/Unskilled Labor
Urban,Kisii,30.0,Man,Secondary school / high school completed,Employed (Part-time),Trader / hawker / vendor,Going in the right direction,Very good,Disapprove,Not at all,Increased somewhat,Fairly badly,Fairly badly,Every day,A few times a week,A few times a month,Every day,A few times a week,I voted in the election,United Democratic Alliance (UDA),Secondary School,Trader
Urban,Kirinyaga,27.0,Woman,Secondary school / high school completed,Employed (Full-time),Retail / Shop,Going in the right direction,Fairly bad,Disapprove,Not at all,Stayed the same,Fairly badly,Fairly badly,A few times a week,Every day,Never,Every day,A few times a month,I voted in the election,Would not vote,Secondary School,Trader
Urban,Kirinyaga,35.0,Woman,Intermediate school or Some secondary school / high school,Unemployed (Actively looking),"Unskilled manual worker (e.g., cleaner, laborer, domestic help, unskilled manufacturing worker)",Going in the wrong direction,Very bad,Disapprove,Just a little,Increased a lot,Very badly,Very badly,Every day,A few times a week,Less than once a month,A few times a week,A few times a month,I voted in the election,Undecided/No Response,Secondary School,Skilled/Unskilled Labor
Rural,Makueni,56.0,Woman,Some primary schooling,Unemployed (Not looking),Housewife / homemaker,Going in the wrong direction,Fairly bad,Strongly disapprove,Not at all,Increased a lot,Very badly,Fairly badly,Every day,Every day,Never,Never,Never,I voted in the election,Wiper Democratic Movement (WDM–K),Primary School,Housewife
Urban,Kisii,45.0,Man,"Post-secondary qualifications, other than university e.g. a diploma or degree from a polytechnic or college",Employed (Part-time),Trader / hawker / vendor,Going in the wrong direction,Very bad,Strongly disapprove,A lot,Increased a lot,Very badly,Fairly well,A few times a month,Every day,Never,Every day,Every day,I voted in the election,United Democratic Alliance (UDA),Certificate/Diploma,Trader
Rural,Makueni,22.0,Man,"Post-secondary qualifications, other than university e.g. a diploma or degree from a polytechnic or college",Unemployed (Actively looking),Student,Going in the wrong direction,Neither good nor bad,Approve,Just a little,Increased a lot,Fairly badly,Very badly,A few times a month,A few times a week,Less than once a month,A few times a month,Less than once a month,I voted in the election,Wiper Democratic Movement (WDM–K),Certificate/Diploma,Student
Urban,Kisii,55.0,Man,University completed,Unemployed (Not looking),"Security services (police, army, private security)",Going in the right direction,Fairly good,Strongly disapprove,Not at all,Increased a lot,Very badly,Very badly,Every day,Every day,Never,Never,Never,I voted in the election,United Democratic Alliance (UDA),Bachelors Degree,Security Services
Urban,Kisii,27.0,Man,University completed,Employed (Full-time),Retail / Shop,Going in the wrong direction,Fairly bad,Disapprove,Not at all,Increased a lot,Very badly,Very badly,A few times a week,Every day,Less than once a month,Every day,A few times a week,I voted in the election,Orange Democratic Movement (ODM),Bachelors Degree,Trader
Rural,Makueni,42.0,Man,Primary school completed,Unemployed (Actively looking),Agriculture / farming / fishing / forestry,Going in the wrong direction,Very bad,Approve,A lot,Increased a lot,Fairly well,Very badly,Every day,Never,Never,Never,Never,I voted in the election,Wiper Democratic Movement (WDM–K),Primary School,Agriculture
Rural,Makueni,34.0,Woman,Secondary school / high school completed,Unemployed (Actively looking),Agriculture / farming / fishing / forestry,Going in the right direction,Fairly good,Approve,Somewhat,Decreased a lot,Fairly well,Fairly well,Never,Every day,Never,A few times a week,A few times a week,I voted in the election,Would not vote,Secondary School,Agriculture
Urban,Kisii,24.0,Woman,University completed,Employed (Part-time),"Mid-level professional (e.g., teacher, nurse, mid-level government officer)",Going in the wrong direction,Fairly good,Disapprove,Somewhat,Increased a lot,Fairly well,Very badly,Never,Every day,Never,Every day,Every day,I voted in the election,Undecided/No Response,Bachelors Degree,Professional
Rural,Wajir,39.0,Woman,Informal schooling only (including Koranic schooling),Unemployed (Actively looking),Housewife / homemaker,Going in the wrong direction,Fairly bad,Approve,Somewhat,Increased a lot,Fairly badly,Fairly well,Every day,Never,Never,Undecided/No Response,Undecided/No Response,I voted in the election,Jubilee Alliance Party (JAP),Informal Schooling,Housewife
Rural,Wajir,78.0,Man,Informal schooling only (including Koranic schooling),Unemployed (Not looking),Agriculture / farming / fishing / forestry,Going in the right direction,Fairly good,Approve,Somewhat,Increased a lot,Fairly well,Fairly well,Every day,Never,Never,Never,Never,I voted in the election,United Democratic Alliance (UDA),Informal Schooling,Agriculture
Rural,Murang’a,27.0,Woman,"Post-secondary qualifications, other than university e.g. a diploma or degree from a polytechnic or college",Employed (Part-time),"Mid-level professional (e.g., teacher, nurse, mid-level government officer)",Going in the wrong direction,Very bad,Strongly disapprove,Not at all,Increased a lot,Very badly,Very badly,Every day,Every day,Never,Every day,Every day,I did not vote,Would not vote,Certificate/Diploma,Professional
Rural,Wajir,52.0,Woman,Informal schooling only (including Koranic schooling),Employed (Part-time),"Unskilled manual worker (e.g., cleaner, laborer, domestic help, unskilled manufacturing worker)",Going in the right direction,Fairly good,Approve,Just a little,Stayed the same,Fairly badly,Very badly,Every day,Never,Never,Never,Never,I voted in the election,Orange Democratic Movement (ODM),Informal Schooling,Skilled/Unskilled Labor
Rural,Bungoma,34.0,Man,"Post-secondary qualifications, other than university e.g. a diploma or degree from a polytechnic or college",Unemployed (Actively looking),"Artisan or skilled manual worker (e.g., trades like electrician, mechanic, machinist or skilled manufacturing worker)",Going in the wrong direction,Very bad,Approve,Just a little,Increased a lot,Very badly,Fairly badly,Every day,Every day,Never,Every day,Every day,I voted in the election,Orange Democratic Movement (ODM),Certificate/Diploma,Skilled/Unskilled Labor
Rural,Wajir,32.0,Man,Informal schooling only (including Koranic schooling),Unemployed (Not looking),Agriculture / farming / fishing / forestry,Going in the wrong direction,Very bad,Strongly disapprove,Just a little,Increased a lot,Very badly,Very badly,Every day,Less than once a month,Never,Never,Never,I voted in the election,Would not vote,Informal Schooling,Agriculture
Rural,Bungoma,52.0,Woman,Primary school completed,Unemployed (Not looking),Agriculture / farming / fishing / forestry,Going in the right direction,Fairly good,Approve,Somewhat,Decreased somewhat,Fairly well,Fairly well,Less than once a month,Every day,Never,Never,Never,I voted in the election,Undecided/No Response,Primary School,Agriculture
Rural,Bungoma,58.0,Woman,Secondary school / high school completed,Employed (Part-time),Agriculture / farming / fishing / forestry,Going in the wrong direction,Neither good nor bad,Approve,Somewhat,Increased somewhat,Fairly well,Fairly badly,Every day,Less than once a month,Never,Never,Never,I voted in the election,United Democratic Alliance (UDA),Secondary School,Agriculture
Rural,Bungoma,58.0,Man,Primary school completed,Employed (Full-time),"Artisan or skilled manual worker (e.g., trades like electrician, mechanic, machinist or skilled manufacturing worker)",Going in the wrong direction,Fairly bad,Disapprove,Just a little,Increased a lot,Fairly badly,Fairly badly,Every day,A few times a month,A few times a month,Less than once a month,Less than once a month,I voted in the election,KANU,Primary School,Skilled/Unskilled Labor
Rural,Makueni,61.0,Man,Secondary school / high school completed,Unemployed (Not looking),Agriculture / farming / fishing / forestry,Going in the wrong direction,Very bad,Approve,Just a little,Undecided/No Response,Fairly badly,Fairly badly,Every day,Never,Never,Never,Never,I voted in the election,Wiper Democratic Movement (WDM–K),Secondary School,Agriculture
Rural,Makueni,66.0,Man,Intermediate school or Some secondary school / high school,Unemployed (Not looking),Never had a job,Going in the wrong direction,Fairly bad,Disapprove,Just a little,Increased a lot,Very badly,Very badly,Every day,Never,Never,Never,Never,I did not vote,Wiper Democratic Movement (WDM–K),Secondary School,Undecided/No Response
Rural,Lamu,28.0,Man,Primary school completed,Unemployed (Actively looking),"Unskilled manual worker (e.g., cleaner, laborer, domestic help, unskilled manufacturing worker)",Going in the wrong direction,Very bad,Strongly disapprove,Not at all,Increased somewhat,Very badly,Very badly,Never,Never,Never,Every day,Every day,I voted in the election,Undecided/No Response,Primary School,Skilled/Unskilled Labor
Rural,Lamu,22.0,Woman,Primary school completed,Unemployed (Actively looking),Agriculture / farming / fishing / forestry,Going in the right direction,Neither good nor bad,Disapprove,Not at all,Stayed the same,Fairly badly,Fairly well,Less than once a month,Less than once a month,Less than once a month,Less than once a month,Less than once a month,I did not vote,Would not vote,Primary School,Agriculture
Rural,Makueni,28.0,Woman,Secondary school / high school completed,Unemployed (Not looking),Agriculture / farming / fishing / forestry,Going in the wrong direction,Neither good nor bad,Approve,Somewhat,Stayed the same,Fairly well,Fairly badly,Every day,A few times a week,A few times a week,Every day,A few times a month,I voted in the election,Wiper Democratic Movement (WDM–K),Secondary School,Agriculture
Rural,Lamu,28.0,Man,Primary school completed,Unemployed (Actively looking),"Unskilled manual worker (e.g., cleaner, laborer, domestic help, unskilled manufacturing worker)",Going in the wrong direction,Fairly bad,Approve,Just a little,Increased somewhat,Fairly well,Fairly badly,A few times a month,A few times a month,Never,A few times a month,A few times a month,I voted in the election,Orange Democratic Movement (ODM),Primary School,Skilled/Unskilled Labor
Rural,Lamu,29.0,Woman,Secondary school / high school completed,Employed (Full-time),Trader / hawker / vendor,Going in the wrong direction,Very bad,Strongly disapprove,Not at all,Increased a lot,Very badly,Very badly,A few times a month,Every day,Never,Less than once a month,Never,I did not vote,Orange Democratic Movement (ODM),Secondary School,Trader
Urban,Nairobi,27.0,Woman,Primary school completed,Employed (Part-time),"Artisan or skilled manual worker (e.g., trades like electrician, mechanic, machinist or skilled manufacturing worker)",Going in the right direction,Fairly good,Approve,Somewhat,Stayed the same,Fairly well,Fairly well,A few times a week,Every day,Never,A few times a week,A few times a week,I voted in the election,Would not vote,Primary School,Skilled/Unskilled Labor
Rural,Embu,50.0,Woman,Primary school completed,Unemployed (Actively looking),Trader / hawker / vendor,Going in the wrong direction,Very bad,Approve,A lot,Increased somewhat,Fairly badly,Fairly well,Every day,Every day,Never,Never,Never,I voted in the election,Undecided/No Response,Primary School,Trader
Rural,Makueni,45.0,Woman,Some primary schooling,Employed (Full-time),Retail / Shop,Going in the wrong direction,Very bad,Strongly approve,A lot,Increased a lot,Very badly,Very badly,Every day,Every day,Never,Never,Never,I voted in the election,Wiper Democratic Movement (WDM–K),Primary School,Trader
Urban,Nairobi,23.0,Man,University completed,Unemployed (Actively looking),Student,Going in the right direction,Fairly bad,Approve,Somewhat,Increased a lot,Fairly well,Very badly,Never,Every day,Never,Every day,Every day,I voted in the election,Undecided/No Response,Bachelors Degree,Student
Urban,Nairobi,46.0,Woman,Primary school completed,Employed (Full-time),Trader / hawker / vendor,Going in the wrong direction,Very bad,Disapprove,Somewhat,Increased somewhat,Very badly,Very badly,Never,Every day,Never,Never,Never,I voted in the election,Would not vote,Primary School,Trader
Rural,Embu,32.0,Woman,"Post-secondary qualifications, other than university e.g. a diploma or degree from a polytechnic or college",Employed (Full-time),Retail / Shop,Going in the wrong direction,Fairly bad,Disapprove,Somewhat,Increased a lot,Fairly badly,Very badly,Every day,Every day,Less than once a month,Every day,Every day,I did not vote,Would not vote,Certificate/Diploma,Trader
Rural,Embu,36.0,Woman,Primary school completed,Unemployed (Not looking),Housewife / homemaker,Going in the wrong direction,Very bad,Disapprove,Somewhat,Increased a lot,Fairly badly,Fairly badly,A few times a week,Never,Never,Never,Never,I voted in the election,United Democratic Alliance (UDA),Primary School,Housewife
Rural,Wajir,19.0,Woman,"Post-secondary qualifications, other than university e.g. a diploma or degree from a polytechnic or college",Unemployed (Not looking),Student,Going in the wrong direction,Fairly good,Strongly disapprove,Not at all,Increased a lot,Fairly well,Very badly,A few times a week,A few times a month,A few times a month,Every day,Every day,I did not vote,Orange Democratic Movement (ODM),Certificate/Diploma,Student
Urban,Nairobi,24.0,Woman,"Post-secondary qualifications, other than university e.g. a diploma or degree from a polytechnic or college",Employed (Full-time),Trader / hawker / vendor,Undecided/No Response,Fairly bad,Disapprove,Not at all,Stayed the same,Fairly well,Very badly,Never,Every day,Never,Every day,Every day,I voted in the election,Would not vote,Certificate/Diploma,Trader
Rural,Kirinyaga,50.0,Woman,Secondary school / high school completed,Employed (Full-time),Agriculture / farming / fishing / forestry,Going in the wrong direction,Very bad,Disapprove,Just a little,Increased a lot,Fairly badly,Fairly badly,Every day,Every day,Never,Every day,Never,I voted in the election,Would not vote,Secondary School,Agriculture
Rural,Kirinyaga,38.0,Woman,"Post-secondary qualifications, other than university e.g. a diploma or degree from a polytechnic or college",Employed (Part-time),Agriculture / farming / fishing / forestry,Going in the wrong direction,Very bad,Strongly disapprove,Just a little,Increased a lot,Very badly,Very badly,Every day,A few times a week,Every day,Every day,Every day,I voted in the election,Would not vote,Certificate/Diploma,Agriculture
Rural,Wajir,37.0,Man,Some primary schooling,Unemployed (Actively looking),"Unskilled manual worker (e.g., cleaner, laborer, domestic help, unskilled manufacturing worker)",Going in the wrong direction,Fairly bad,Disapprove,A lot,Decreased somewhat,Fairly badly,Fairly badly,Every day,Never,Never,Never,Never,I voted in the election,United Democratic Alliance (UDA),Primary School,Skilled/Unskilled Labor
Rural,Kirinyaga,47.0,Man,University completed,Employed (Full-time),"Upper-level professional (e.g., banker/finance, doctor, lawyer, engineer, accountant, professor, senior-level government",Going in the wrong direction,Fairly bad,Disapprove,Just a little,Stayed the same,Very badly,Very badly,Every day,A few times a week,A few times a month,Every day,Every day,I voted in the election,National Rainbow Coalition,Bachelors Degree,Professional
Rural,Wajir,37.0,Woman,Secondary school / high school completed,Unemployed (Not looking),Housewife / homemaker,Going in the right direction,Fairly good,Approve,Just a little,Decreased somewhat,Very badly,Fairly badly,Every day,Never,Never,Never,Never,I voted in the election,United Democratic Alliance (UDA),Secondary School,Housewife
Rural,Embu,34.0,Woman,Intermediate school or Some secondary school / high school,Unemployed (Actively looking),Trader / hawker / vendor,Going in the wrong direction,Neither good nor bad,Approve,Not at all,Stayed the same,Very badly,Fairly well,Every day,A few times a week,Never,A few times a week,Never,I voted in the election,United Democratic Alliance (UDA),Secondary School,Trader
Rural,Kirinyaga,40.0,Man,Primary school completed,Employed (Full-time),Retail / Shop,Going in the right direction,Neither good nor bad,Approve,A lot,Stayed the same,Fairly well,Fairly badly,Every day,Every day,Never,Every day,Every day,I voted in the election,Would not vote,Primary School,Trader
Rural,Wajir,35.0,Man,"Post-secondary qualifications, other than university e.g. a diploma or degree from a polytechnic or college",Employed (Part-time),Trader / hawker / vendor,Going in the wrong direction,Fairly bad,Approve,Just a little,Stayed the same,Very badly,Very badly,Never,Every day,Never,Every day,Every day,I voted in the election,United Democratic Alliance (UDA),Certificate/Diploma,Trader
Rural,Lamu,27.0,Man,Secondary school / high school completed,Employed (Full-time),"Unskilled manual worker (e.g., cleaner, laborer, domestic help, unskilled manufacturing worker)",Going in the right direction,Fairly bad,Approve,Just a little,Decreased somewhat,Fairly well,Fairly well,Every day,Every day,Never,A few times a month,A few times a month,I voted in the election,United Democratic Alliance (UDA),Secondary School,Skilled/Unskilled Labor
Rural,Turkana,31.0,Woman,"Post-secondary qualifications, other than university e.g. a diploma or degree from a polytechnic or college",Employed (Full-time),"Artisan or skilled manual worker (e.g., trades like electrician, mechanic, machinist or skilled manufacturing worker)",Going in the right direction,Fairly good,Approve,Just a little,Increased somewhat,Very badly,Fairly well,Every day,Less than once a month,A few times a week,Every day,Every day,I voted in the election,Orange Democratic Movement (ODM),Certificate/Diploma,Skilled/Unskilled Labor
Rural,Turkana,28.0,Man,Some primary schooling,Unemployed (Actively looking),"Unskilled manual worker (e.g., cleaner, laborer, domestic help, unskilled manufacturing worker)",Going in the wrong direction,Very bad,Strongly disapprove,Just a little,Decreased somewhat,Very badly,Fairly well,Every day,A few times a week,Never,Less than once a month,Never,I voted in the election,Orange Democratic Movement (ODM),Primary School,Skilled/Unskilled Labor
Rural,Lamu,23.0,Woman,Primary school completed,Unemployed (Not looking),Agriculture / farming / fishing / forestry,Going in the wrong direction,Very bad,Strongly disapprove,Not at all,Increased a lot,Very badly,Very badly,Never,Never,Never,Never,Never,I voted in the election,Undecided/No Response,Primary School,Agriculture
Rural,Bungoma,45.0,Woman,Intermediate school or Some secondary school / high school,Unemployed (Not looking),Trader / hawker / vendor,Going in the wrong direction,Very bad,Strongly disapprove,Just a little,Increased a lot,Very badly,Very badly,A few times a week,A few times a week,Never,A few times a week,A few times a week,I did not vote,United Democratic Alliance (UDA),Secondary School,Trader
Rural,Lamu,32.0,Man,Secondary school / high school completed,Unemployed (Actively looking),Agriculture / farming / fishing / forestry,Going in the wrong direction,Very bad,Disapprove,Somewhat,Decreased somewhat,Fairly badly,Fairly well,Every day,Every day,Never,Every day,Every day,I voted in the election,Orange Democratic Movement (ODM),Secondary School,Agriculture
Rural,Turkana,50.0,Man,Primary school completed,Unemployed (Actively looking),"Unskilled manual worker (e.g., cleaner, laborer, domestic help, unskilled manufacturing worker)",Going in the wrong direction,Very bad,Strongly disapprove,Just a little,Increased a lot,Very badly,Very badly,Less than once a month,Never,Never,Never,Never,I voted in the election,Undecided/No Response,Primary School,Skilled/Unskilled Labor
Rural,Embu,27.0,Man,Some university,Unemployed (Actively looking),Agriculture / farming / fishing / forestry,Going in the wrong direction,Fairly bad,Approve,Somewhat,Decreased somewhat,Fairly well,Fairly well,Every day,A few times a week,Never,Every day,A few times a month,I did not vote,Orange Democratic Movement (ODM),Bachelors Degree,Agriculture
Rural,Kisii,18.0,Woman,Intermediate school or Some secondary school / high school,Unemployed (Actively looking),Student,Going in the wrong direction,Fairly bad,Disapprove,Not at all,Increased a lot,Fairly badly,Very badly,Every day,Every day,Less than once a month,A few times a week,A few times a week,I did not vote,Orange Democratic Movement (ODM),Secondary School,Student
Rural,Turkana,43.0,Woman,Some primary schooling,Unemployed (Actively looking),"Unskilled manual worker (e.g., cleaner, laborer, domestic help, unskilled manufacturing worker)",Going in the wrong direction,Very bad,Strongly approve,A lot,Increased a lot,Fairly badly,Fairly badly,Every day,Never,Never,Never,Never,I voted in the election,Undecided/No Response,Primary School,Skilled/Unskilled Labor
Rural,Kisii,33.0,Woman,"Post-secondary qualifications, other than university e.g. a diploma or degree from a polytechnic or college",Unemployed (Actively looking),Agriculture / farming / fishing / forestry,Going in the wrong direction,Fairly bad,Disapprove,A lot,Increased a lot,Very badly,Fairly badly,Every day,A few times a week,Never,Every day,Every day,I voted in the election,United Democratic Alliance (UDA),Certificate/Diploma,Agriculture
Rural,Kisii,20.0,Woman,Secondary school / high school completed,Unemployed (Actively looking),Trader / hawker / vendor,Going in the wrong direction,Very bad,Disapprove,Just a little,Increased somewhat,Fairly well,Fairly badly,Every day,Every day,A few times a week,Every day,Every day,I voted in the election,Would not vote,Secondary School,Trader
Rural,Bungoma,40.0,Man,Intermediate school or Some secondary school / high school,Employed (Full-time),"Unskilled manual worker (e.g., cleaner, laborer, domestic help, unskilled manufacturing worker)",Going in the wrong direction,Fairly bad,Disapprove,Just a little,Stayed the same,Fairly badly,Very badly,A few times a week,A few times a week,Never,A few times a month,Less than once a month,I did not vote,United Democratic Alliance (UDA),Secondary School,Skilled/Unskilled Labor
Rural,Lamu,25.0,Woman,Secondary school / high school completed,Unemployed (Actively looking),Trader / hawker / vendor,Going in the right direction,Neither good nor bad,Approve,Somewhat,Stayed the same,Fairly well,Fairly well,A few times a week,Less than once a month,Never,Never,Never,I voted in the election,United Democratic Alliance (UDA),Secondary School,Trader
Urban,Nairobi,24.0,Man,"Post-secondary qualifications, other than university e.g. a diploma or degree from a polytechnic or college",Employed (Full-time),"Artisan or skilled manual worker (e.g., trades like electrician, mechanic, machinist or skilled manufacturing worker)",Going in the right direction,Neither good nor bad,Disapprove,Somewhat,Stayed the same,Fairly well,Very badly,Less than once a month,A few times a week,Never,Every day,Every day,I voted in the election,Would not vote,Certificate/Diploma,Skilled/Unskilled Labor
Rural,Bungoma,72.0,Man,"Post-secondary qualifications, other than university e.g. a diploma or degree from a polytechnic or college",Unemployed (Not looking),"Mid-level professional (e.g., teacher, nurse, mid-level government officer)",Going in the wrong direction,Very bad,Disapprove,Just a little,Stayed the same,Very well,Fairly badly,Every day,Every day,Less than once a month,Every day,Every day,I voted in the election,Orange Democratic Movement (ODM),Certificate/Diploma,Professional
Urban,Nairobi,32.0,Woman,Intermediate school or Some secondary school / high school,Unemployed (Actively looking),Trader / hawker / vendor,Going in the right direction,Fairly good,Approve,Somewhat,Stayed the same,Fairly well,Very badly,Never,Every day,Never,Never,Never,I did not vote,Would not vote,Secondary School,Trader
Urban,Nairobi,19.0,Man,Intermediate school or Some secondary school / high school,Unemployed (Not looking),Student,Going in the wrong direction,Fairly bad,Approve,Just a little,Increased a lot,Very badly,Very badly,Never,Every day,Never,Every day,Every day,I was too young to vote,United Democratic Alliance (UDA),Secondary School,Student
Rural,Bungoma,63.0,Woman,Primary school completed,Unemployed (Not looking),"Unskilled manual worker (e.g., cleaner, laborer, domestic help, unskilled manufacturing worker)",Going in the right direction,Very bad,Disapprove,Just a little,Stayed the same,Very badly,Very badly,A few times a week,A few times a month,Less than once a month,Less than once a month,Less than once a month,I voted in the election,Orange Democratic Movement (ODM),Primary School,Skilled/Unskilled Labor
Rural,Kirinyaga,24.0,Man,"Post-secondary qualifications, other than university e.g. a diploma or degree from a polytechnic or college",Unemployed (Not looking),Agriculture / farming / fishing / forestry,Going in the wrong direction,Fairly good,Disapprove,Not at all,Increased a lot,Fairly well,Fairly badly,A few times a week,A few times a month,A few times a month,A few times a month,A few times a month,I voted in the election,Undecided/No Response,Certificate/Diploma,Agriculture
Urban,Nairobi,30.0,Man,Secondary school / high school completed,Employed (Part-time),"Artisan or skilled manual worker (e.g., trades like electrician, mechanic, machinist or skilled manufacturing worker)",Going in the wrong direction,Fairly bad,Strongly disapprove,Not at all,Increased somewhat,Fairly badly,Very badly,Every day,Every day,Less than once a month,Every day,Every day,I voted in the election,Orange Democratic Movement (ODM),Secondary School,Skilled/Unskilled Labor
Rural,Kirinyaga,25.0,Woman,Secondary school / high school completed,Unemployed (Actively looking),Never had a job,Going in the right direction,Very good,Strongly approve,A lot,Stayed the same,Very badly,Very badly,Every day,Every day,Never,A few times a month,Never,I did not vote,Would not vote,Secondary School,Undecided/No Response
Rural,Kisii,21.0,Woman,Secondary school / high school completed,Unemployed (Actively looking),"Security services (police, army, private security)",Going in the right direction,Neither good nor bad,Disapprove,Just a little,Increased somewhat,Fairly well,Fairly well,Every day,Every day,A few times a month,Every day,Every day,I did not vote,Would not vote,Secondary School,Security Services
Rural,Turkana,19.0,Man,Intermediate school or Some secondary school / high school,Unemployed (Not looking),Student,Going in the right direction,Very bad,Strongly disapprove,Just a little,Decreased somewhat,Very badly,Very badly,A few times a week,Every day,Never,A few times a month,A few times a month,I did not vote,United Democratic Alliance (UDA),Secondary School,Student
Rural,Kirinyaga,40.0,Woman,Intermediate school or Some secondary school / high school,Unemployed (Not looking),Housewife / homemaker,Going in the right direction,Very good,Approve,Not at all,Increased a lot,Fairly well,Very badly,Never,Every day,Never,Every day,A few times a week,I voted in the election,United Democratic Alliance (UDA),Secondary School,Housewife
Rural,Kirinyaga,24.0,Man,"Post-secondary qualifications, other than university e.g. a diploma or degree from a polytechnic or college",Employed (Full-time),"Artisan or skilled manual worker (e.g., trades like electrician, mechanic, machinist or skilled manufacturing worker)",Going in the right direction,Neither good nor bad,Approve,Just a little,Increased a lot,Fairly well,Very badly,A few times a week,A few times a week,Never,Every day,Every day,I voted in the election,Would not vote,Certificate/Diploma,Skilled/Unskilled Labor
Rural,Turkana,50.0,Woman,No formal schooling,Unemployed (Not looking),Housewife / homemaker,Going in the wrong direction,Very bad,Strongly disapprove,Somewhat,Increased a lot,Very badly,Very badly,Less than once a month,Never,Never,Never,Never,I voted in the election,Orange Democratic Movement (ODM),Informal Schooling,Housewife
Rural,Turkana,21.0,Woman,Some primary schooling,Unemployed (Not looking),Housewife / homemaker,Going in the wrong direction,Very bad,Strongly disapprove,Not at all,Increased a lot,Very badly,Fairly badly,Every day,Never,Never,Never,Never,I did not vote,Would not vote,Primary School,Housewife
Rural,Embu,33.0,Man,"Post-secondary qualifications, other than university e.g. a diploma or degree from a polytechnic or college",Employed (Full-time),"Mid-level professional (e.g., teacher, nurse, mid-level government officer)",Going in the wrong direction,Fairly bad,Approve,Just a little,Stayed the same,Fairly well,Fairly badly,Every day,Every day,A few times a month,Every day,Every day,I voted in the election,Orange Democratic Movement (ODM),Certificate/Diploma,Professional
Rural,Embu,22.0,Man,"Post-secondary qualifications, other than university e.g. a diploma or degree from a polytechnic or college",Employed (Full-time),Trader / hawker / vendor,Going in the wrong direction,Fairly bad,Strongly approve,Just a little,Increased somewhat,Fairly badly,Very badly,Every day,A few times a week,Never,Every day,Every day,I did not vote,United Democratic Alliance (UDA),Certificate/Diploma,Trader
Rural,Embu,28.0,Man,"Post-secondary qualifications, other than university e.g. a diploma or degree from a polytechnic or college",Employed (Full-time),"Artisan or skilled manual worker (e.g., trades like electrician, mechanic, machinist or skilled manufacturing worker)",Going in the wrong direction,Fairly bad,Approve,Just a little,Increased somewhat,Fairly badly,Fairly well,Every day,Every day,Never,Every day,Every day,I voted in the election,Undecided/No Response,Certificate/Diploma,Skilled/Unskilled Labor
Rural,Kisii,61.0,Man,Secondary school / high school completed,Unemployed (Not looking),Agriculture / farming / fishing / forestry,Going in the right direction,Very bad,Strongly approve,A lot,Decreased somewhat,Fairly well,Fairly badly,Never,Every day,Never,Never,Never,I voted in the election,United Democratic Alliance (UDA),Secondary School,Agriculture
Rural,Kisii,49.0,Man,"Post-secondary qualifications, other than university e.g. a diploma or degree from a polytechnic or college",Employed (Part-time),"Artisan or skilled manual worker (e.g., trades like electrician, mechanic, machinist or skilled manufacturing worker)",Going in the wrong direction,Fairly bad,Approve,Somewhat,Increased somewhat,Fairly badly,Very badly,Every day,Never,Never,Never,Never,I voted in the election,United Democratic Alliance (UDA),Certificate/Diploma,Skilled/Unskilled Labor
Rural,Kisii,23.0,Man,Secondary school / high school completed,Unemployed (Not looking),Trader / hawker / vendor,Going in the right direction,Fairly good,Approve,A lot,Increased somewhat,Fairly well,Fairly badly,Every day,Every day,Every day,A few times a week,Every day,I did not vote,Orange Democratic Movement (ODM),Secondary School,Trader
Rural,Turkana,41.0,Man,Primary school completed,Employed (Full-time),Retail / Shop,Going in the right direction,Very bad,Undecided/No Response,Undecided/No Response,Increased a lot,Fairly well,Undecided/No Response,Every day,Every day,Never,Every day,Never,I voted in the election,Undecided/No Response,Primary School,Trader
Rural,Makueni,32.0,Woman,Secondary school / high school completed,Unemployed (Actively looking),Agriculture / farming / fishing / forestry,Going in the wrong direction,Fairly bad,Disapprove,Just a little,Decreased somewhat,Fairly badly,Fairly well,Every day,A few times a week,Never,A few times a week,A few times a week,I did not vote,Undecided/No Response,Secondary School,Agriculture
Rural,Makueni,45.0,Woman,Primary school completed,Employed (Full-time),"Unskilled manual worker (e.g., cleaner, laborer, domestic help, unskilled manufacturing worker)",Going in the wrong direction,Fairly bad,Strongly disapprove,Not at all,Increased a lot,Very badly,Fairly badly,Every day,Every day,Never,Never,Never,I voted in the election,Wiper Democratic Movement (WDM–K),Primary School,Skilled/Unskilled Labor
Rural,Makueni,25.0,Man,Secondary school / high school completed,Employed (Part-time),"Unskilled manual worker (e.g., cleaner, laborer, domestic help, unskilled manufacturing worker)",Going in the wrong direction,Very bad,Approve,Somewhat,Increased a lot,Very badly,Very badly,Every day,Never,Never,Every day,Every day,I voted in the election,Wiper Democratic Movement (WDM–K),Secondary School,Skilled/Unskilled Labor
Rural,Kisii,91.0,Man,University completed,Unemployed (Not looking),"Upper-level professional (e.g., banker/finance, doctor, lawyer, engineer, accountant, professor, senior-level government",Going in the wrong direction,Very bad,Disapprove,Somewhat,Stayed the same,Fairly well,Very badly,Every day,Every day,A few times a week,Never,Never,I voted in the election,Undecided/No Response,Bachelors Degree,Professional
Rural,Makueni,43.0,Man,Secondary school / high school completed,Employed (Part-time),Agriculture / farming / fishing / forestry,Going in the right direction,Neither good nor bad,Strongly approve,Somewhat,Stayed the same,Fairly well,Fairly well,A few times a week,Every day,Less than once a month,A few times a week,A few times a month,I voted in the election,Wiper Democratic Movement (WDM–K),Secondary School,Agriculture
Rural,Lamu,31.0,Woman,Primary school completed,Unemployed (Actively looking),"Security services (police, army, private security)",Going in the wrong direction,Very bad,Strongly disapprove,Not at all,Increased somewhat,Very badly,Very badly,A few times a week,Less than once a month,Never,Never,Never,I voted in the election,Would not vote,Primary School,Security Services
Rural,Wajir,50.0,Man,University completed,Employed (Full-time),"Mid-level professional (e.g., teacher, nurse, mid-level government officer)",Going in the wrong direction,Very bad,Disapprove,Not at all,Decreased somewhat,Very badly,Fairly well,Every day,A few times a week,A few times a month,Every day,Every day,I voted in the election,Orange Democratic Movement (ODM),Bachelors Degree,Professional
Rural,Wajir,21.0,Woman,"Post-secondary qualifications, other than university e.g. a diploma or degree from a polytechnic or college",Unemployed (Actively looking),Housewife / homemaker,Going in the right direction,Very bad,Approve,Somewhat,Increased a lot,Fairly badly,Fairly badly,Every day,Never,Never,Every day,Every day,I did not vote,United Democratic Alliance (UDA),Certificate/Diploma,Housewife
Rural,Lamu,45.0,Man,No formal schooling,Unemployed (Actively looking),Trader / hawker / vendor,Going in the right direction,Neither good nor bad,Approve,A lot,Increased somewhat,Very badly,Very badly,Every day,Never,Never,Never,Never,I voted in the election,Undecided/No Response,Informal Schooling,Trader
Rural,Lamu,26.0,Man,Secondary school / high school completed,Employed (Full-time),"Security services (police, army, private security)",Going in the wrong direction,Very bad,Strongly disapprove,Not at all,Increased a lot,Very badly,Fairly well,Every day,Every day,Every day,Every day,A few times a week,I voted in the election,Orange Democratic Movement (ODM),Secondary School,Security Services
Rural,Wajir,20.0,Woman,Secondary school / high school completed,Employed (Part-time),Retail / Shop,Going in the right direction,Fairly good,Approve,Somewhat,Stayed the same,Very badly,Very badly,Never,Every day,Less than once a month,Every day,Every day,I was too young to vote,Orange Democratic Movement (ODM),Secondary School,Trader
Rural,Wajir,52.0,Man,Primary school completed,Employed (Full-time),Retail / Shop,Going in the right direction,Fairly good,Approve,Somewhat,Increased somewhat,Fairly badly,Fairly well,Every day,Every day,A few times a month,Never,Never,I voted in the election,United Democratic Alliance (UDA),Primary School,Trader
Rural,Lamu,21.0,Woman,Primary school completed,Unemployed (Not looking),Housewife / homemaker,Going in the right direction,Fairly bad,Strongly disapprove,A lot,Decreased somewhat,Fairly badly,Fairly well,A few times a week,A few times a week,Never,Never,Never,I did not vote,Undecided/No Response,Primary School,Housewife
Urban,Kirinyaga,25.0,Man,Secondary school / high school completed,Employed (Full-time),"Artisan or skilled manual worker (e.g., trades like electrician, mechanic, machinist or skilled manufacturing worker)",Going in the wrong direction,Very good,Strongly approve,Somewhat,Decreased somewhat,Fairly well,Fairly well,A few times a week,Every day,Never,Every day,A few times a month,I voted in the election,Would not vote,Secondary School,Skilled/Unskilled Labor
Urban,Kirinyaga,36.0,Man,Secondary school / high school completed,Employed (Full-time),Trader / hawker / vendor,Going in the right direction,Fairly good,Approve,Somewhat,Stayed the same,Fairly well,Fairly badly,A few times a week,Every day,Never,Never,Never,I voted in the election,United Democratic Alliance (UDA),Secondary School,Trader
Urban,Kirinyaga,25.0,Woman,"Post-secondary qualifications, other than university e.g. a diploma or degree from a polytechnic or college",Employed (Full-time),Trader / hawker / vendor,Going in the wrong direction,Fairly bad,Disapprove,Just a little,Increased somewhat,Fairly badly,Fairly badly,Every day,A few times a week,Never,Every day,Every day,I did not vote,Would not vote,Certificate/Diploma,Trader
Urban,Kirinyaga,24.0,Woman,University completed,Employed (Full-time),Supervisor / Foreman / Senior Manager,Going in the right direction,Fairly bad,Approve,Just a little,Increased a lot,Fairly well,Fairly well,A few times a month,A few times a week,Never,Every day,Every day,I voted in the election,United Democratic Alliance (UDA),Bachelors Degree,Professional
Rural,Makueni,50.0,Man,Primary school completed,Unemployed (Actively looking),Agriculture / farming / fishing / forestry,Going in the wrong direction,Very bad,Disapprove,Just a little,Increased a lot,Fairly badly,Fairly well,Every day,Never,Never,Never,Never,I voted in the election,Wiper Democratic Movement (WDM–K),Primary School,Agriculture
Rural,Makueni,55.0,Man,Intermediate school or Some secondary school / high school,Employed (Full-time),"Unskilled manual worker (e.g., cleaner, laborer, domestic help, unskilled manufacturing worker)",Going in the wrong direction,Fairly bad,Strongly disapprove,Not at all,Increased a lot,Very badly,Very badly,Every day,Never,Never,Never,Never,I voted in the election,Wiper Democratic Movement (WDM–K),Secondary School,Skilled/Unskilled Labor
Rural,Makueni,24.0,Woman,"Post-secondary qualifications, other than university e.g. a diploma or degree from a polytechnic or college",Employed (Full-time),Agriculture / farming / fishing / forestry,Going in the right direction,Fairly good,Approve,Somewhat,Increased somewhat,Fairly badly,Fairly badly,A few times a month,Never,A few times a week,Every day,A few times a month,I did not vote,Wiper Democratic Movement (WDM–K),Certificate/Diploma,Agriculture
Rural,Lamu,70.0,Man,No formal schooling,Employed (Full-time),"Artisan or skilled manual worker (e.g., trades like electrician, mechanic, machinist or skilled manufacturing worker)",Going in the right direction,Fairly good,Strongly approve,A lot,Stayed the same,Very badly,Fairly well,Less than once a month,Less than once a month,Less than once a month,Less than once a month,Less than once a month,I voted in the election,United Democratic Alliance (UDA),Informal Schooling,Skilled/Unskilled Labor
Rural,Lamu,35.0,Woman,Secondary school / high school completed,Unemployed (Actively looking),"Unskilled manual worker (e.g., cleaner, laborer, domestic help, unskilled manufacturing worker)",Going in the wrong direction,Very bad,Strongly disapprove,Not at all,Increased a lot,Very badly,Very badly,Less than once a month,Never,Never,Never,Never,I voted in the election,Would not vote,Secondary School,Skilled/Unskilled Labor
Rural,Kakamega,52.0,Woman,Secondary school / high school completed,Employed (Part-time),Retail / Shop,Going in the right direction,Fairly good,Approve,A lot,Stayed the same,Fairly well,Fairly well,A few times a week,Every day,Never,A few times a week,A few times a month,I voted in the election,United Democratic Alliance (UDA),Secondary School,Trader
Rural,Kakamega,40.0,Woman,Intermediate school or Some secondary school / high school,Unemployed (Not looking),Agriculture / farming / fishing / forestry,Going in the right direction,Fairly good,Approve,Just a little,Stayed the same,Fairly well,Fairly well,Every day,Less than once a month,Never,Never,Never,I voted in the election,Would not vote,Secondary School,Agriculture
Rural,Lamu,46.0,Man,Secondary school / high school completed,Employed (Full-time),Agriculture / farming / fishing / forestry,Going in the wrong direction,Fairly bad,Strongly disapprove,Not at all,Increased a lot,Very badly,Very badly,Every day,A few times a month,Less than once a month,Never,Never,I voted in the election,Orange Democratic Movement (ODM),Secondary School,Agriculture
Rural,Wajir,25.0,Woman,Secondary school / high school completed,Unemployed (Not looking),Housewife / homemaker,Going in the right direction,Fairly good,Disapprove,Somewhat,Increased a lot,Fairly badly,Fairly well,A few times a week,Every day,Never,Every day,Every day,I voted in the election,Orange Democratic Movement (ODM),Secondary School,Housewife
Rural,Lamu,29.0,Woman,Intermediate school or Some secondary school / high school,Unemployed (Actively looking),Never had a job,Going in the wrong direction,Very bad,Undecided/No Response,Just a little,Increased a lot,Very badly,Very badly,Never,Never,Never,Never,Never,I did not vote,Would not vote,Secondary School,Undecided/No Response
Rural,Wajir,50.0,Man,Primary school completed,Employed (Full-time),"Artisan or skilled manual worker (e.g., trades like electrician, mechanic, machinist or skilled manufacturing worker)",Going in the wrong direction,Fairly bad,Approve,Somewhat,Stayed the same,Fairly badly,Very badly,Every day,A few times a month,Never,A few times a week,A few times a month,I voted in the election,Orange Democratic Movement (ODM),Primary School,Skilled/Unskilled Labor
Rural,Kakamega,22.0,Man,Primary school completed,Unemployed (Actively looking),"Unskilled manual worker (e.g., cleaner, laborer, domestic help, unskilled manufacturing worker)",Going in the wrong direction,Fairly bad,Strongly disapprove,Just a little,Increased a lot,Very badly,Fairly badly,Every day,A few times a week,Never,Never,Never,I did not vote,Orange Democratic Movement (ODM),Primary School,Skilled/Unskilled Labor
Rural,Wajir,29.0,Woman,Primary school completed,Employed (Part-time),Trader / hawker / vendor,Going in the right direction,Fairly good,Approve,Somewhat,Increased a lot,Fairly badly,Fairly badly,Every day,Every day,Never,A few times a week,A few times a week,I voted in the election,Jubilee Alliance Party (JAP),Primary School,Trader
Rural,Wajir,23.0,Man,Primary school completed,Unemployed (Actively looking),Never had a job,Going in the wrong direction,Fairly bad,Disapprove,Not at all,Increased a lot,Fairly badly,Fairly badly,Every day,Never,Never,Never,Never,I voted in the election,United Democratic Alliance (UDA),Primary School,Undecided/No Response
Rural,Makueni,25.0,Woman,"Post-secondary qualifications, other than university e.g. a diploma or degree from a polytechnic or college",Employed (Full-time),Trader / hawker / vendor,Going in the wrong direction,Very bad,Strongly disapprove,Somewhat,Increased a lot,Very badly,Fairly badly,Every day,Every day,Never,Every day,Every day,I voted in the election,Wiper Democratic Movement (WDM–K),Certificate/Diploma,Trader
Urban,Kirinyaga,25.0,Woman,"Post-secondary qualifications, other than university e.g. a diploma or degree from a polytechnic or college",Employed (Full-time),"Mid-level professional (e.g., teacher, nurse, mid-level government officer)",Going in the wrong direction,Fairly bad,Disapprove,Somewhat,Increased a lot,Very badly,Very well,A few times a week,Every day,A few times a month,Every day,Every day,I voted in the election,United Democratic Alliance (UDA),Certificate/Diploma,Professional
Rural,Kakamega,21.0,Man,Intermediate school or Some secondary school / high school,Unemployed (Not looking),Never had a job,Going in the wrong direction,Fairly bad,Approve,Undecided/No Response,Decreased a lot,Fairly badly,Fairly well,Less than once a month,Every day,Never,A few times a week,A few times a week,I was too young to vote,Would not vote,Secondary School,Undecided/No Response
Urban,Kirinyaga,26.0,Man,Secondary school / high school completed,Unemployed (Actively looking),"Unskilled manual worker (e.g., cleaner, laborer, domestic help, unskilled manufacturing worker)",Going in the right direction,Fairly good,Approve,Somewhat,Increased somewhat,Fairly well,Fairly well,Every day,Every day,Less than once a month,Every day,Less than once a month,I did not vote,Undecided/No Response,Secondary School,Skilled/Unskilled Labor
Urban,Kirinyaga,48.0,Woman,Intermediate school or Some secondary school / high school,Unemployed (Not looking),Housewife / homemaker,Going in the right direction,Fairly good,Approve,Somewhat,Stayed the same,Fairly well,Fairly well,A few times a week,Every day,Never,Never,Never,I voted in the election,United Democratic Alliance (UDA),Secondary School,Housewife
Urban,Kisii,20.0,Woman,Some university,Unemployed (Not looking),Student,Going in the wrong direction,Very bad,Strongly disapprove,Not at all,Increased a lot,Very badly,Very badly,Never,A few times a week,Never,Every day,Every day,I did not vote,Jubilee Alliance Party (JAP),Bachelors Degree,Student
Urban,Kisii,28.0,Woman,"Post-secondary qualifications, other than university e.g. a diploma or degree from a polytechnic or college",Unemployed (Actively looking),Trader / hawker / vendor,Going in the wrong direction,Very bad,Approve,Somewhat,Increased a lot,Fairly badly,Fairly badly,Every day,Less than once a month,Never,Every day,Every day,I voted in the election,Wiper Democratic Movement (WDM–K),Certificate/Diploma,Trader
Urban,Kisii,20.0,Woman,Secondary school / high school completed,Unemployed (Not looking),Trader / hawker / vendor,Going in the wrong direction,Very bad,Disapprove,Somewhat,Increased somewhat,Very badly,Very badly,Every day,A few times a month,Less than once a month,Every day,Every day,I did not vote,United Democratic Alliance (UDA),Secondary School,Trader
Rural,Kakamega,42.0,Man,Some primary schooling,Unemployed (Actively looking),"Unskilled manual worker (e.g., cleaner, laborer, domestic help, unskilled manufacturing worker)",Going in the right direction,Very bad,Approve,A lot,Decreased a lot,Fairly well,Very badly,Every day,Every day,Never,Never,Never,I voted in the election,Orange Democratic Movement (ODM),Primary School,Skilled/Unskilled Labor
Urban,Kisii,18.0,Man,Secondary school / high school completed,Unemployed (Not looking),Student,Going in the wrong direction,Very bad,Strongly disapprove,Not at all,Increased somewhat,Very badly,Fairly well,A few times a week,Every day,Never,Every day,Never,I did not vote,Orange Democratic Movement (ODM),Secondary School,Student
Urban,Kirinyaga,24.0,Man,Secondary school / high school completed,Employed (Part-time),"Artisan or skilled manual worker (e.g., trades like electrician, mechanic, machinist or skilled manufacturing worker)",Going in the right direction,Fairly bad,Strongly approve,Just a little,Stayed the same,Fairly well,Fairly well,A few times a month,Every day,Never,Every day,A few times a month,I did not vote,United Democratic Alliance (UDA),Secondary School,Skilled/Unskilled Labor
Rural,Kakamega,45.0,Woman,Intermediate school or Some secondary school / high school,Unemployed (Not looking),Agriculture / farming / fishing / forestry,Going in the wrong direction,Very bad,Strongly disapprove,Not at all,Increased a lot,Fairly badly,Very badly,A few times a week,Every day,Never,Never,Never,I voted in the election,Orange Democratic Movement (ODM),Secondary School,Agriculture
Rural,Kakamega,39.0,Woman,Intermediate school or Some secondary school / high school,Unemployed (Actively looking),Housewife / homemaker,Going in the wrong direction,Fairly bad,Strongly disapprove,Not at all,Increased a lot,Fairly badly,Very badly,Every day,Every day,Never,A few times a week,A few times a week,I voted in the election,Orange Democratic Movement (ODM),Secondary School,Housewife
Rural,Kakamega,35.0,Man,Secondary school / high school completed,Employed (Part-time),Agriculture / farming / fishing / forestry,Going in the wrong direction,Fairly bad,Disapprove,Just a little,Increased somewhat,Fairly well,Fairly badly,A few times a week,Every day,Never,Every day,A few times a week,I voted in the election,Orange Democratic Movement (ODM),Secondary School,Agriculture
Rural,Nyamira  ,34.0,Woman,Some primary schooling,Employed (Part-time),Trader / hawker / vendor,Going in the wrong direction,Fairly bad,Disapprove,A lot,Stayed the same,Fairly well,Fairly well,Never,Never,Never,Never,Never,I voted in the election,Undecided/No Response,Primary School,Trader
Rural,Nyamira  ,35.0,Woman,Some primary schooling,Employed (Part-time),"Unskilled manual worker (e.g., cleaner, laborer, domestic help, unskilled manufacturing worker)",Going in the wrong direction,Very bad,Strongly disapprove,Not at all,Stayed the same,Very badly,Very badly,Every day,Never,Never,Never,Never,I voted in the election,Orange Democratic Movement (ODM),Primary School,Skilled/Unskilled Labor
Rural,Nyamira  ,35.0,Woman,University completed,Employed (Full-time),"Mid-level professional (e.g., teacher, nurse, mid-level government officer)",Going in the wrong direction,Fairly good,Approve,Not at all,Increased a lot,Fairly well,Very badly,A few times a week,Every day,Never,Every day,Every day,I voted in the election,Would not vote,Bachelors Degree,Professional
Urban,Wajir,27.0,Woman,Intermediate school or Some secondary school / high school,Unemployed (Actively looking),Housewife / homemaker,Going in the right direction,Fairly bad,Approve,Just a little,Stayed the same,Very badly,Very badly,A few times a week,A few times a month,Less than once a month,A few times a week,A few times a week,I voted in the election,Jubilee Alliance Party (JAP),Secondary School,Housewife
Urban,Wajir,52.0,Man,No formal schooling,Unemployed (Not looking),Agriculture / farming / fishing / forestry,Going in the right direction,Very bad,Disapprove,Undecided/No Response,Increased a lot,Very badly,Very badly,A few times a week,Never,Never,Never,Never,I voted in the election,Would not vote,Informal Schooling,Agriculture
Urban,Wajir,25.0,Man,"Post-secondary qualifications, other than university e.g. a diploma or degree from a polytechnic or college",Unemployed (Actively looking),"Artisan or skilled manual worker (e.g., trades like electrician, mechanic, machinist or skilled manufacturing worker)",Going in the wrong direction,Very bad,Strongly disapprove,Not at all,Increased a lot,Very badly,Very badly,Never,Every day,Never,Every day,Every day,I voted in the election,Would not vote,Certificate/Diploma,Skilled/Unskilled Labor
Urban,Wajir,30.0,Woman,Intermediate school or Some secondary school / high school,Unemployed (Actively looking),Housewife / homemaker,Going in the right direction,Fairly good,Disapprove,Just a little,Increased a lot,Fairly badly,Fairly badly,Every day,Never,Never,Never,Never,I voted in the election,Orange Democratic Movement (ODM),Secondary School,Housewife
Rural,Turkana,26.0,Woman,Some primary schooling,Unemployed (Not looking),"Artisan or skilled manual worker (e.g., trades like electrician, mechanic, machinist or skilled manufacturing worker)",Going in the right direction,Fairly bad,Approve,Not at all,Undecided/No Response,Fairly badly,Undecided/No Response,Every day,Never,Never,Never,Never,I voted in the election,Orange Democratic Movement (ODM),Primary School,Skilled/Unskilled Labor
Rural,Turkana,25.0,Man,No formal schooling,Unemployed (Not looking),"Unskilled manual worker (e.g., cleaner, laborer, domestic help, unskilled manufacturing worker)",Going in the wrong direction,Very bad,Approve,Not at all,Increased a lot,Very badly,Fairly badly,Less than once a month,Never,Never,Never,Never,I voted in the election,United Democratic Alliance (UDA),Informal Schooling,Skilled/Unskilled Labor
Rural,Turkana,79.0,Man,No formal schooling,Unemployed (Not looking),Agriculture / farming / fishing / forestry,Going in the wrong direction,Fairly bad,Strongly disapprove,Just a little,Decreased somewhat,Very badly,Very badly,Never,Never,Never,Never,Never,I did not vote,Would not vote,Informal Schooling,Agriculture
Rural,Turkana,40.0,Woman,Some primary schooling,Unemployed (Actively looking),Housewife / homemaker,Going in the wrong direction,Very bad,Strongly approve,A lot,Undecided/No Response,Fairly badly,Undecided/No Response,Never,Never,Never,Never,Never,I voted in the election,Undecided/No Response,Primary School,Housewife
Rural,Nyamira  ,50.0,Woman,Primary school completed,Employed (Part-time),Trader / hawker / vendor,Going in the wrong direction,Fairly bad,Strongly disapprove,Just a little,Increased a lot,Fairly well,Fairly badly,Every day,Every day,Never,Every day,Every day,I voted in the election,Orange Democratic Movement (ODM),Primary School,Trader
Rural,Nyamira  ,60.0,Man,Secondary school / high school completed,Employed (Part-time),Agriculture / farming / fishing / forestry,Going in the wrong direction,Very bad,Disapprove,Somewhat,Increased a lot,Very badly,Very badly,Every day,A few times a month,Never,Never,Never,I voted in the election,Orange Democratic Movement (ODM),Secondary School,Agriculture
Rural,Nyamira  ,41.0,Man,Primary school completed,Employed (Full-time),"Unskilled manual worker (e.g., cleaner, laborer, domestic help, unskilled manufacturing worker)",Going in the wrong direction,Very bad,Strongly disapprove,Just a little,Increased a lot,Very badly,Fairly badly,A few times a week,Never,Never,Never,Never,I voted in the election,Orange Democratic Movement (ODM),Primary School,Skilled/Unskilled Labor
Rural,Nyamira  ,37.0,Man,Intermediate school or Some secondary school / high school,Unemployed (Not looking),Agriculture / farming / fishing / forestry,Going in the wrong direction,Very bad,Disapprove,Somewhat,Increased a lot,Very badly,Very badly,Every day,A few times a month,Never,Every day,Every day,I voted in the election,Orange Democratic Movement (ODM),Secondary School,Agriculture
Urban,Wajir,35.0,Woman,Some primary schooling,Unemployed (Not looking),Housewife / homemaker,Going in the right direction,Fairly good,Strongly disapprove,Not at all,Increased a lot,Very badly,Undecided/No Response,Every day,Never,Never,Never,Never,I voted in the election,Orange Democratic Movement (ODM),Primary School,Housewife
Urban,Wajir,19.0,Woman,"Post-secondary qualifications, other than university e.g. a diploma or degree from a polytechnic or college",Unemployed (Not looking),Student,Going in the right direction,Fairly good,Approve,Somewhat,Increased somewhat,Fairly well,Fairly badly,A few times a week,Every day,A few times a month,Every day,Every day,I did not vote,Orange Democratic Movement (ODM),Certificate/Diploma,Student
Rural,Turkana,23.0,Woman,Some primary schooling,Unemployed (Not looking),Housewife / homemaker,Going in the wrong direction,Very bad,Strongly disapprove,Not at all,Stayed the same,Very badly,Fairly badly,A few times a month,Never,Never,Never,Never,I voted in the election,Would not vote,Primary School,Housewife
Rural,Turkana,24.0,Man,Primary school completed,Unemployed (Actively looking),Agriculture / farming / fishing / forestry,Going in the wrong direction,Fairly bad,Disapprove,Just a little,Increased a lot,Very badly,Very badly,Every day,Never,Never,Never,Never,I voted in the election,Orange Democratic Movement (ODM),Primary School,Agriculture
Urban,Nairobi,23.0,Man,"Post-secondary qualifications, other than university e.g. a diploma or degree from a polytechnic or college",Unemployed (Actively looking),Student,Going in the wrong direction,Fairly bad,Disapprove,Just a little,Increased a lot,Fairly badly,Very badly,Less than once a month,A few times a month,Never,Every day,A few times a week,I voted in the election,Undecided/No Response,Certificate/Diploma,Student
Rural,Turkana,47.0,Man,Primary school completed,Employed (Full-time),Agriculture / farming / fishing / forestry,Going in the wrong direction,Very bad,Approve,A lot,Increased a lot,Fairly badly,Fairly badly,Every day,Never,Never,Never,Never,I voted in the election,United Democratic Alliance (UDA),Primary School,Agriculture
Rural,Turkana,24.0,Woman,No formal schooling,Unemployed (Not looking),Housewife / homemaker,Going in the right direction,Fairly bad,Disapprove,Somewhat,Decreased somewhat,Very badly,Very badly,Never,Never,Never,Never,Never,I voted in the election,Orange Democratic Movement (ODM),Informal Schooling,Housewife
Rural,Nyamira  ,18.0,Man,Intermediate school or Some secondary school / high school,Unemployed (Not looking),Student,Going in the wrong direction,Fairly bad,Strongly approve,Just a little,Decreased somewhat,Fairly badly,Fairly badly,Every day,A few times a week,Never,Every day,A few times a week,I did not vote,Orange Democratic Movement (ODM),Secondary School,Student
Urban,Nairobi,43.0,Woman,"Post-secondary qualifications, other than university e.g. a diploma or degree from a polytechnic or college",Employed (Full-time),Supervisor / Foreman / Senior Manager,Going in the wrong direction,Very bad,Strongly disapprove,Not at all,Increased a lot,Very badly,Very badly,Never,Every day,Never,Every day,Every day,I voted in the election,Would not vote,Certificate/Diploma,Professional
Urban,Wajir,25.0,Man,"Post-secondary qualifications, other than university e.g. a diploma or degree from a polytechnic or college",Employed (Full-time),"Mid-level professional (e.g., teacher, nurse, mid-level government officer)",Going in the wrong direction,Fairly good,Disapprove,Just a little,Increased a lot,Fairly badly,Fairly badly,A few times a week,Every day,Never,Every day,Every day,I voted in the election,Orange Democratic Movement (ODM),Certificate/Diploma,Professional
Urban,Wajir,18.0,Man,Intermediate school or Some secondary school / high school,Unemployed (Not looking),Student,Going in the right direction,Fairly bad,Approve,Just a little,Stayed the same,Very badly,Very badly,A few times a month,A few times a week,Never,A few times a week,A few times a week,I was too young to vote,Jubilee Alliance Party (JAP),Secondary School,Student
Urban,Nairobi,33.0,Woman,University completed,Employed (Full-time),"Upper-level professional (e.g., banker/finance, doctor, lawyer, engineer, accountant, professor, senior-level government",Going in the wrong direction,Fairly good,Strongly disapprove,Not at all,Stayed the same,Fairly badly,Fairly well,Less than once a month,A few times a month,Never,A few times a week,A few times a week,I voted in the election,Would not vote,Bachelors Degree,Professional
Rural,Nyandarua,23.0,Woman,Some primary schooling,Unemployed (Not looking),"Unskilled manual worker (e.g., cleaner, laborer, domestic help, unskilled manufacturing worker)",Going in the wrong direction,Fairly good,Approve,Just a little,Increased somewhat,Fairly well,Fairly badly,Every day,Every day,Never,Never,Never,I did not vote,Would not vote,Primary School,Skilled/Unskilled Labor
Urban,Nairobi,35.0,Man,University completed,Employed (Full-time),"Upper-level professional (e.g., banker/finance, doctor, lawyer, engineer, accountant, professor, senior-level government",Going in the wrong direction,Fairly bad,Strongly disapprove,Just a little,Increased a lot,Very badly,Very badly,Never,Every day,A few times a month,Every day,Every day,I voted in the election,Undecided/No Response,Bachelors Degree,Professional
Urban,Kisii,20.0,Man,Some university,Employed (Part-time),Trader / hawker / vendor,Going in the wrong direction,Fairly bad,Strongly disapprove,Not at all,Increased a lot,Very badly,Very badly,Every day,Every day,Every day,Every day,Every day,I did not vote,NARC – Kenya,Bachelors Degree,Trader
Urban,Kisii,38.0,Man,Secondary school / high school completed,Employed (Full-time),Trader / hawker / vendor,Going in the wrong direction,Fairly bad,Strongly disapprove,Somewhat,Increased somewhat,Fairly badly,Fairly well,Every day,A few times a week,A few times a week,A few times a week,A few times a week,I voted in the election,Orange Democratic Movement (ODM),Secondary School,Trader
Urban,Kisii,22.0,Woman,Some university,Unemployed (Not looking),Student,Going in the right direction,Fairly good,Approve,Somewhat,Increased a lot,Fairly well,Very badly,Every day,A few times a week,A few times a week,Every day,Every day,I did not vote,Undecided/No Response,Bachelors Degree,Student
Urban,Nairobi,27.0,Man,University completed,Employed (Full-time),"Mid-level professional (e.g., teacher, nurse, mid-level government officer)",Going in the wrong direction,Fairly bad,Approve,Somewhat,Increased somewhat,Fairly badly,Fairly badly,Never,Every day,Less than once a month,Every day,Every day,I voted in the election,United Democratic Alliance (UDA),Bachelors Degree,Professional
Urban,Kisii,26.0,Man,University completed,Unemployed (Actively looking),"Mid-level professional (e.g., teacher, nurse, mid-level government officer)",Going in the right direction,Neither good nor bad,Approve,Just a little,Stayed the same,Fairly well,Fairly badly,Every day,Every day,A few times a week,Every day,Every day,I voted in the election,United Democratic Alliance (UDA),Bachelors Degree,Professional
Rural,Turkana,27.0,Woman,Intermediate school or Some secondary school / high school,Unemployed (Actively looking),Housewife / homemaker,Going in the right direction,Neither good nor bad,Approve,Somewhat,Decreased somewhat,Fairly well,Fairly well,Every day,Every day,Every day,Every day,Every day,I voted in the election,United Democratic Alliance (UDA),Secondary School,Housewife
Rural,Turkana,47.0,Woman,Some primary schooling,Unemployed (Actively looking),Trader / hawker / vendor,Going in the wrong direction,Very bad,Undecided/No Response,Just a little,Increased a lot,Undecided/No Response,Undecided/No Response,Never,Never,Never,Never,Never,I voted in the election,Undecided/No Response,Primary School,Trader
Rural,Turkana,31.0,Man,Primary school completed,Unemployed (Actively looking),Never had a job,Going in the wrong direction,Fairly bad,Strongly disapprove,Not at all,Decreased somewhat,Fairly badly,Fairly badly,Every day,Every day,Never,Never,Never,I voted in the election,United Democratic Alliance (UDA),Primary School,Undecided/No Response
Rural,Turkana,23.0,Man,Some university,Unemployed (Not looking),"Unskilled manual worker (e.g., cleaner, laborer, domestic help, unskilled manufacturing worker)",Going in the right direction,Fairly good,Approve,A lot,Decreased somewhat,Fairly well,Very badly,A few times a month,Never,Never,Less than once a month,Never,I voted in the election,United Democratic Alliance (UDA),Bachelors Degree,Skilled/Unskilled Labor
Rural,Turkana,40.0,Man,No formal schooling,Unemployed (Actively looking),Never had a job,Going in the wrong direction,Fairly bad,Approve,Somewhat,Decreased a lot,Fairly well,Undecided/No Response,Every day,Never,Never,Never,Never,I voted in the election,United Democratic Alliance (UDA),Informal Schooling,Undecided/No Response
Rural,Turkana,32.0,Woman,Secondary school / high school completed,Unemployed (Actively looking),Housewife / homemaker,Going in the wrong direction,Fairly bad,Approve,Somewhat,Increased somewhat,Fairly badly,Very badly,A few times a week,Every day,Never,A few times a week,A few times a week,I voted in the election,Undecided/No Response,Secondary School,Housewife
Rural,Turkana,32.0,Man,Intermediate school or Some secondary school / high school,Unemployed (Actively looking),"Artisan or skilled manual worker (e.g., trades like electrician, mechanic, machinist or skilled manufacturing worker)",Going in the wrong direction,Very bad,Disapprove,Just a little,Increased a lot,Fairly badly,Fairly badly,Never,Never,Never,Never,Never,I voted in the election,Orange Democratic Movement (ODM),Secondary School,Skilled/Unskilled Labor
Rural,Turkana,23.0,Woman,Secondary school / high school completed,Employed (Full-time),"Unskilled manual worker (e.g., cleaner, laborer, domestic help, unskilled manufacturing worker)",Going in the wrong direction,Fairly bad,Strongly disapprove,Somewhat,Increased a lot,Fairly badly,Fairly badly,A few times a week,Never,Never,Never,Never,I voted in the election,United Democratic Alliance (UDA),Secondary School,Skilled/Unskilled Labor
Urban,Mandera,38.0,Woman,Informal schooling only (including Koranic schooling),Unemployed (Not looking),Housewife / homemaker,Going in the right direction,Fairly bad,Approve,Just a little,Stayed the same,Very badly,Very badly,Every day,Never,Never,Never,Never,I voted in the election,United Democratic Alliance (UDA),Informal Schooling,Housewife
Urban,Mandera,28.0,Man,University completed,Employed (Full-time),"Mid-level professional (e.g., teacher, nurse, mid-level government officer)",Going in the right direction,Fairly bad,Strongly approve,A lot,Increased a lot,Fairly well,Fairly well,A few times a week,A few times a week,A few times a month,Every day,Every day,I voted in the election,United Democratic Alliance (UDA),Bachelors Degree,Professional
Rural,West Pokot,26.0,Woman,Primary school completed,Employed (Full-time),Trader / hawker / vendor,Going in the right direction,Neither good nor bad,Approve,Just a little,Increased a lot,Fairly well,Fairly badly,Every day,Never,Never,Never,Never,I voted in the election,Undecided/No Response,Primary School,Trader
Rural,West Pokot,36.0,Man,Secondary school / high school completed,Unemployed (Actively looking),Agriculture / farming / fishing / forestry,Going in the wrong direction,Fairly good,Approve,Somewhat,Decreased somewhat,Fairly well,Fairly well,Every day,Every day,A few times a month,A few times a month,A few times a month,I voted in the election,United Democratic Alliance (UDA),Secondary School,Agriculture
Rural,West Pokot,54.0,Man,Some primary schooling,Employed (Full-time),Agriculture / farming / fishing / forestry,Going in the wrong direction,Very bad,Strongly disapprove,Somewhat,Increased a lot,Fairly badly,Fairly badly,Every day,Less than once a month,Never,Never,Never,I voted in the election,United Democratic Alliance (UDA),Primary School,Agriculture
Urban,Mandera,28.0,Woman,Primary school completed,Unemployed (Actively looking),Housewife / homemaker,Going in the right direction,Fairly good,Approve,Just a little,Stayed the same,Fairly badly,Fairly badly,Every day,Never,Never,Every day,Every day,I voted in the election,United Democratic Alliance (UDA),Primary School,Housewife
Rural,West Pokot,24.0,Man,University completed,Unemployed (Actively looking),Student,Going in the wrong direction,Fairly bad,Disapprove,Just a little,Increased a lot,Fairly badly,Very badly,A few times a week,Less than once a month,Never,Every day,Every day,I voted in the election,United Democratic Alliance (UDA),Bachelors Degree,Student
Urban,Mandera,18.0,Man,Intermediate school or Some secondary school / high school,Unemployed (Not looking),Student,Going in the right direction,Fairly good,Approve,Somewhat,Stayed the same,Fairly well,Very badly,Never,A few times a week,A few times a week,A few times a week,A few times a week,I did not vote,Would not vote,Secondary School,Student
Urban,Mandera,24.0,Woman,Secondary school / high school completed,Employed (Full-time),Retail / Shop,Going in the wrong direction,Fairly good,Approve,Somewhat,Increased a lot,Fairly well,Fairly well,Every day,Every day,A few times a month,Every day,Every day,I did not vote,Jubilee Alliance Party (JAP),Secondary School,Trader
Rural,West Pokot,29.0,Woman,Secondary school / high school completed,Unemployed (Not looking),Housewife / homemaker,Going in the wrong direction,Very bad,Disapprove,Somewhat,Increased a lot,Fairly badly,Fairly badly,Every day,Every day,Never,A few times a month,Never,I voted in the election,Would not vote,Secondary School,Housewife
Rural,West Pokot,42.0,Man,Primary school completed,Employed (Full-time),Trader / hawker / vendor,Going in the right direction,Very bad,Approve,Somewhat,Increased a lot,Fairly badly,Fairly badly,Every day,Never,Never,A few times a week,Undecided/No Response,I voted in the election,United Democratic Alliance (UDA),Primary School,Trader
Urban,Mandera,21.0,Man,"Post-secondary qualifications, other than university e.g. a diploma or degree from a polytechnic or college",Unemployed (Actively looking),Student,Going in the wrong direction,Fairly good,Approve,Just a little,Increased a lot,Very badly,Very badly,Never,A few times a month,Never,A few times a week,A few times a week,I did not vote,United Democratic Alliance (UDA),Certificate/Diploma,Student
Urban,Mandera,40.0,Man,"Post-secondary qualifications, other than university e.g. a diploma or degree from a polytechnic or college",Unemployed (Actively looking),"Unskilled manual worker (e.g., cleaner, laborer, domestic help, unskilled manufacturing worker)",Going in the wrong direction,Fairly bad,Approve,Not at all,Increased a lot,Fairly badly,Fairly well,Every day,Every day,Never,Never,Never,I can’t remember whether I voted,United Democratic Alliance (UDA),Certificate/Diploma,Skilled/Unskilled Labor
Urban,Mandera,18.0,Woman,Intermediate school or Some secondary school / high school,Unemployed (Not looking),Student,Going in the wrong direction,Fairly bad,Disapprove,Somewhat,Increased a lot,Fairly badly,Fairly badly,A few times a week,Every day,A few times a month,Every day,A few times a week,I did not vote,Jubilee Alliance Party (JAP),Secondary School,Student
Rural,West Pokot,30.0,Woman,Primary school completed,Unemployed (Not looking),Trader / hawker / vendor,Going in the wrong direction,Very bad,Approve,Just a little,Increased a lot,Very badly,Fairly badly,A few times a week,Never,Never,Never,Never,I voted in the election,United Democratic Alliance (UDA),Primary School,Trader
Rural,West Pokot,28.0,Woman,Intermediate school or Some secondary school / high school,Unemployed (Not looking),Agriculture / farming / fishing / forestry,Going in the wrong direction,Fairly bad,Approve,Somewhat,Undecided/No Response,Very badly,Fairly well,A few times a week,A few times a week,Never,Never,Never,I did not vote,United Democratic Alliance (UDA),Secondary School,Agriculture
Rural,Mandera,44.0,Woman,Informal schooling only (including Koranic schooling),Employed (Part-time),Agriculture / farming / fishing / forestry,Going in the right direction,Fairly bad,Approve,Just a little,Stayed the same,Very badly,Very badly,A few times a week,Never,Never,Never,Never,I voted in the election,United Democratic Alliance (UDA),Informal Schooling,Agriculture
Rural,Mandera,25.0,Man,Informal schooling only (including Koranic schooling),Unemployed (Actively looking),"Unskilled manual worker (e.g., cleaner, laborer, domestic help, unskilled manufacturing worker)",Going in the wrong direction,Fairly bad,Approve,Somewhat,Increased a lot,Fairly badly,Fairly well,A few times a week,Never,Never,Never,Never,I voted in the election,Would not vote,Informal Schooling,Skilled/Unskilled Labor
Rural,Mandera,60.0,Man,Informal schooling only (including Koranic schooling),Unemployed (Not looking),Agriculture / farming / fishing / forestry,Going in the right direction,Very bad,Approve,A lot,Increased a lot,Fairly badly,Fairly well,A few times a week,Never,Never,Never,Never,I did not vote,Undecided/No Response,Informal Schooling,Agriculture
Rural,Mandera,23.0,Woman,Some primary schooling,Unemployed (Actively looking),Trader / hawker / vendor,Going in the wrong direction,Fairly bad,Disapprove,Not at all,Increased a lot,Fairly badly,Fairly badly,A few times a week,Never,Never,Every day,Every day,I voted in the election,United Democratic Alliance (UDA),Primary School,Trader
Rural,Mandera,18.0,Woman,Intermediate school or Some secondary school / high school,Unemployed (Not looking),Student,Going in the right direction,Fairly bad,Approve,Somewhat,Decreased somewhat,Fairly badly,Fairly well,Every day,Never,Never,Never,Never,I did not vote,Undecided/No Response,Secondary School,Student
Rural,Mandera,25.0,Woman,Some primary schooling,Unemployed (Not looking),Housewife / homemaker,Going in the right direction,Fairly bad,Strongly disapprove,A lot,Decreased a lot,Fairly badly,Fairly well,Never,Never,Never,Never,Never,I voted in the election,United Democratic Alliance (UDA),Primary School,Housewife
Rural,Mandera,45.0,Man,Primary school completed,Employed (Part-time),Agriculture / farming / fishing / forestry,Going in the right direction,Fairly bad,Approve,Just a little,Increased a lot,Very badly,Very badly,A few times a week,Never,Never,Never,Never,I voted in the election,Orange Democratic Movement (ODM),Primary School,Agriculture
Rural,Mandera,26.0,Man,Some primary schooling,Employed (Full-time),"Unskilled manual worker (e.g., cleaner, laborer, domestic help, unskilled manufacturing worker)",Going in the right direction,Fairly good,Approve,Somewhat,Increased a lot,Fairly badly,Fairly well,Never,Never,Never,Every day,Every day,I voted in the election,United Democratic Alliance (UDA),Primary School,Skilled/Unskilled Labor
Rural,Mandera,19.0,Woman,Secondary school / high school completed,Unemployed (Not looking),Student,Going in the right direction,Fairly bad,Strongly approve,Somewhat,Stayed the same,Fairly badly,Very badly,A few times a month,Less than once a month,Never,A few times a week,A few times a week,I was too young to vote,Would not vote,Secondary School,Student
Rural,Mandera,70.0,Man,Some primary schooling,Unemployed (Not looking),Trader / hawker / vendor,Going in the right direction,Neither good nor bad,Approve,Somewhat,Increased a lot,Fairly well,Fairly badly,Every day,Never,A few times a month,Never,Never,I voted in the election,Jubilee Alliance Party (JAP),Primary School,Trader
Rural,Mandera,30.0,Woman,Some primary schooling,Employed (Part-time),Retail / Shop,Going in the right direction,Fairly good,Approve,A lot,Increased a lot,Fairly badly,Very badly,Every day,Never,Never,Every day,Every day,I voted in the election,Jubilee Alliance Party (JAP),Primary School,Trader
Rural,Mandera,44.0,Man,University completed,Employed (Full-time),"Mid-level professional (e.g., teacher, nurse, mid-level government officer)",Going in the right direction,Fairly bad,Strongly approve,A lot,Increased a lot,Fairly well,Fairly well,A few times a week,Never,A few times a week,Never,Never,I voted in the election,United Democratic Alliance (UDA),Bachelors Degree,Professional
Urban,Kakamega,18.0,Man,Intermediate school or Some secondary school / high school,Unemployed (Not looking),Student,Going in the wrong direction,Fairly good,Approve,Just a little,Increased a lot,Fairly badly,Fairly badly,Every day,Less than once a month,Every day,A few times a month,Less than once a month,I was too young to vote,United Democratic Alliance (UDA),Secondary School,Student
Rural,Mandera,40.0,Man,"Post-secondary qualifications, other than university e.g. a diploma or degree from a polytechnic or college",Employed (Full-time),"Mid-level professional (e.g., teacher, nurse, mid-level government officer)",Going in the right direction,Fairly bad,Disapprove,Just a little,Increased somewhat,Fairly well,Very badly,Every day,Never,Never,A few times a week,A few times a month,I voted in the election,United Democratic Alliance (UDA),Certificate/Diploma,Professional
Rural,Mandera,25.0,Man,"Post-secondary qualifications, other than university e.g. a diploma or degree from a polytechnic or college",Employed (Part-time),"Artisan or skilled manual worker (e.g., trades like electrician, mechanic, machinist or skilled manufacturing worker)",Going in the right direction,Fairly bad,Approve,Just a little,Stayed the same,Fairly badly,Very badly,A few times a week,Less than once a month,Less than once a month,A few times a week,A few times a week,I voted in the election,United Democratic Alliance (UDA),Certificate/Diploma,Skilled/Unskilled Labor
Rural,Mandera,19.0,Woman,Primary school completed,Employed (Part-time),Trader / hawker / vendor,Going in the right direction,Fairly good,Disapprove,Just a little,Increased somewhat,Fairly well,Fairly badly,Every day,Never,Never,Every day,A few times a week,I did not vote,Would not vote,Primary School,Trader
Rural,Mandera,21.0,Woman,Intermediate school or Some secondary school / high school,Unemployed (Not looking),Student,Going in the right direction,Fairly good,Approve,Somewhat,Increased a lot,Fairly well,Very well,A few times a month,A few times a week,Never,A few times a week,Less than once a month,I did not vote,United Democratic Alliance (UDA),Secondary School,Student
Urban,Kakamega,56.0,Woman,Secondary school / high school completed,Unemployed (Not looking),"Mid-level professional (e.g., teacher, nurse, mid-level government officer)",Going in the wrong direction,Very bad,Strongly disapprove,Just a little,Increased a lot,Fairly badly,Fairly badly,A few times a month,Less than once a month,Never,Every day,Every day,I voted in the election,Undecided/No Response,Secondary School,Professional
Rural,Mandera,41.0,Woman,Informal schooling only (including Koranic schooling),Employed (Part-time),Agriculture / farming / fishing / forestry,Going in the right direction,Fairly good,Approve,Just a little,Stayed the same,Very badly,Very badly,Every day,Never,Never,Never,Never,I voted in the election,Orange Democratic Movement (ODM),Informal Schooling,Agriculture
Rural,Mandera,19.0,Man,"Post-secondary qualifications, other than university e.g. a diploma or degree from a polytechnic or college",Unemployed (Not looking),Student,Going in the wrong direction,Very bad,Approve,Not at all,Increased a lot,Fairly badly,Very badly,Never,A few times a week,Never,Every day,A few times a week,I voted in the election,United Democratic Alliance (UDA),Certificate/Diploma,Student
Rural,Mandera,21.0,Woman,Secondary school / high school completed,Unemployed (Actively looking),Never had a job,Going in the wrong direction,Fairly good,Disapprove,Somewhat,Increased a lot,Fairly badly,Fairly badly,Never,A few times a month,Never,Every day,Every day,I voted in the election,United Democratic Alliance (UDA),Secondary School,Undecided/No Response
Rural,Mandera,60.0,Man,Some primary schooling,Unemployed (Not looking),Agriculture / farming / fishing / forestry,Going in the right direction,Fairly bad,Undecided/No Response,Somewhat,Undecided/No Response,Fairly well,Fairly well,A few times a week,Never,Never,Never,Never,I voted in the election,Undecided/No Response,Primary School,Agriculture
Rural,Mandera,58.0,Man,University completed,Employed (Full-time),"Security services (police, army, private security)",Going in the right direction,Fairly good,Strongly approve,A lot,Decreased somewhat,Fairly well,Fairly badly,A few times a week,A few times a week,Less than once a month,A few times a week,A few times a week,I voted in the election,United Democratic Alliance (UDA),Bachelors Degree,Security Services
Rural,Mandera,43.0,Man,Primary school completed,Unemployed (Actively looking),Never had a job,Going in the wrong direction,Fairly bad,Disapprove,Somewhat,Decreased a lot,Fairly badly,Fairly badly,A few times a week,Never,Never,Never,Never,I voted in the election,Orange Democratic Movement (ODM),Primary School,Undecided/No Response
Rural,Mandera,30.0,Woman,Informal schooling only (including Koranic schooling),Unemployed (Not looking),Housewife / homemaker,Going in the right direction,Very bad,Approve,A lot,Decreased somewhat,Fairly well,Fairly badly,A few times a week,Never,Never,Never,Never,I voted in the election,United Democratic Alliance (UDA),Informal Schooling,Housewife
Rural,Mandera,21.0,Woman,Secondary school / high school completed,Employed (Part-time),Trader / hawker / vendor,Going in the wrong direction,Fairly bad,Disapprove,Somewhat,Increased a lot,Very badly,Very badly,Every day,A few times a week,Never,Every day,Every day,I voted in the election,Jubilee Alliance Party (JAP),Secondary School,Trader
Urban,Mandera,18.0,Man,Intermediate school or Some secondary school / high school,Unemployed (Not looking),Student,Going in the right direction,Fairly good,Strongly disapprove,Not at all,Increased a lot,Very badly,Very badly,A few times a week,Never,A few times a month,Every day,Every day,I did not vote,Jubilee Alliance Party (JAP),Secondary School,Student
Urban,Mandera,19.0,Woman,Secondary school / high school completed,Unemployed (Actively looking),Never had a job,Going in the wrong direction,Very good,Approve,A lot,Stayed the same,Fairly well,Very badly,Every day,Less than once a month,A few times a week,Every day,Every day,I was too young to vote,United Democratic Alliance (UDA),Secondary School,Undecided/No Response
Urban,Mandera,46.0,Man,Informal schooling only (including Koranic schooling),Employed (Full-time),Trader / hawker / vendor,Going in the right direction,Very bad,Strongly disapprove,Not at all,Increased a lot,Very badly,Very badly,Every day,Less than once a month,Never,Never,Never,I voted in the election,Orange Democratic Movement (ODM),Informal Schooling,Trader
Urban,Mandera,18.0,Woman,Intermediate school or Some secondary school / high school,Unemployed (Actively looking),Student,Going in the wrong direction,Fairly bad,Disapprove,Not at all,Stayed the same,Fairly badly,Fairly badly,A few times a month,Never,A few times a week,Every day,Every day,I did not vote,Orange Democratic Movement (ODM),Secondary School,Student
Urban,Mandera,19.0,Woman,Intermediate school or Some secondary school / high school,Unemployed (Not looking),Student,Going in the wrong direction,Fairly bad,Disapprove,Somewhat,Increased a lot,Very badly,Fairly badly,Never,Never,A few times a month,Every day,Every day,I did not vote,Would not vote,Secondary School,Student
Urban,Mandera,38.0,Woman,Informal schooling only (including Koranic schooling),Unemployed (Not looking),Housewife / homemaker,Going in the right direction,Fairly good,Approve,A lot,Decreased somewhat,Fairly well,Fairly well,A few times a week,Never,Never,Never,Never,I voted in the election,Jubilee Alliance Party (JAP),Informal Schooling,Housewife
Urban,Mandera,30.0,Man,Informal schooling only (including Koranic schooling),Unemployed (Actively looking),"Unskilled manual worker (e.g., cleaner, laborer, domestic help, unskilled manufacturing worker)",Going in the wrong direction,Fairly bad,Disapprove,Not at all,Stayed the same,Fairly badly,Fairly badly,A few times a week,Never,Never,Never,Never,I voted in the election,Orange Democratic Movement (ODM),Informal Schooling,Skilled/Unskilled Labor
Urban,Mandera,20.0,Man,Secondary school / high school completed,Unemployed (Actively looking),Never had a job,Going in the right direction,Very good,Approve,A lot,Increased a lot,Very badly,Very badly,A few times a week,Never,Never,Every day,Never,I did not vote,United Democratic Alliance (UDA),Secondary School,Undecided/No Response
Rural,Kajiado,26.0,Woman,Intermediate school or Some secondary school / high school,Unemployed (Actively looking),Housewife / homemaker,Going in the wrong direction,Very bad,Disapprove,Just a little,Increased a lot,Very badly,Fairly badly,Every day,Less than once a month,Never,Never,Never,I voted in the election,Orange Democratic Movement (ODM),Secondary School,Housewife
Rural,Kajiado,29.0,Man,"Post-secondary qualifications, other than university e.g. a diploma or degree from a polytechnic or college",Employed (Full-time),"Mid-level professional (e.g., teacher, nurse, mid-level government officer)",Going in the wrong direction,Very bad,Strongly disapprove,Just a little,Increased a lot,Very badly,Very badly,Every day,Every day,A few times a week,Every day,Every day,I voted in the election,United Democratic Alliance (UDA),Certificate/Diploma,Professional
Rural,Kajiado,23.0,Woman,"Post-secondary qualifications, other than university e.g. a diploma or degree from a polytechnic or college",Employed (Part-time),Trader / hawker / vendor,Going in the wrong direction,Fairly bad,Disapprove,Just a little,Increased a lot,Very badly,Very badly,Every day,Every day,A few times a week,Every day,Every day,I did not vote,Orange Democratic Movement (ODM),Certificate/Diploma,Trader
